DataType,ArraySize,Algorithm,TrialNumber,TimeMS
RANDOM,100,InsertionSort,1,0.127981
RANDOM,100,InsertionSort,2,0.077832
RANDOM,100,InsertionSort,3,0.079837
RANDOM,100,InsertionSort,4,0.078233
RANDOM,100,InsertionSort,5,0.080740
RANDOM,100,LastQuickSort,1,0.156566
RANDOM,100,LastQuickSort,2,0.142926
RANDOM,100,LastQuickSort,3,0.053059
RANDOM,100,LastQuickSort,4,0.299291
RANDOM,100,LastQuickSort,5,0.037412
RANDOM,200,InsertionSort,1,0.285350
RANDOM,200,InsertionSort,2,0.290064
RANDOM,200,InsertionSort,3,0.290866
RANDOM,200,InsertionSort,4,0.290866
RANDOM,200,InsertionSort,5,0.310324
RANDOM,200,LastQuickSort,1,0.045235
RANDOM,200,LastQuickSort,2,0.014945
RANDOM,200,LastQuickSort,3,0.012036
RANDOM,200,LastQuickSort,4,0.012738
RANDOM,200,LastQuickSort,5,0.017351
RANDOM,300,InsertionSort,1,0.211229
RANDOM,300,InsertionSort,2,0.081944
RANDOM,300,InsertionSort,3,0.075425
RANDOM,300,InsertionSort,4,0.073920
RANDOM,300,InsertionSort,5,0.077732
RANDOM,300,LastQuickSort,1,0.038314
RANDOM,300,LastQuickSort,2,0.168101
RANDOM,300,LastQuickSort,3,0.113037
RANDOM,300,LastQuickSort,4,0.020761
RANDOM,300,LastQuickSort,5,0.019860
RANDOM,400,InsertionSort,1,0.188461
RANDOM,400,InsertionSort,2,0.111733
RANDOM,400,InsertionSort,3,0.099095
RANDOM,400,InsertionSort,4,0.097090
RANDOM,400,InsertionSort,5,0.179636
RANDOM,400,LastQuickSort,1,0.044031
RANDOM,400,LastQuickSort,2,0.033199
RANDOM,400,LastQuickSort,3,0.034202
RANDOM,400,LastQuickSort,4,0.029588
RANDOM,400,LastQuickSort,5,0.037010
RANDOM,500,InsertionSort,1,0.157268
RANDOM,500,InsertionSort,2,0.128382
RANDOM,500,InsertionSort,3,0.122465
RANDOM,500,InsertionSort,4,0.141923
RANDOM,500,InsertionSort,5,0.129586
RANDOM,500,LastQuickSort,1,0.069708
RANDOM,500,LastQuickSort,2,0.029387
RANDOM,500,LastQuickSort,3,0.027181
RANDOM,500,LastQuickSort,4,0.026579
RANDOM,500,LastQuickSort,5,0.061383
RANDOM,600,InsertionSort,1,0.430583
RANDOM,600,InsertionSort,2,0.198893
RANDOM,600,InsertionSort,3,0.211129
RANDOM,600,InsertionSort,4,0.225572
RANDOM,600,InsertionSort,5,0.209825
RANDOM,600,LastQuickSort,1,0.061885
RANDOM,600,LastQuickSort,2,0.079336
RANDOM,600,LastQuickSort,3,0.033700
RANDOM,600,LastQuickSort,4,0.031895
RANDOM,600,LastQuickSort,5,0.031394
RANDOM,700,InsertionSort,1,0.229082
RANDOM,700,InsertionSort,2,0.202704
RANDOM,700,InsertionSort,3,0.206716
RANDOM,700,InsertionSort,4,0.190467
RANDOM,700,InsertionSort,5,0.225672
RANDOM,700,LastQuickSort,1,0.093779
RANDOM,700,LastQuickSort,2,0.076127
RANDOM,700,LastQuickSort,3,0.055867
RANDOM,700,LastQuickSort,4,0.043830
RANDOM,700,LastQuickSort,5,0.037412
RANDOM,800,InsertionSort,1,0.366291
RANDOM,800,InsertionSort,2,0.361879
RANDOM,800,InsertionSort,3,0.416642
RANDOM,800,InsertionSort,4,0.395478
RANDOM,800,InsertionSort,5,0.360273
RANDOM,800,LastQuickSort,1,0.111231
RANDOM,800,LastQuickSort,2,0.077731
RANDOM,800,LastQuickSort,3,0.056368
RANDOM,800,LastQuickSort,4,0.102605
RANDOM,800,LastQuickSort,5,0.071011
RANDOM,900,InsertionSort,1,0.178131
RANDOM,900,InsertionSort,2,0.210126
RANDOM,900,InsertionSort,3,0.170809
RANDOM,900,InsertionSort,4,0.203707
RANDOM,900,InsertionSort,5,0.170106
RANDOM,900,LastQuickSort,1,0.098293
RANDOM,900,LastQuickSort,2,0.076929
RANDOM,900,LastQuickSort,3,0.058274
RANDOM,900,LastQuickSort,4,0.047141
RANDOM,900,LastQuickSort,5,0.044031
RANDOM,1000,InsertionSort,1,0.213837
RANDOM,1000,InsertionSort,2,0.210026
RANDOM,1000,InsertionSort,3,0.207317
RANDOM,1000,InsertionSort,4,0.206616
RANDOM,1000,InsertionSort,5,0.205613
RANDOM,1000,LastQuickSort,1,0.110128
RANDOM,1000,LastQuickSort,2,0.076428
RANDOM,1000,LastQuickSort,3,0.063991
RANDOM,1000,LastQuickSort,4,0.054061
RANDOM,1000,LastQuickSort,5,0.041825
RANDOM,1100,InsertionSort,1,0.150448
RANDOM,1100,InsertionSort,2,0.146837
RANDOM,1100,InsertionSort,3,0.145333
RANDOM,1100,InsertionSort,4,0.144932
RANDOM,1100,InsertionSort,5,0.197689
RANDOM,1100,LastQuickSort,1,0.106718
RANDOM,1100,LastQuickSort,2,0.068604
RANDOM,1100,LastQuickSort,3,0.052557
RANDOM,1100,LastQuickSort,4,0.044432
RANDOM,1100,LastQuickSort,5,0.037813
RANDOM,1200,InsertionSort,1,0.175924
RANDOM,1200,InsertionSort,2,0.278529
RANDOM,1200,InsertionSort,3,0.174621
RANDOM,1200,InsertionSort,4,0.172615
RANDOM,1200,InsertionSort,5,0.172313
RANDOM,1200,LastQuickSort,1,0.086759
RANDOM,1200,LastQuickSort,2,0.076528
RANDOM,1200,LastQuickSort,3,0.065796
RANDOM,1200,LastQuickSort,4,0.053560
RANDOM,1200,LastQuickSort,5,0.144230
RANDOM,1300,InsertionSort,1,0.307617
RANDOM,1300,InsertionSort,2,0.300294
RANDOM,1300,InsertionSort,3,0.202704
RANDOM,1300,InsertionSort,4,0.200698
RANDOM,1300,InsertionSort,5,0.199193
RANDOM,1300,LastQuickSort,1,0.084151
RANDOM,1300,LastQuickSort,2,0.076729
RANDOM,1300,LastQuickSort,3,0.071714
RANDOM,1300,LastQuickSort,4,0.069909
RANDOM,1300,LastQuickSort,5,0.066498
RANDOM,1400,InsertionSort,1,0.518244
RANDOM,1400,InsertionSort,2,0.237909
RANDOM,1400,InsertionSort,3,0.235401
RANDOM,1400,InsertionSort,4,0.311027
RANDOM,1400,InsertionSort,5,0.287958
RANDOM,1400,LastQuickSort,1,0.107721
RANDOM,1400,LastQuickSort,2,0.126076
RANDOM,1400,LastQuickSort,3,0.086056
RANDOM,1400,LastQuickSort,4,0.083047
RANDOM,1400,LastQuickSort,5,0.081543
RANDOM,1500,InsertionSort,1,0.273214
RANDOM,1500,InsertionSort,2,0.302502
RANDOM,1500,InsertionSort,3,0.268299
RANDOM,1500,InsertionSort,4,0.268500
RANDOM,1500,InsertionSort,5,0.268199
RANDOM,1500,LastQuickSort,1,0.143527
RANDOM,1500,LastQuickSort,2,0.092676
RANDOM,1500,LastQuickSort,3,0.097190
RANDOM,1500,LastQuickSort,4,0.087361
RANDOM,1500,LastQuickSort,5,0.085856
RANDOM,1600,InsertionSort,1,0.338810
RANDOM,1600,InsertionSort,2,0.327175
RANDOM,1600,InsertionSort,3,0.320354
RANDOM,1600,InsertionSort,4,0.300295
RANDOM,1600,InsertionSort,5,0.641712
RANDOM,1600,LastQuickSort,1,0.129285
RANDOM,1600,LastQuickSort,2,0.122465
RANDOM,1600,LastQuickSort,3,0.117349
RANDOM,1600,LastQuickSort,4,0.166195
RANDOM,1600,LastQuickSort,5,0.112836
RANDOM,1700,InsertionSort,1,0.539507
RANDOM,1700,InsertionSort,2,0.669394
RANDOM,1700,InsertionSort,3,0.597480
RANDOM,1700,InsertionSort,4,0.743916
RANDOM,1700,InsertionSort,5,0.528374
RANDOM,1700,LastQuickSort,1,0.138713
RANDOM,1700,LastQuickSort,2,0.131793
RANDOM,1700,LastQuickSort,3,0.200097
RANDOM,1700,LastQuickSort,4,0.124973
RANDOM,1700,LastQuickSort,5,0.124270
RANDOM,1800,InsertionSort,1,0.576718
RANDOM,1800,InsertionSort,2,0.745521
RANDOM,1800,InsertionSort,3,0.572807
RANDOM,1800,InsertionSort,4,0.611622
RANDOM,1800,InsertionSort,5,0.578824
RANDOM,1800,LastQuickSort,1,0.136908
RANDOM,1800,LastQuickSort,2,0.124872
RANDOM,1800,LastQuickSort,3,0.127280
RANDOM,1800,LastQuickSort,4,0.126878
RANDOM,1800,LastQuickSort,5,0.118252
RANDOM,1900,InsertionSort,1,0.746925
RANDOM,1900,InsertionSort,2,0.664580
RANDOM,1900,InsertionSort,3,0.589356
RANDOM,1900,InsertionSort,4,0.646024
RANDOM,1900,InsertionSort,5,1.012717
RANDOM,1900,LastQuickSort,1,0.154661
RANDOM,1900,LastQuickSort,2,0.159374
RANDOM,1900,LastQuickSort,3,0.148843
RANDOM,1900,LastQuickSort,4,0.147038
RANDOM,1900,LastQuickSort,5,0.145934
RANDOM,2000,InsertionSort,1,0.767186
RANDOM,2000,InsertionSort,2,0.823052
RANDOM,2000,InsertionSort,3,0.785741
RANDOM,2000,InsertionSort,4,0.696977
RANDOM,2000,InsertionSort,5,0.752542
RANDOM,2000,LastQuickSort,1,0.162785
RANDOM,2000,LastQuickSort,2,0.153759
RANDOM,2000,LastQuickSort,3,0.150248
RANDOM,2000,LastQuickSort,4,0.151451
RANDOM,2000,LastQuickSort,5,0.150649
RANDOM,2100,InsertionSort,1,0.844115
RANDOM,2100,InsertionSort,2,0.881627
RANDOM,2100,InsertionSort,3,0.955647
RANDOM,2100,InsertionSort,4,0.775510
RANDOM,2100,InsertionSort,5,0.800685
RANDOM,2100,LastQuickSort,1,0.169003
RANDOM,2100,LastQuickSort,2,0.161180
RANDOM,2100,LastQuickSort,3,0.150348
RANDOM,2100,LastQuickSort,4,0.149345
RANDOM,2100,LastQuickSort,5,0.148141
RANDOM,2200,InsertionSort,1,0.870995
RANDOM,2200,InsertionSort,2,0.838799
RANDOM,2200,InsertionSort,3,0.793965
RANDOM,2200,InsertionSort,4,0.958957
RANDOM,2200,InsertionSort,5,0.811718
RANDOM,2200,LastQuickSort,1,0.169104
RANDOM,2200,LastQuickSort,2,0.161381
RANDOM,2200,LastQuickSort,3,0.215943
RANDOM,2200,LastQuickSort,4,0.156266
RANDOM,2200,LastQuickSort,5,0.184750
RANDOM,2300,InsertionSort,1,1.029166
RANDOM,2300,InsertionSort,2,1.106396
RANDOM,2300,InsertionSort,3,1.251428
RANDOM,2300,InsertionSort,4,1.030069
RANDOM,2300,InsertionSort,5,0.927463
RANDOM,2300,LastQuickSort,1,0.184550
RANDOM,2300,LastQuickSort,2,0.174520
RANDOM,2300,LastQuickSort,3,0.235803
RANDOM,2300,LastQuickSort,4,0.169104
RANDOM,2300,LastQuickSort,5,0.167198
RANDOM,2400,InsertionSort,1,1.022346
RANDOM,2400,InsertionSort,2,1.216123
RANDOM,2400,InsertionSort,3,1.055846
RANDOM,2400,InsertionSort,4,1.039497
RANDOM,2400,InsertionSort,5,1.131170
RANDOM,2400,LastQuickSort,1,0.190568
RANDOM,2400,LastQuickSort,2,0.180639
RANDOM,2400,LastQuickSort,3,0.182043
RANDOM,2400,LastQuickSort,4,0.183145
RANDOM,2400,LastQuickSort,5,0.180337
RANDOM,2500,InsertionSort,1,0.746624
RANDOM,2500,InsertionSort,2,0.719644
RANDOM,2500,InsertionSort,3,0.742612
RANDOM,2500,InsertionSort,4,0.713626
RANDOM,2500,InsertionSort,5,0.753144
RANDOM,2500,LastQuickSort,1,0.174420
RANDOM,2500,LastQuickSort,2,0.161481
RANDOM,2500,LastQuickSort,3,0.152354
RANDOM,2500,LastQuickSort,4,0.161782
RANDOM,2500,LastQuickSort,5,0.147740
RANDOM,2600,InsertionSort,1,0.786343
RANDOM,2600,InsertionSort,2,0.794768
RANDOM,2600,InsertionSort,3,0.829672
RANDOM,2600,InsertionSort,4,0.778921
RANDOM,2600,InsertionSort,5,0.803895
RANDOM,2600,LastQuickSort,1,0.170708
RANDOM,2600,LastQuickSort,2,0.163386
RANDOM,2600,LastQuickSort,3,0.158974
RANDOM,2600,LastQuickSort,4,0.180438
RANDOM,2600,LastQuickSort,5,0.155764
RANDOM,2700,InsertionSort,1,0.890653
RANDOM,2700,InsertionSort,2,0.822751
RANDOM,2700,InsertionSort,3,0.928265
RANDOM,2700,InsertionSort,4,0.821848
RANDOM,2700,InsertionSort,5,0.931375
RANDOM,2700,LastQuickSort,1,0.184549
RANDOM,2700,LastQuickSort,2,0.176025
RANDOM,2700,LastQuickSort,3,0.168803
RANDOM,2700,LastQuickSort,4,0.165694
RANDOM,2700,LastQuickSort,5,0.163688
RANDOM,2800,InsertionSort,1,0.930673
RANDOM,2800,InsertionSort,2,0.909108
RANDOM,2800,InsertionSort,3,0.887243
RANDOM,2800,InsertionSort,4,0.931274
RANDOM,2800,InsertionSort,5,0.966580
RANDOM,2800,LastQuickSort,1,0.209925
RANDOM,2800,LastQuickSort,2,0.176727
RANDOM,2800,LastQuickSort,3,0.171009
RANDOM,2800,LastQuickSort,4,0.168001
RANDOM,2800,LastQuickSort,5,0.193276
RANDOM,2900,InsertionSort,1,1.021644
RANDOM,2900,InsertionSort,2,0.954745
RANDOM,2900,InsertionSort,3,0.999778
RANDOM,2900,InsertionSort,4,0.954845
RANDOM,2900,InsertionSort,5,0.971093
RANDOM,2900,LastQuickSort,1,0.201200
RANDOM,2900,LastQuickSort,2,0.184450
RANDOM,2900,LastQuickSort,3,0.205913
RANDOM,2900,LastQuickSort,4,0.178031
RANDOM,2900,LastQuickSort,5,0.192273
RANDOM,3000,InsertionSort,1,1.091351
RANDOM,3000,InsertionSort,2,1.003992
RANDOM,3000,InsertionSort,3,1.004192
RANDOM,3000,InsertionSort,4,1.032576
RANDOM,3000,InsertionSort,5,1.109807
RANDOM,3000,LastQuickSort,1,0.206816
RANDOM,3000,LastQuickSort,2,0.198491
RANDOM,3000,LastQuickSort,3,0.192574
RANDOM,3000,LastQuickSort,4,0.195984
RANDOM,3000,LastQuickSort,5,0.188763
RANDOM,3100,InsertionSort,1,1.287938
RANDOM,3100,InsertionSort,2,1.084330
RANDOM,3100,InsertionSort,3,1.060560
RANDOM,3100,InsertionSort,4,1.095764
RANDOM,3100,InsertionSort,5,1.059657
RANDOM,3100,LastQuickSort,1,0.211029
RANDOM,3100,LastQuickSort,2,0.202905
RANDOM,3100,LastQuickSort,3,0.197789
RANDOM,3100,LastQuickSort,4,0.192674
RANDOM,3100,LastQuickSort,5,0.193076
RANDOM,3200,InsertionSort,1,1.191651
RANDOM,3200,InsertionSort,2,1.140698
RANDOM,3200,InsertionSort,3,1.140698
RANDOM,3200,InsertionSort,4,1.203085
RANDOM,3200,InsertionSort,5,1.158050
RANDOM,3200,LastQuickSort,1,0.218752
RANDOM,3200,LastQuickSort,2,0.209825
RANDOM,3200,LastQuickSort,3,0.203607
RANDOM,3200,LastQuickSort,4,0.200598
RANDOM,3200,LastQuickSort,5,0.200197
RANDOM,3300,InsertionSort,1,1.258048
RANDOM,3300,InsertionSort,2,1.247617
RANDOM,3300,InsertionSort,3,1.269382
RANDOM,3300,InsertionSort,4,1.258851
RANDOM,3300,InsertionSort,5,1.274196
RANDOM,3300,LastQuickSort,1,0.231290
RANDOM,3300,LastQuickSort,2,0.219153
RANDOM,3300,LastQuickSort,3,0.226173
RANDOM,3300,LastQuickSort,4,0.206917
RANDOM,3300,LastQuickSort,5,0.206415
RANDOM,3400,InsertionSort,1,1.298568
RANDOM,3400,InsertionSort,2,1.377203
RANDOM,3400,InsertionSort,3,1.307094
RANDOM,3400,InsertionSort,4,1.383121
RANDOM,3400,InsertionSort,5,1.292451
RANDOM,3400,LastQuickSort,1,0.233496
RANDOM,3400,LastQuickSort,2,0.220758
RANDOM,3400,LastQuickSort,3,0.214740
RANDOM,3400,LastQuickSort,4,0.212333
RANDOM,3400,LastQuickSort,5,0.214941
RANDOM,3500,InsertionSort,1,1.424344
RANDOM,3500,InsertionSort,2,1.376501
RANDOM,3500,InsertionSort,3,1.486629
RANDOM,3500,InsertionSort,4,1.429759
RANDOM,3500,InsertionSort,5,1.374696
RANDOM,3500,LastQuickSort,1,0.235803
RANDOM,3500,LastQuickSort,2,0.304206
RANDOM,3500,LastQuickSort,3,0.220858
RANDOM,3500,LastQuickSort,4,0.217648
RANDOM,3500,LastQuickSort,5,0.217447
RANDOM,3600,InsertionSort,1,1.539386
RANDOM,3600,InsertionSort,2,1.594149
RANDOM,3600,InsertionSort,3,1.457542
RANDOM,3600,InsertionSort,4,1.495456
RANDOM,3600,InsertionSort,5,1.433973
RANDOM,3600,LastQuickSort,1,0.239012
RANDOM,3600,LastQuickSort,2,0.231089
RANDOM,3600,LastQuickSort,3,0.226475
RANDOM,3600,LastQuickSort,4,0.224669
RANDOM,3600,LastQuickSort,5,0.223566
RANDOM,3700,InsertionSort,1,1.581011
RANDOM,3700,InsertionSort,2,1.514512
RANDOM,3700,InsertionSort,3,1.678702
RANDOM,3700,InsertionSort,4,1.579306
RANDOM,3700,InsertionSort,5,1.948304
RANDOM,3700,LastQuickSort,1,0.254458
RANDOM,3700,LastQuickSort,2,0.242422
RANDOM,3700,LastQuickSort,3,0.254759
RANDOM,3700,LastQuickSort,4,0.236706
RANDOM,3700,LastQuickSort,5,0.235501
RANDOM,3800,InsertionSort,1,1.808889
RANDOM,3800,InsertionSort,2,1.811096
RANDOM,3800,InsertionSort,3,1.682713
RANDOM,3800,InsertionSort,4,1.728149
RANDOM,3800,InsertionSort,5,1.706785
RANDOM,3800,LastQuickSort,1,0.266494
RANDOM,3800,LastQuickSort,2,0.255461
RANDOM,3800,LastQuickSort,3,0.250446
RANDOM,3800,LastQuickSort,4,0.247236
RANDOM,3800,LastQuickSort,5,0.279032
RANDOM,3900,InsertionSort,1,1.809992
RANDOM,3900,InsertionSort,2,1.819521
RANDOM,3900,InsertionSort,3,1.711299
RANDOM,3900,InsertionSort,4,1.738178
RANDOM,3900,InsertionSort,5,1.704779
RANDOM,3900,LastQuickSort,1,0.312731
RANDOM,3900,LastQuickSort,2,0.257667
RANDOM,3900,LastQuickSort,3,0.251850
RANDOM,3900,LastQuickSort,4,0.281940
RANDOM,3900,LastQuickSort,5,0.250146
RANDOM,4000,InsertionSort,1,1.882608
RANDOM,4000,InsertionSort,2,1.826742
RANDOM,4000,InsertionSort,3,1.865056
RANDOM,4000,InsertionSort,4,1.796251
RANDOM,4000,InsertionSort,5,2.041582
RANDOM,4000,LastQuickSort,1,0.303303
RANDOM,4000,LastQuickSort,2,0.264288
RANDOM,4000,LastQuickSort,3,0.260677
RANDOM,4000,LastQuickSort,4,0.258470
RANDOM,4000,LastQuickSort,5,0.256163
RANDOM,4100,InsertionSort,1,1.948606
RANDOM,4100,InsertionSort,2,1.989427
RANDOM,4100,InsertionSort,3,1.927041
RANDOM,4100,InsertionSort,4,1.910292
RANDOM,4100,InsertionSort,5,1.986519
RANDOM,4100,LastQuickSort,1,0.284347
RANDOM,4100,LastQuickSort,2,0.275621
RANDOM,4100,LastQuickSort,3,0.284949
RANDOM,4100,LastQuickSort,4,0.267898
RANDOM,4100,LastQuickSort,5,0.267597
RANDOM,4200,InsertionSort,1,2.685301
RANDOM,4200,InsertionSort,2,2.036366
RANDOM,4200,InsertionSort,3,1.979999
RANDOM,4200,InsertionSort,4,2.117609
RANDOM,4200,InsertionSort,5,1.978896
RANDOM,4200,LastQuickSort,1,0.313434
RANDOM,4200,LastQuickSort,2,0.280035
RANDOM,4200,LastQuickSort,3,0.295180
RANDOM,4200,LastQuickSort,4,0.307817
RANDOM,4200,LastQuickSort,5,0.274217
RANDOM,4300,InsertionSort,1,2.152614
RANDOM,4300,InsertionSort,2,2.189724
RANDOM,4300,InsertionSort,3,2.786802
RANDOM,4300,InsertionSort,4,2.621109
RANDOM,4300,InsertionSort,5,2.142483
RANDOM,4300,LastQuickSort,1,0.316945
RANDOM,4300,LastQuickSort,2,0.302300
RANDOM,4300,LastQuickSort,3,0.340114
RANDOM,4300,LastQuickSort,4,0.322962
RANDOM,4300,LastQuickSort,5,0.291669
RANDOM,4400,InsertionSort,1,2.490620
RANDOM,4400,InsertionSort,2,2.276181
RANDOM,4400,InsertionSort,3,2.270866
RANDOM,4400,InsertionSort,4,2.183205
RANDOM,4400,InsertionSort,5,2.253915
RANDOM,4400,LastQuickSort,1,0.309923
RANDOM,4400,LastQuickSort,2,0.295079
RANDOM,4400,LastQuickSort,3,0.288760
RANDOM,4400,LastQuickSort,4,0.287156
RANDOM,4400,LastQuickSort,5,0.348940
RANDOM,4500,InsertionSort,1,2.369459
RANDOM,4500,InsertionSort,2,2.480189
RANDOM,4500,InsertionSort,3,2.467150
RANDOM,4500,InsertionSort,4,2.407372
RANDOM,4500,InsertionSort,5,2.456418
RANDOM,4500,LastQuickSort,1,0.323363
RANDOM,4500,LastQuickSort,2,0.307315
RANDOM,4500,LastQuickSort,3,0.297887
RANDOM,4500,LastQuickSort,4,0.294879
RANDOM,4500,LastQuickSort,5,0.293775
RANDOM,4600,InsertionSort,1,2.417602
RANDOM,4600,InsertionSort,2,3.061621
RANDOM,4600,InsertionSort,3,2.724217
RANDOM,4600,InsertionSort,4,2.382899
RANDOM,4600,InsertionSort,5,2.481594
RANDOM,4600,LastQuickSort,1,0.333593
RANDOM,4600,LastQuickSort,2,0.314036
RANDOM,4600,LastQuickSort,3,0.306713
RANDOM,4600,LastQuickSort,4,0.372009
RANDOM,4600,LastQuickSort,5,0.304607
RANDOM,4700,InsertionSort,1,2.705761
RANDOM,4700,InsertionSort,2,2.881084
RANDOM,4700,InsertionSort,3,2.821205
RANDOM,4700,InsertionSort,4,2.743874
RANDOM,4700,InsertionSort,5,2.545685
RANDOM,4700,LastQuickSort,1,0.344627
RANDOM,4700,LastQuickSort,2,0.326172
RANDOM,4700,LastQuickSort,3,0.319251
RANDOM,4700,LastQuickSort,4,0.316242
RANDOM,4700,LastQuickSort,5,0.317446
RANDOM,4800,InsertionSort,1,2.738258
RANDOM,4800,InsertionSort,2,2.752701
RANDOM,4800,InsertionSort,3,2.572965
RANDOM,4800,InsertionSort,4,2.702250
RANDOM,4800,InsertionSort,5,2.836752
RANDOM,4800,LastQuickSort,1,0.365088
RANDOM,4800,LastQuickSort,2,0.352249
RANDOM,4800,LastQuickSort,3,0.324768
RANDOM,4800,LastQuickSort,4,0.320355
RANDOM,4800,LastQuickSort,5,0.351146
RANDOM,4900,InsertionSort,1,2.898737
RANDOM,4900,InsertionSort,2,2.809470
RANDOM,4900,InsertionSort,3,2.868245
RANDOM,4900,InsertionSort,4,2.925817
RANDOM,4900,InsertionSort,5,2.793623
RANDOM,4900,LastQuickSort,1,0.421556
RANDOM,4900,LastQuickSort,2,0.330685
RANDOM,4900,LastQuickSort,3,0.324867
RANDOM,4900,LastQuickSort,4,0.322159
RANDOM,4900,LastQuickSort,5,0.321257
RANDOM,5000,InsertionSort,1,3.048482
RANDOM,5000,InsertionSort,2,2.979276
RANDOM,5000,InsertionSort,3,2.798838
RANDOM,5000,InsertionSort,4,3.062424
RANDOM,5000,InsertionSort,5,2.856912
RANDOM,5000,LastQuickSort,1,0.388759
RANDOM,5000,LastQuickSort,2,0.373011
RANDOM,5000,LastQuickSort,3,0.370403
RANDOM,5000,LastQuickSort,4,0.406109
RANDOM,5000,LastQuickSort,5,0.341015
RANDOM,5100,InsertionSort,1,2.995825
RANDOM,5100,InsertionSort,2,3.243664
RANDOM,5100,InsertionSort,3,3.625000
RANDOM,5100,InsertionSort,4,3.207656
RANDOM,5100,InsertionSort,5,3.237144
RANDOM,5100,LastQuickSort,1,0.369802
RANDOM,5100,LastQuickSort,2,0.352951
RANDOM,5100,LastQuickSort,3,0.414836
RANDOM,5100,LastQuickSort,4,0.362681
RANDOM,5100,LastQuickSort,5,0.382039
RANDOM,5200,InsertionSort,1,3.071752
RANDOM,5200,InsertionSort,2,3.370842
RANDOM,5200,InsertionSort,3,3.038051
RANDOM,5200,InsertionSort,4,3.067940
RANDOM,5200,InsertionSort,5,3.128220
RANDOM,5200,LastQuickSort,1,0.363483
RANDOM,5200,LastQuickSort,2,0.388257
RANDOM,5200,LastQuickSort,3,0.347134
RANDOM,5200,LastQuickSort,4,0.422659
RANDOM,5200,LastQuickSort,5,0.349742
RANDOM,5300,InsertionSort,1,5.263983
RANDOM,5300,InsertionSort,2,4.991270
RANDOM,5300,InsertionSort,3,3.484983
RANDOM,5300,InsertionSort,4,3.549976
RANDOM,5300,InsertionSort,5,3.451483
RANDOM,5300,LastQuickSort,1,0.433893
RANDOM,5300,LastQuickSort,2,0.380233
RANDOM,5300,LastQuickSort,3,0.378728
RANDOM,5300,LastQuickSort,4,0.372811
RANDOM,5300,LastQuickSort,5,0.371607
RANDOM,5400,InsertionSort,1,3.398425
RANDOM,5400,InsertionSort,2,3.533227
RANDOM,5400,InsertionSort,3,3.360312
RANDOM,5400,InsertionSort,4,3.335939
RANDOM,5400,InsertionSort,5,3.414072
RANDOM,5400,LastQuickSort,1,0.396682
RANDOM,5400,LastQuickSort,2,0.380935
RANDOM,5400,LastQuickSort,3,0.372309
RANDOM,5400,LastQuickSort,4,0.370103
RANDOM,5400,LastQuickSort,5,0.370704
RANDOM,5500,InsertionSort,1,3.395115
RANDOM,5500,InsertionSort,2,4.457380
RANDOM,5500,InsertionSort,3,5.620044
RANDOM,5500,InsertionSort,4,4.491080
RANDOM,5500,InsertionSort,5,3.415275
RANDOM,5500,LastQuickSort,1,0.392670
RANDOM,5500,LastQuickSort,2,0.380935
RANDOM,5500,LastQuickSort,3,0.374215
RANDOM,5500,LastQuickSort,4,0.443020
RANDOM,5500,LastQuickSort,5,0.371005
RANDOM,5600,InsertionSort,1,3.498222
RANDOM,5600,InsertionSort,2,3.628511
RANDOM,5600,InsertionSort,3,3.530418
RANDOM,5600,InsertionSort,4,3.721688
RANDOM,5600,InsertionSort,5,3.614869
RANDOM,5600,LastQuickSort,1,0.404204
RANDOM,5600,LastQuickSort,2,0.381336
RANDOM,5600,LastQuickSort,3,0.396280
RANDOM,5600,LastQuickSort,4,0.374015
RANDOM,5600,LastQuickSort,5,0.395178
RANDOM,5700,InsertionSort,1,3.786381
RANDOM,5700,InsertionSort,2,3.933820
RANDOM,5700,InsertionSort,3,3.721788
RANDOM,5700,InsertionSort,4,3.666824
RANDOM,5700,InsertionSort,5,3.789791
RANDOM,5700,LastQuickSort,1,0.405007
RANDOM,5700,LastQuickSort,2,0.392870
RANDOM,5700,LastQuickSort,3,0.388658
RANDOM,5700,LastQuickSort,4,0.418747
RANDOM,5700,LastQuickSort,5,0.385549
RANDOM,5800,InsertionSort,1,3.854183
RANDOM,5800,InsertionSort,2,3.921547
RANDOM,5800,InsertionSort,3,3.762726
RANDOM,5800,InsertionSort,4,3.947556
RANDOM,5800,InsertionSort,5,4.482981
RANDOM,5800,LastQuickSort,1,0.520975
RANDOM,5800,LastQuickSort,2,0.503115
RANDOM,5800,LastQuickSort,3,0.554189
RANDOM,5800,LastQuickSort,4,0.523785
RANDOM,5800,LastQuickSort,5,0.493081
RANDOM,5900,InsertionSort,1,5.984600
RANDOM,5900,InsertionSort,2,5.832883
RANDOM,5900,InsertionSort,3,4.060039
RANDOM,5900,InsertionSort,4,4.091346
RANDOM,5900,InsertionSort,5,4.171118
RANDOM,5900,LastQuickSort,1,0.461071
RANDOM,5900,LastQuickSort,2,0.410900
RANDOM,5900,LastQuickSort,3,0.429263
RANDOM,5900,LastQuickSort,4,0.590714
RANDOM,5900,LastQuickSort,5,0.464483
RANDOM,6000,InsertionSort,1,4.374412
RANDOM,6000,InsertionSort,2,4.186871
RANDOM,6000,InsertionSort,3,4.053417
RANDOM,6000,InsertionSort,4,4.715474
RANDOM,6000,InsertionSort,5,4.469636
RANDOM,6000,LastQuickSort,1,0.469701
RANDOM,6000,LastQuickSort,2,0.425851
RANDOM,6000,LastQuickSort,3,0.416219
RANDOM,6000,LastQuickSort,4,0.434481
RANDOM,6000,LastQuickSort,5,0.433779
RANDOM,6100,InsertionSort,1,4.405317
RANDOM,6100,InsertionSort,2,4.834580
RANDOM,6100,InsertionSort,3,4.304974
RANDOM,6100,InsertionSort,4,4.165098
RANDOM,6100,InsertionSort,5,4.230521
RANDOM,6100,LastQuickSort,1,0.502111
RANDOM,6100,LastQuickSort,2,0.591717
RANDOM,6100,LastQuickSort,3,0.502714
RANDOM,6100,LastQuickSort,4,0.445017
RANDOM,6100,LastQuickSort,5,0.437492
RANDOM,6200,InsertionSort,1,4.631488
RANDOM,6200,InsertionSort,2,4.702128
RANDOM,6200,InsertionSort,3,4.810297
RANDOM,6200,InsertionSort,4,4.498634
RANDOM,6200,InsertionSort,5,4.328856
RANDOM,6200,LastQuickSort,1,0.446522
RANDOM,6200,LastQuickSort,2,0.435384
RANDOM,6200,LastQuickSort,3,0.473514
RANDOM,6200,LastQuickSort,4,0.427056
RANDOM,6200,LastQuickSort,5,0.428661
RANDOM,6300,InsertionSort,1,6.284020
RANDOM,6300,InsertionSort,2,4.978571
RANDOM,6300,InsertionSort,3,4.541581
RANDOM,6300,InsertionSort,4,4.874115
RANDOM,6300,InsertionSort,5,5.928509
RANDOM,6300,LastQuickSort,1,0.468497
RANDOM,6300,LastQuickSort,2,0.452342
RANDOM,6300,LastQuickSort,3,0.450134
RANDOM,6300,LastQuickSort,4,0.442909
RANDOM,6300,LastQuickSort,5,0.509637
RANDOM,6400,InsertionSort,1,5.316723
RANDOM,6400,InsertionSort,2,5.174839
RANDOM,6400,InsertionSort,3,4.887058
RANDOM,6400,InsertionSort,4,4.582521
RANDOM,6400,InsertionSort,5,4.898096
RANDOM,6400,LastQuickSort,1,0.494084
RANDOM,6400,LastQuickSort,2,0.457459
RANDOM,6400,LastQuickSort,3,0.446021
RANDOM,6400,LastQuickSort,4,0.500607
RANDOM,6400,LastQuickSort,5,0.444314
RANDOM,6500,InsertionSort,1,4.910840
RANDOM,6500,InsertionSort,2,5.612330
RANDOM,6500,InsertionSort,3,4.821033
RANDOM,6500,InsertionSort,4,4.779893
RANDOM,6500,InsertionSort,5,4.738954
RANDOM,6500,LastQuickSort,1,0.538436
RANDOM,6500,LastQuickSort,2,0.530809
RANDOM,6500,LastQuickSort,3,0.448228
RANDOM,6500,LastQuickSort,4,0.439699
RANDOM,6500,LastQuickSort,5,0.436990
RANDOM,6600,InsertionSort,1,5.198018
RANDOM,6600,InsertionSort,2,4.995328
RANDOM,6600,InsertionSort,3,5.858872
RANDOM,6600,InsertionSort,4,5.301371
RANDOM,6600,InsertionSort,5,4.956596
RANDOM,6600,LastQuickSort,1,1.174905
RANDOM,6600,LastQuickSort,2,0.550075
RANDOM,6600,LastQuickSort,3,0.553988
RANDOM,6600,LastQuickSort,4,0.554289
RANDOM,6600,LastQuickSort,5,0.626736
RANDOM,6700,InsertionSort,1,5.293745
RANDOM,6700,InsertionSort,2,5.010078
RANDOM,6700,InsertionSort,3,6.319141
RANDOM,6700,InsertionSort,4,7.212887
RANDOM,6700,InsertionSort,5,5.038174
RANDOM,6700,LastQuickSort,1,0.587503
RANDOM,6700,LastQuickSort,2,0.508634
RANDOM,6700,LastQuickSort,3,0.538636
RANDOM,6700,LastQuickSort,4,0.483348
RANDOM,6700,LastQuickSort,5,0.533218
RANDOM,6800,InsertionSort,1,5.188486
RANDOM,6800,InsertionSort,2,5.293845
RANDOM,6800,InsertionSort,3,6.645051
RANDOM,6800,InsertionSort,4,5.733042
RANDOM,6800,InsertionSort,5,5.600290
RANDOM,6800,LastQuickSort,1,0.638075
RANDOM,6800,LastQuickSort,2,0.522582
RANDOM,6800,LastQuickSort,3,0.514654
RANDOM,6800,LastQuickSort,4,0.481441
RANDOM,6800,LastQuickSort,5,0.541446
RANDOM,6900,InsertionSort,1,5.475464
RANDOM,6900,InsertionSort,2,5.628887
RANDOM,6900,InsertionSort,3,6.073303
RANDOM,6900,InsertionSort,4,5.441649
RANDOM,6900,InsertionSort,5,5.459510
RANDOM,6900,LastQuickSort,1,0.555192
RANDOM,6900,LastQuickSort,2,0.550075
RANDOM,6900,LastQuickSort,3,0.576967
RANDOM,6900,LastQuickSort,4,0.647407
RANDOM,6900,LastQuickSort,5,0.626938
RANDOM,7000,InsertionSort,1,7.371528
RANDOM,7000,InsertionSort,2,6.505576
RANDOM,7000,InsertionSort,3,9.088680
RANDOM,7000,InsertionSort,4,8.409265
RANDOM,7000,InsertionSort,5,5.528946
RANDOM,7000,LastQuickSort,1,0.540543
RANDOM,7000,LastQuickSort,2,0.506627
RANDOM,7000,LastQuickSort,3,0.552684
RANDOM,7000,LastQuickSort,4,0.499603
RANDOM,7000,LastQuickSort,5,0.501811
RANDOM,7100,InsertionSort,1,7.185192
RANDOM,7100,InsertionSort,2,5.764048
RANDOM,7100,InsertionSort,3,6.817940
RANDOM,7100,InsertionSort,4,9.289365
RANDOM,7100,InsertionSort,5,9.227153
RANDOM,7100,LastQuickSort,1,0.812470
RANDOM,7100,LastQuickSort,2,0.641386
RANDOM,7100,LastQuickSort,3,0.627238
RANDOM,7100,LastQuickSort,4,0.626636
RANDOM,7100,LastQuickSort,5,0.611283
RANDOM,7200,InsertionSort,1,5.942356
RANDOM,7200,InsertionSort,2,6.644348
RANDOM,7200,InsertionSort,3,6.675254
RANDOM,7200,InsertionSort,4,10.145884
RANDOM,7200,InsertionSort,5,9.751440
RANDOM,7200,LastQuickSort,1,0.670987
RANDOM,7200,LastQuickSort,2,0.668178
RANDOM,7200,LastQuickSort,3,0.665368
RANDOM,7200,LastQuickSort,4,0.661254
RANDOM,7200,LastQuickSort,5,0.695972
RANDOM,7300,InsertionSort,1,10.208297
RANDOM,7300,InsertionSort,2,7.029060
RANDOM,7300,InsertionSort,3,8.802405
RANDOM,7300,InsertionSort,4,6.610834
RANDOM,7300,InsertionSort,5,8.344946
RANDOM,7300,LastQuickSort,1,0.623225
RANDOM,7300,LastQuickSort,2,0.602053
RANDOM,7300,LastQuickSort,3,0.603356
RANDOM,7300,LastQuickSort,4,0.595229
RANDOM,7300,LastQuickSort,5,0.639681
RANDOM,7400,InsertionSort,1,7.481402
RANDOM,7400,InsertionSort,2,8.541114
RANDOM,7400,InsertionSort,3,9.521958
RANDOM,7400,InsertionSort,4,6.564576
RANDOM,7400,InsertionSort,5,6.432025
RANDOM,7400,LastQuickSort,1,0.551079
RANDOM,7400,LastQuickSort,2,0.619612
RANDOM,7400,LastQuickSort,3,0.538937
RANDOM,7400,LastQuickSort,4,0.536629
RANDOM,7400,LastQuickSort,5,0.572351
RANDOM,7500,InsertionSort,1,6.873229
RANDOM,7500,InsertionSort,2,9.233074
RANDOM,7500,InsertionSort,3,8.034889
RANDOM,7500,InsertionSort,4,7.110338
RANDOM,7500,InsertionSort,5,6.489421
RANDOM,7500,LastQuickSort,1,0.597437
RANDOM,7500,LastQuickSort,2,0.547567
RANDOM,7500,LastQuickSort,3,0.544155
RANDOM,7500,LastQuickSort,4,0.562417
RANDOM,7500,LastQuickSort,5,0.540041
RANDOM,7600,InsertionSort,1,7.242989
RANDOM,7600,InsertionSort,2,6.574110
RANDOM,7600,InsertionSort,3,7.577831
RANDOM,7600,InsertionSort,4,10.138760
RANDOM,7600,InsertionSort,5,10.608561
RANDOM,7600,LastQuickSort,1,0.685938
RANDOM,7600,LastQuickSort,2,0.733400
RANDOM,7600,LastQuickSort,3,1.218855
RANDOM,7600,LastQuickSort,4,0.691155
RANDOM,7600,LastQuickSort,5,0.706207
RANDOM,7700,InsertionSort,1,10.191841
RANDOM,7700,InsertionSort,2,6.760345
RANDOM,7700,InsertionSort,3,7.063678
RANDOM,7700,InsertionSort,4,11.260885
RANDOM,7700,InsertionSort,5,11.602550
RANDOM,7700,LastQuickSort,1,0.693664
RANDOM,7700,LastQuickSort,2,0.720054
RANDOM,7700,LastQuickSort,3,0.714636
RANDOM,7700,LastQuickSort,4,0.740023
RANDOM,7700,LastQuickSort,5,0.684132
RANDOM,7800,InsertionSort,1,7.974182
RANDOM,7800,InsertionSort,2,7.008490
RANDOM,7800,InsertionSort,3,6.853562
RANDOM,7800,InsertionSort,4,6.728535
RANDOM,7800,InsertionSort,5,6.721813
RANDOM,7800,LastQuickSort,1,0.584091
RANDOM,7800,LastQuickSort,2,0.590111
RANDOM,7800,LastQuickSort,3,0.567735
RANDOM,7800,LastQuickSort,4,0.565427
RANDOM,7800,LastQuickSort,5,0.588105
RANDOM,7900,InsertionSort,1,7.762761
RANDOM,7900,InsertionSort,2,9.290368
RANDOM,7900,InsertionSort,3,9.055869
RANDOM,7900,InsertionSort,4,9.000279
RANDOM,7900,InsertionSort,5,8.924120
RANDOM,7900,LastQuickSort,1,0.758185
RANDOM,7900,LastQuickSort,2,0.723266
RANDOM,7900,LastQuickSort,3,0.780661
RANDOM,7900,LastQuickSort,4,0.713031
RANDOM,7900,LastQuickSort,5,0.717044
RANDOM,8000,InsertionSort,1,9.415295
RANDOM,8000,InsertionSort,2,8.596101
RANDOM,8000,InsertionSort,3,9.563299
RANDOM,8000,InsertionSort,4,7.690214
RANDOM,8000,InsertionSort,5,7.659208
RANDOM,8000,LastQuickSort,1,0.608875
RANDOM,8000,LastQuickSort,2,0.623927
RANDOM,8000,LastQuickSort,3,0.690956
RANDOM,8000,LastQuickSort,4,0.652625
RANDOM,8000,LastQuickSort,5,0.603156
RANDOM,8100,InsertionSort,1,7.439761
RANDOM,8100,InsertionSort,2,7.512307
RANDOM,8100,InsertionSort,3,7.315236
RANDOM,8100,InsertionSort,4,8.233867
RANDOM,8100,InsertionSort,5,7.393402
RANDOM,8100,LastQuickSort,1,0.585997
RANDOM,8100,LastQuickSort,2,0.578271
RANDOM,8100,LastQuickSort,3,0.574458
RANDOM,8100,LastQuickSort,4,0.596232
RANDOM,8100,LastQuickSort,5,0.585596
RANDOM,8200,InsertionSort,1,7.802095
RANDOM,8200,InsertionSort,2,7.487222
RANDOM,8200,InsertionSort,3,7.532677
RANDOM,8200,InsertionSort,4,7.526857
RANDOM,8200,InsertionSort,5,7.527761
RANDOM,8200,LastQuickSort,1,0.757682
RANDOM,8200,LastQuickSort,2,0.610782
RANDOM,8200,LastQuickSort,3,0.607470
RANDOM,8200,LastQuickSort,4,0.607270
RANDOM,8200,LastQuickSort,5,0.608474
RANDOM,8300,InsertionSort,1,7.779418
RANDOM,8300,InsertionSort,2,8.073922
RANDOM,8300,InsertionSort,3,7.806511
RANDOM,8300,InsertionSort,4,8.338323
RANDOM,8300,InsertionSort,5,7.805105
RANDOM,8300,LastQuickSort,1,0.631152
RANDOM,8300,LastQuickSort,2,0.676607
RANDOM,8300,LastQuickSort,3,0.646604
RANDOM,8300,LastQuickSort,4,0.680620
RANDOM,8300,LastQuickSort,5,0.624830
RANDOM,8400,InsertionSort,1,7.905347
RANDOM,8400,InsertionSort,2,9.120169
RANDOM,8400,InsertionSort,3,8.512915
RANDOM,8400,InsertionSort,4,8.669207
RANDOM,8400,InsertionSort,5,8.241186
RANDOM,8400,LastQuickSort,1,0.668129
RANDOM,8400,LastQuickSort,2,0.621853
RANDOM,8400,LastQuickSort,3,0.629984
RANDOM,8400,LastQuickSort,4,0.672043
RANDOM,8400,LastQuickSort,5,0.650059
RANDOM,8500,InsertionSort,1,9.837828
RANDOM,8500,InsertionSort,2,8.594925
RANDOM,8500,InsertionSort,3,8.138196
RANDOM,8500,InsertionSort,4,8.379710
RANDOM,8500,InsertionSort,5,8.119325
RANDOM,8500,LastQuickSort,1,0.636509
RANDOM,8500,LastQuickSort,2,0.627775
RANDOM,8500,LastQuickSort,3,0.625467
RANDOM,8500,LastQuickSort,4,0.669232
RANDOM,8500,LastQuickSort,5,0.640524
RANDOM,8600,InsertionSort,1,8.646721
RANDOM,8600,InsertionSort,2,8.556480
RANDOM,8600,InsertionSort,3,8.999455
RANDOM,8600,InsertionSort,4,8.805321
RANDOM,8600,InsertionSort,5,14.120836
RANDOM,8600,LastQuickSort,1,0.788283
RANDOM,8600,LastQuickSort,2,0.787380
RANDOM,8600,LastQuickSort,3,0.793202
RANDOM,8600,LastQuickSort,4,0.807054
RANDOM,8600,LastQuickSort,5,0.817192
RANDOM,8700,InsertionSort,1,18.799742
RANDOM,8700,InsertionSort,2,20.187895
RANDOM,8700,InsertionSort,3,16.897242
RANDOM,8700,InsertionSort,4,23.178814
RANDOM,8700,InsertionSort,5,22.775989
RANDOM,8700,LastQuickSort,1,1.576968
RANDOM,8700,LastQuickSort,2,1.726333
RANDOM,8700,LastQuickSort,3,0.975391
RANDOM,8700,LastQuickSort,4,0.922692
RANDOM,8700,LastQuickSort,5,0.921688
RANDOM,8800,InsertionSort,1,24.987357
RANDOM,8800,InsertionSort,2,27.725118
RANDOM,8800,InsertionSort,3,24.626492
RANDOM,8800,InsertionSort,4,25.108315
RANDOM,8800,InsertionSort,5,15.177535
RANDOM,8800,LastQuickSort,1,0.872200
RANDOM,8800,LastQuickSort,2,0.939053
RANDOM,8800,LastQuickSort,3,0.920282
RANDOM,8800,LastQuickSort,4,0.949593
RANDOM,8800,LastQuickSort,5,0.922893
RANDOM,8900,InsertionSort,1,17.453447
RANDOM,8900,InsertionSort,2,15.337641
RANDOM,8900,InsertionSort,3,10.490397
RANDOM,8900,InsertionSort,4,10.761122
RANDOM,8900,InsertionSort,5,13.117138
RANDOM,8900,LastQuickSort,1,0.672846
RANDOM,8900,LastQuickSort,2,0.660499
RANDOM,8900,LastQuickSort,3,0.674552
RANDOM,8900,LastQuickSort,4,0.655681
RANDOM,8900,LastQuickSort,5,0.671440
RANDOM,9000,InsertionSort,1,9.840137
RANDOM,9000,InsertionSort,2,9.992212
RANDOM,9000,InsertionSort,3,9.479172
RANDOM,9000,InsertionSort,4,9.203729
RANDOM,9000,InsertionSort,5,8.976369
RANDOM,9000,LastQuickSort,1,0.698744
RANDOM,9000,LastQuickSort,2,0.677163
RANDOM,9000,LastQuickSort,3,0.658994
RANDOM,9000,LastQuickSort,4,0.725245
RANDOM,9000,LastQuickSort,5,0.679170
RANDOM,9100,InsertionSort,1,16.569301
RANDOM,9100,InsertionSort,2,16.283219
RANDOM,9100,InsertionSort,3,9.282226
RANDOM,9100,InsertionSort,4,20.806938
RANDOM,9100,InsertionSort,5,16.081154
RANDOM,9100,LastQuickSort,1,0.980310
RANDOM,9100,LastQuickSort,2,0.715809
RANDOM,9100,LastQuickSort,3,0.734680
RANDOM,9100,LastQuickSort,4,0.677464
RANDOM,9100,LastQuickSort,5,0.765697
RANDOM,9200,InsertionSort,1,14.229447
RANDOM,9200,InsertionSort,2,9.612275
RANDOM,9200,InsertionSort,3,9.954068
RANDOM,9200,InsertionSort,4,11.105727
RANDOM,9200,InsertionSort,5,15.865037
RANDOM,9200,LastQuickSort,1,0.852125
RANDOM,9200,LastQuickSort,2,0.811270
RANDOM,9200,LastQuickSort,3,0.842890
RANDOM,9200,LastQuickSort,4,0.848812
RANDOM,9200,LastQuickSort,5,0.694328
RANDOM,9300,InsertionSort,1,12.497493
RANDOM,9300,InsertionSort,2,10.638760
RANDOM,9300,InsertionSort,3,10.490498
RANDOM,9300,InsertionSort,4,10.873950
RANDOM,9300,InsertionSort,5,10.609750
RANDOM,9300,LastQuickSort,1,0.706574
RANDOM,9300,LastQuickSort,2,0.717415
RANDOM,9300,LastQuickSort,3,0.720225
RANDOM,9300,LastQuickSort,4,0.709585
RANDOM,9300,LastQuickSort,5,0.695833
RANDOM,9400,InsertionSort,1,10.065992
RANDOM,9400,InsertionSort,2,9.900064
RANDOM,9400,InsertionSort,3,9.995525
RANDOM,9400,InsertionSort,4,10.321358
RANDOM,9400,InsertionSort,5,11.709311
RANDOM,9400,LastQuickSort,1,0.764794
RANDOM,9400,LastQuickSort,2,1.836550
RANDOM,9400,LastQuickSort,3,1.902600
RANDOM,9400,LastQuickSort,4,1.852008
RANDOM,9400,LastQuickSort,5,2.007899
RANDOM,9500,InsertionSort,1,18.331370
RANDOM,9500,InsertionSort,2,15.355006
RANDOM,9500,InsertionSort,3,12.185512
RANDOM,9500,InsertionSort,4,10.420232
RANDOM,9500,InsertionSort,5,10.874250
RANDOM,9500,LastQuickSort,1,0.711493
RANDOM,9500,LastQuickSort,2,0.791596
RANDOM,9500,LastQuickSort,3,0.725445
RANDOM,9500,LastQuickSort,4,0.686799
RANDOM,9500,LastQuickSort,5,0.687703
RANDOM,9600,InsertionSort,1,10.604329
RANDOM,9600,InsertionSort,2,10.692763
RANDOM,9600,InsertionSort,3,14.043343
RANDOM,9600,InsertionSort,4,10.572308
RANDOM,9600,InsertionSort,5,20.672127
RANDOM,9600,LastQuickSort,1,1.006107
RANDOM,9600,LastQuickSort,2,0.980309
RANDOM,9600,LastQuickSort,3,0.944474
RANDOM,9600,LastQuickSort,4,0.999984
RANDOM,9600,LastQuickSort,5,1.000185
RANDOM,9700,InsertionSort,1,14.822090
RANDOM,9700,InsertionSort,2,14.375700
RANDOM,9700,InsertionSort,3,20.331337
RANDOM,9700,InsertionSort,4,24.745339
RANDOM,9700,InsertionSort,5,24.750286
RANDOM,9700,LastQuickSort,1,1.066084
RANDOM,9700,LastQuickSort,2,1.064578
RANDOM,9700,LastQuickSort,3,1.010958
RANDOM,9700,LastQuickSort,4,1.154046
RANDOM,9700,LastQuickSort,5,1.082351
RANDOM,9800,InsertionSort,1,16.054424
RANDOM,9800,InsertionSort,2,19.439344
RANDOM,9800,InsertionSort,3,11.277580
RANDOM,9800,InsertionSort,4,11.213616
RANDOM,9800,InsertionSort,5,11.427495
RANDOM,9800,LastQuickSort,1,0.854615
RANDOM,9800,LastQuickSort,2,0.717952
RANDOM,9800,LastQuickSort,3,0.728395
RANDOM,9800,LastQuickSort,4,0.712129
RANDOM,9800,LastQuickSort,5,0.730504
RANDOM,9900,InsertionSort,1,11.508730
RANDOM,9900,InsertionSort,2,11.486739
RANDOM,9900,InsertionSort,3,11.331803
RANDOM,9900,InsertionSort,4,11.015803
RANDOM,9900,InsertionSort,5,11.098543
RANDOM,9900,LastQuickSort,1,0.751189
RANDOM,9900,LastQuickSort,2,0.745968
RANDOM,9900,LastQuickSort,3,0.769465
RANDOM,9900,LastQuickSort,4,0.742553
RANDOM,9900,LastQuickSort,5,0.766150
RANDOM,10000,InsertionSort,1,29.487668
RANDOM,10000,InsertionSort,2,18.432604
RANDOM,10000,InsertionSort,3,17.786447
RANDOM,10000,InsertionSort,4,17.303260
RANDOM,10000,InsertionSort,5,22.733893
RANDOM,10000,LastQuickSort,1,1.780522
RANDOM,10000,LastQuickSort,2,1.950622
RANDOM,10000,LastQuickSort,3,1.736039
RANDOM,10000,LastQuickSort,4,1.860451
RANDOM,10000,LastQuickSort,5,1.963575
RANDOM,10,InsertionSort,1,0.001306
RANDOM,10,InsertionSort,2,0.000502
RANDOM,10,InsertionSort,3,0.000201
RANDOM,10,InsertionSort,4,0.000201
RANDOM,10,InsertionSort,5,0.000101
RANDOM,10,LastQuickSort,1,0.001004
RANDOM,10,LastQuickSort,2,0.000402
RANDOM,10,LastQuickSort,3,0.000302
RANDOM,10,LastQuickSort,4,0.000200
RANDOM,10,LastQuickSort,5,0.000201
RANDOM,20,InsertionSort,1,0.001004
RANDOM,20,InsertionSort,2,0.000703
RANDOM,20,InsertionSort,3,0.000602
RANDOM,20,InsertionSort,4,0.000301
RANDOM,20,InsertionSort,5,0.000904
RANDOM,20,LastQuickSort,1,0.001506
RANDOM,20,LastQuickSort,2,0.000803
RANDOM,20,LastQuickSort,3,0.000502
RANDOM,20,LastQuickSort,4,0.000502
RANDOM,20,LastQuickSort,5,0.000401
RANDOM,30,InsertionSort,1,0.001406
RANDOM,30,InsertionSort,2,0.000703
RANDOM,30,InsertionSort,3,0.001004
RANDOM,30,InsertionSort,4,0.000703
RANDOM,30,InsertionSort,5,0.000603
RANDOM,30,LastQuickSort,1,0.002209
RANDOM,30,LastQuickSort,2,0.001506
RANDOM,30,LastQuickSort,3,0.000904
RANDOM,30,LastQuickSort,4,0.002009
RANDOM,30,LastQuickSort,5,0.000804
RANDOM,40,InsertionSort,1,0.002009
RANDOM,40,InsertionSort,2,0.001205
RANDOM,40,InsertionSort,3,0.001105
RANDOM,40,InsertionSort,4,0.001205
RANDOM,40,InsertionSort,5,0.000904
RANDOM,40,LastQuickSort,1,0.002711
RANDOM,40,LastQuickSort,2,0.001305
RANDOM,40,LastQuickSort,3,0.001105
RANDOM,40,LastQuickSort,4,0.001105
RANDOM,40,LastQuickSort,5,0.000903
RANDOM,50,InsertionSort,1,0.002711
RANDOM,50,InsertionSort,2,0.001406
RANDOM,50,InsertionSort,3,0.001105
RANDOM,50,InsertionSort,4,0.001004
RANDOM,50,InsertionSort,5,0.001004
RANDOM,50,LastQuickSort,1,0.003514
RANDOM,50,LastQuickSort,2,0.001808
RANDOM,50,LastQuickSort,3,0.001507
RANDOM,50,LastQuickSort,4,0.001305
RANDOM,50,LastQuickSort,5,0.001305
RANDOM,60,InsertionSort,1,0.002711
RANDOM,60,InsertionSort,2,0.001405
RANDOM,60,InsertionSort,3,0.001305
RANDOM,60,InsertionSort,4,0.001105
RANDOM,60,InsertionSort,5,0.000803
RANDOM,60,LastQuickSort,1,0.003715
RANDOM,60,LastQuickSort,2,0.001707
RANDOM,60,LastQuickSort,3,0.001507
RANDOM,60,LastQuickSort,4,0.001305
RANDOM,60,LastQuickSort,5,0.001305
RANDOM,70,InsertionSort,1,0.005222
RANDOM,70,InsertionSort,2,0.004418
RANDOM,70,InsertionSort,3,0.002511
RANDOM,70,InsertionSort,4,0.002009
RANDOM,70,InsertionSort,5,0.002711
RANDOM,70,LastQuickSort,1,0.007129
RANDOM,70,LastQuickSort,2,0.004619
RANDOM,70,LastQuickSort,3,0.003615
RANDOM,70,LastQuickSort,4,0.003414
RANDOM,70,LastQuickSort,5,0.002812
RANDOM,80,InsertionSort,1,0.005121
RANDOM,80,InsertionSort,2,0.002812
RANDOM,80,InsertionSort,3,0.002510
RANDOM,80,InsertionSort,4,0.002109
RANDOM,80,InsertionSort,5,0.002008
RANDOM,80,LastQuickSort,1,0.007631
RANDOM,80,LastQuickSort,2,0.005221
RANDOM,80,LastQuickSort,3,0.003314
RANDOM,80,LastQuickSort,4,0.004418
RANDOM,80,LastQuickSort,5,0.002711
RANDOM,90,InsertionSort,1,0.005724
RANDOM,90,InsertionSort,2,0.004217
RANDOM,90,InsertionSort,3,0.003715
RANDOM,90,InsertionSort,4,0.003414
RANDOM,90,InsertionSort,5,0.003012
RANDOM,90,LastQuickSort,1,0.009941
RANDOM,90,LastQuickSort,2,0.003916
RANDOM,90,LastQuickSort,3,0.002711
RANDOM,90,LastQuickSort,4,0.002811
RANDOM,90,LastQuickSort,5,0.002912
RANDOM,100,InsertionSort,1,0.007832
RANDOM,100,InsertionSort,2,0.006728
RANDOM,100,InsertionSort,3,0.004419
RANDOM,100,InsertionSort,4,0.003816
RANDOM,100,InsertionSort,5,0.003314
RANDOM,100,LastQuickSort,1,0.009740
RANDOM,100,LastQuickSort,2,0.061051
RANDOM,100,LastQuickSort,3,0.003715
RANDOM,100,LastQuickSort,4,0.002310
RANDOM,100,LastQuickSort,5,0.002209
RANDOM,110,InsertionSort,1,0.004519
RANDOM,110,InsertionSort,2,0.003313
RANDOM,110,InsertionSort,3,0.003112
RANDOM,110,InsertionSort,4,0.002711
RANDOM,110,InsertionSort,5,0.002510
RANDOM,110,LastQuickSort,1,0.006427
RANDOM,110,LastQuickSort,2,0.003615
RANDOM,110,LastQuickSort,3,0.002309
RANDOM,110,LastQuickSort,4,0.002008
RANDOM,110,LastQuickSort,5,0.002009
RANDOM,120,InsertionSort,1,0.004217
RANDOM,120,InsertionSort,2,0.003615
RANDOM,120,InsertionSort,3,0.003514
RANDOM,120,InsertionSort,4,0.004117
RANDOM,120,InsertionSort,5,0.002611
RANDOM,120,LastQuickSort,1,0.008234
RANDOM,120,LastQuickSort,2,0.004519
RANDOM,120,LastQuickSort,3,0.003414
RANDOM,120,LastQuickSort,4,0.002812
RANDOM,120,LastQuickSort,5,0.003615
RANDOM,130,InsertionSort,1,0.005422
RANDOM,130,InsertionSort,2,0.003916
RANDOM,130,InsertionSort,3,0.003615
RANDOM,130,InsertionSort,4,0.003314
RANDOM,130,InsertionSort,5,0.003715
RANDOM,130,LastQuickSort,1,0.007832
RANDOM,130,LastQuickSort,2,0.004017
RANDOM,130,LastQuickSort,3,0.002911
RANDOM,130,LastQuickSort,4,0.002812
RANDOM,130,LastQuickSort,5,0.003916
RANDOM,140,InsertionSort,1,0.005221
RANDOM,140,InsertionSort,2,0.003916
RANDOM,140,InsertionSort,3,0.003716
RANDOM,140,InsertionSort,4,0.003816
RANDOM,140,InsertionSort,5,0.003715
RANDOM,140,LastQuickSort,1,0.008736
RANDOM,140,LastQuickSort,2,0.004820
RANDOM,140,LastQuickSort,3,0.005121
RANDOM,140,LastQuickSort,4,0.004117
RANDOM,140,LastQuickSort,5,0.003313
RANDOM,150,InsertionSort,1,0.008334
RANDOM,150,InsertionSort,2,0.005322
RANDOM,150,InsertionSort,3,0.004719
RANDOM,150,InsertionSort,4,0.005020
RANDOM,150,InsertionSort,5,0.004619
RANDOM,150,LastQuickSort,1,0.011246
RANDOM,150,LastQuickSort,2,0.007130
RANDOM,150,LastQuickSort,3,0.003113
RANDOM,150,LastQuickSort,4,0.002611
RANDOM,150,LastQuickSort,5,0.002410
RANDOM,160,InsertionSort,1,0.008033
RANDOM,160,InsertionSort,2,0.006727
RANDOM,160,InsertionSort,3,0.004218
RANDOM,160,InsertionSort,4,0.003815
RANDOM,160,InsertionSort,5,0.004418
RANDOM,160,LastQuickSort,1,0.011447
RANDOM,160,LastQuickSort,2,0.006126
RANDOM,160,LastQuickSort,3,0.003816
RANDOM,160,LastQuickSort,4,0.003514
RANDOM,160,LastQuickSort,5,0.003415
RANDOM,170,InsertionSort,1,0.008234
RANDOM,170,InsertionSort,2,0.006627
RANDOM,170,InsertionSort,3,0.005925
RANDOM,170,InsertionSort,4,0.005925
RANDOM,170,InsertionSort,5,0.005623
RANDOM,170,LastQuickSort,1,0.012049
RANDOM,170,LastQuickSort,2,0.006426
RANDOM,170,LastQuickSort,3,0.004518
RANDOM,170,LastQuickSort,4,0.004218
RANDOM,170,LastQuickSort,5,0.004318
RANDOM,180,InsertionSort,1,0.009238
RANDOM,180,InsertionSort,2,0.007430
RANDOM,180,InsertionSort,3,0.007130
RANDOM,180,InsertionSort,4,0.006928
RANDOM,180,InsertionSort,5,0.006828
RANDOM,180,LastQuickSort,1,0.011447
RANDOM,180,LastQuickSort,2,0.006426
RANDOM,180,LastQuickSort,3,0.004519
RANDOM,180,LastQuickSort,4,0.004317
RANDOM,180,LastQuickSort,5,0.004218
RANDOM,190,InsertionSort,1,0.008937
RANDOM,190,InsertionSort,2,0.008133
RANDOM,190,InsertionSort,3,0.006828
RANDOM,190,InsertionSort,4,0.006828
RANDOM,190,InsertionSort,5,0.006828
RANDOM,190,LastQuickSort,1,0.011648
RANDOM,190,LastQuickSort,2,0.006527
RANDOM,190,LastQuickSort,3,0.006225
RANDOM,190,LastQuickSort,4,0.005422
RANDOM,190,LastQuickSort,5,0.005322
RANDOM,200,InsertionSort,1,0.011246
RANDOM,200,InsertionSort,2,0.008836
RANDOM,200,InsertionSort,3,0.008435
RANDOM,200,InsertionSort,4,0.007732
RANDOM,200,InsertionSort,5,0.007431
RANDOM,200,LastQuickSort,1,0.012652
RANDOM,200,LastQuickSort,2,0.006627
RANDOM,200,LastQuickSort,3,0.004518
RANDOM,200,LastQuickSort,4,0.004017
RANDOM,200,LastQuickSort,5,0.004218
RANDOM,210,InsertionSort,1,0.010845
RANDOM,210,InsertionSort,2,0.008535
RANDOM,210,InsertionSort,3,0.008635
RANDOM,210,InsertionSort,4,0.008234
RANDOM,210,InsertionSort,5,0.008736
RANDOM,210,LastQuickSort,1,0.012853
RANDOM,210,LastQuickSort,2,0.007933
RANDOM,210,LastQuickSort,3,0.005020
RANDOM,210,LastQuickSort,4,0.007732
RANDOM,210,LastQuickSort,5,0.005020
RANDOM,220,InsertionSort,1,0.014058
RANDOM,220,InsertionSort,2,0.012452
RANDOM,220,InsertionSort,3,0.008937
RANDOM,220,InsertionSort,4,0.009037
RANDOM,220,InsertionSort,5,0.011548
RANDOM,220,LastQuickSort,1,0.013857
RANDOM,220,LastQuickSort,2,0.009740
RANDOM,220,LastQuickSort,3,0.005021
RANDOM,220,LastQuickSort,4,0.004117
RANDOM,220,LastQuickSort,5,0.003615
RANDOM,230,InsertionSort,1,0.014861
RANDOM,230,InsertionSort,2,0.012954
RANDOM,230,InsertionSort,3,0.010744
RANDOM,230,InsertionSort,4,0.010242
RANDOM,230,InsertionSort,5,0.010141
RANDOM,230,LastQuickSort,1,0.017171
RANDOM,230,LastQuickSort,2,0.011146
RANDOM,230,LastQuickSort,3,0.005021
RANDOM,230,LastQuickSort,4,0.004117
RANDOM,230,LastQuickSort,5,0.004016
RANDOM,240,InsertionSort,1,0.016167
RANDOM,240,InsertionSort,2,0.014159
RANDOM,240,InsertionSort,3,0.008435
RANDOM,240,InsertionSort,4,0.007832
RANDOM,240,InsertionSort,5,0.029421
RANDOM,240,LastQuickSort,1,0.017070
RANDOM,240,LastQuickSort,2,0.008435
RANDOM,240,LastQuickSort,3,0.005221
RANDOM,240,LastQuickSort,4,0.005121
RANDOM,240,LastQuickSort,5,0.005322
RANDOM,250,InsertionSort,1,0.017171
RANDOM,250,InsertionSort,2,0.016166
RANDOM,250,InsertionSort,3,0.009439
RANDOM,250,InsertionSort,4,0.008736
RANDOM,250,InsertionSort,5,0.008636
RANDOM,250,LastQuickSort,1,0.018476
RANDOM,250,LastQuickSort,2,0.009640
RANDOM,250,LastQuickSort,3,0.007932
RANDOM,250,LastQuickSort,4,0.006527
RANDOM,250,LastQuickSort,5,0.005723
RANDOM,260,InsertionSort,1,0.019079
RANDOM,260,InsertionSort,2,0.017071
RANDOM,260,InsertionSort,3,0.016368
RANDOM,260,InsertionSort,4,0.016267
RANDOM,260,InsertionSort,5,0.016267
RANDOM,260,LastQuickSort,1,0.017271
RANDOM,260,LastQuickSort,2,0.009438
RANDOM,260,LastQuickSort,3,0.006728
RANDOM,260,LastQuickSort,4,0.006225
RANDOM,260,LastQuickSort,5,0.006126
RANDOM,270,InsertionSort,1,0.019480
RANDOM,270,InsertionSort,2,0.017271
RANDOM,270,InsertionSort,3,0.016367
RANDOM,270,InsertionSort,4,0.016166
RANDOM,270,InsertionSort,5,0.015765
RANDOM,270,LastQuickSort,1,0.018677
RANDOM,270,LastQuickSort,2,0.010343
RANDOM,270,LastQuickSort,3,0.007129
RANDOM,270,LastQuickSort,4,0.006527
RANDOM,270,LastQuickSort,5,0.006225
RANDOM,280,InsertionSort,1,0.021589
RANDOM,280,InsertionSort,2,0.020082
RANDOM,280,InsertionSort,3,0.019079
RANDOM,280,InsertionSort,4,0.019681
RANDOM,280,InsertionSort,5,0.018877
RANDOM,280,LastQuickSort,1,0.019279
RANDOM,280,LastQuickSort,2,0.010744
RANDOM,280,LastQuickSort,3,0.007531
RANDOM,280,LastQuickSort,4,0.006929
RANDOM,280,LastQuickSort,5,0.006828
RANDOM,290,InsertionSort,1,0.028517
RANDOM,290,InsertionSort,2,0.027413
RANDOM,290,InsertionSort,3,0.022191
RANDOM,290,InsertionSort,4,0.024300
RANDOM,290,InsertionSort,5,0.022392
RANDOM,290,LastQuickSort,1,0.030023
RANDOM,290,LastQuickSort,2,0.019380
RANDOM,290,LastQuickSort,3,0.013756
RANDOM,290,LastQuickSort,4,0.012050
RANDOM,290,LastQuickSort,5,0.009740
RANDOM,300,InsertionSort,1,0.032635
RANDOM,300,InsertionSort,2,0.029822
RANDOM,300,InsertionSort,3,0.927916
RANDOM,300,InsertionSort,4,0.024501
RANDOM,300,InsertionSort,5,0.021789
RANDOM,300,LastQuickSort,1,0.020685
RANDOM,300,LastQuickSort,2,0.013054
RANDOM,300,LastQuickSort,3,0.008636
RANDOM,300,LastQuickSort,4,0.007933
RANDOM,300,LastQuickSort,5,0.007632
RANDOM,310,InsertionSort,1,0.025003
RANDOM,310,InsertionSort,2,0.023196
RANDOM,310,InsertionSort,3,0.021990
RANDOM,310,InsertionSort,4,0.044081
RANDOM,310,InsertionSort,5,0.022191
RANDOM,310,LastQuickSort,1,0.021689
RANDOM,310,LastQuickSort,2,0.013455
RANDOM,310,LastQuickSort,3,0.011046
RANDOM,310,LastQuickSort,4,0.009238
RANDOM,310,LastQuickSort,5,0.008033
RANDOM,320,InsertionSort,1,0.027614
RANDOM,320,InsertionSort,2,0.025505
RANDOM,320,InsertionSort,3,0.024501
RANDOM,320,InsertionSort,4,0.023999
RANDOM,320,InsertionSort,5,0.023898
RANDOM,320,LastQuickSort,1,0.021489
RANDOM,320,LastQuickSort,2,0.013155
RANDOM,320,LastQuickSort,3,0.009138
RANDOM,320,LastQuickSort,4,0.008233
RANDOM,320,LastQuickSort,5,0.007932
RANDOM,330,InsertionSort,1,0.029220
RANDOM,330,InsertionSort,2,0.027714
RANDOM,330,InsertionSort,3,0.026609
RANDOM,330,InsertionSort,4,0.341204
RANDOM,330,InsertionSort,5,0.027011
RANDOM,330,LastQuickSort,1,0.022895
RANDOM,330,LastQuickSort,2,0.014058
RANDOM,330,LastQuickSort,3,0.009640
RANDOM,330,LastQuickSort,4,0.008736
RANDOM,330,LastQuickSort,5,0.008335
RANDOM,340,InsertionSort,1,0.051311
RANDOM,340,InsertionSort,2,0.029120
RANDOM,340,InsertionSort,3,0.028015
RANDOM,340,InsertionSort,4,0.027312
RANDOM,340,InsertionSort,5,0.027212
RANDOM,340,LastQuickSort,1,0.023597
RANDOM,340,LastQuickSort,2,0.015965
RANDOM,340,LastQuickSort,3,0.011045
RANDOM,340,LastQuickSort,4,0.009639
RANDOM,340,LastQuickSort,5,0.009137
RANDOM,350,InsertionSort,1,0.030727
RANDOM,350,InsertionSort,2,0.030224
RANDOM,350,InsertionSort,3,0.028216
RANDOM,350,InsertionSort,4,0.027613
RANDOM,350,InsertionSort,5,0.027212
RANDOM,350,LastQuickSort,1,0.024802
RANDOM,350,LastQuickSort,2,0.015062
RANDOM,350,LastQuickSort,3,0.010343
RANDOM,350,LastQuickSort,4,0.009439
RANDOM,350,LastQuickSort,5,0.008837
RANDOM,360,InsertionSort,1,0.049704
RANDOM,360,InsertionSort,2,0.033939
RANDOM,360,InsertionSort,3,0.033739
RANDOM,360,InsertionSort,4,0.032735
RANDOM,360,InsertionSort,5,0.032434
RANDOM,360,LastQuickSort,1,0.024903
RANDOM,360,LastQuickSort,2,0.016568
RANDOM,360,LastQuickSort,3,0.012150
RANDOM,360,LastQuickSort,4,0.010844
RANDOM,360,LastQuickSort,5,0.010142
RANDOM,370,InsertionSort,1,0.033337
RANDOM,370,InsertionSort,2,0.032333
RANDOM,370,InsertionSort,3,0.030927
RANDOM,370,InsertionSort,4,0.030324
RANDOM,370,InsertionSort,5,0.030124
RANDOM,370,LastQuickSort,1,0.023296
RANDOM,370,LastQuickSort,2,0.015062
RANDOM,370,LastQuickSort,3,0.010443
RANDOM,370,LastQuickSort,4,0.009540
RANDOM,370,LastQuickSort,5,0.010544
RANDOM,380,InsertionSort,1,0.096898
RANDOM,380,InsertionSort,2,0.028216
RANDOM,380,InsertionSort,3,0.029522
RANDOM,380,InsertionSort,4,0.033739
RANDOM,380,InsertionSort,5,0.033337
RANDOM,380,LastQuickSort,1,0.025806
RANDOM,380,LastQuickSort,2,0.017271
RANDOM,380,LastQuickSort,3,0.011648
RANDOM,380,LastQuickSort,4,0.008937
RANDOM,380,LastQuickSort,5,0.008335
RANDOM,390,InsertionSort,1,0.037053
RANDOM,390,InsertionSort,2,0.035345
RANDOM,390,InsertionSort,3,0.034141
RANDOM,390,InsertionSort,4,0.033638
RANDOM,390,InsertionSort,5,0.033036
RANDOM,390,LastQuickSort,1,0.028116
RANDOM,390,LastQuickSort,2,0.017873
RANDOM,390,LastQuickSort,3,0.012451
RANDOM,390,LastQuickSort,4,0.010745
RANDOM,390,LastQuickSort,5,0.010242
RANDOM,400,InsertionSort,1,0.036450
RANDOM,400,InsertionSort,2,0.036249
RANDOM,400,InsertionSort,3,0.035144
RANDOM,400,InsertionSort,4,0.034442
RANDOM,400,InsertionSort,5,0.034040
RANDOM,400,LastQuickSort,1,0.028818
RANDOM,400,LastQuickSort,2,0.018777
RANDOM,400,LastQuickSort,3,0.012350
RANDOM,400,LastQuickSort,4,0.010443
RANDOM,400,LastQuickSort,5,0.009740
RANDOM,410,InsertionSort,1,0.039463
RANDOM,410,InsertionSort,2,0.039764
RANDOM,410,InsertionSort,3,0.039261
RANDOM,410,InsertionSort,4,0.057336
RANDOM,410,InsertionSort,5,0.038659
RANDOM,410,LastQuickSort,1,0.029923
RANDOM,410,LastQuickSort,2,0.019079
RANDOM,410,LastQuickSort,3,0.013255
RANDOM,410,LastQuickSort,4,0.011648
RANDOM,410,LastQuickSort,5,0.010844
RANDOM,420,InsertionSort,1,0.043278
RANDOM,420,InsertionSort,2,0.041370
RANDOM,420,InsertionSort,3,0.039964
RANDOM,420,InsertionSort,4,0.039362
RANDOM,420,InsertionSort,5,0.067578
RANDOM,420,LastQuickSort,1,0.030726
RANDOM,420,LastQuickSort,2,0.022995
RANDOM,420,LastQuickSort,3,0.013455
RANDOM,420,LastQuickSort,4,0.011849
RANDOM,420,LastQuickSort,5,0.010945
RANDOM,430,InsertionSort,1,0.047194
RANDOM,430,InsertionSort,2,0.045587
RANDOM,430,InsertionSort,3,0.044382
RANDOM,430,InsertionSort,4,0.043881
RANDOM,430,InsertionSort,5,0.043478
RANDOM,430,LastQuickSort,1,0.030727
RANDOM,430,LastQuickSort,2,0.021287
RANDOM,430,LastQuickSort,3,0.014760
RANDOM,430,LastQuickSort,4,0.012753
RANDOM,430,LastQuickSort,5,0.011447
RANDOM,440,InsertionSort,1,0.042173
RANDOM,440,InsertionSort,2,0.040065
RANDOM,440,InsertionSort,3,0.039061
RANDOM,440,InsertionSort,4,0.036349
RANDOM,440,InsertionSort,5,0.035446
RANDOM,440,LastQuickSort,1,0.029221
RANDOM,440,LastQuickSort,2,0.019782
RANDOM,440,LastQuickSort,3,0.015765
RANDOM,440,LastQuickSort,4,0.010844
RANDOM,440,LastQuickSort,5,0.010744
RANDOM,450,InsertionSort,1,0.039763
RANDOM,450,InsertionSort,2,0.040868
RANDOM,450,InsertionSort,3,0.040165
RANDOM,450,InsertionSort,4,0.039864
RANDOM,450,InsertionSort,5,0.037855
RANDOM,450,LastQuickSort,1,0.032534
RANDOM,450,LastQuickSort,2,0.021689
RANDOM,450,LastQuickSort,3,0.015061
RANDOM,450,LastQuickSort,4,0.012953
RANDOM,450,LastQuickSort,5,0.011648
RANDOM,460,InsertionSort,1,0.044383
RANDOM,460,InsertionSort,2,0.041470
RANDOM,460,InsertionSort,3,0.039462
RANDOM,460,InsertionSort,4,0.038057
RANDOM,460,InsertionSort,5,0.040165
RANDOM,460,LastQuickSort,1,0.031530
RANDOM,460,LastQuickSort,2,0.019782
RANDOM,460,LastQuickSort,3,0.013355
RANDOM,460,LastQuickSort,4,0.020785
RANDOM,460,LastQuickSort,5,0.010744
RANDOM,470,InsertionSort,1,0.046994
RANDOM,470,InsertionSort,2,0.041371
RANDOM,470,InsertionSort,3,0.038257
RANDOM,470,InsertionSort,4,0.036049
RANDOM,470,InsertionSort,5,0.036449
RANDOM,470,LastQuickSort,1,0.030726
RANDOM,470,LastQuickSort,2,0.020283
RANDOM,470,LastQuickSort,3,0.013756
RANDOM,470,LastQuickSort,4,0.012150
RANDOM,470,LastQuickSort,5,0.011145
RANDOM,480,InsertionSort,1,0.046893
RANDOM,480,InsertionSort,2,0.047998
RANDOM,480,InsertionSort,3,0.039864
RANDOM,480,InsertionSort,4,0.041571
RANDOM,480,InsertionSort,5,0.114873
RANDOM,480,LastQuickSort,1,0.033036
RANDOM,480,LastQuickSort,2,0.023095
RANDOM,480,LastQuickSort,3,0.015865
RANDOM,480,LastQuickSort,4,0.014761
RANDOM,480,LastQuickSort,5,0.017572
RANDOM,490,InsertionSort,1,0.060951
RANDOM,490,InsertionSort,2,0.040366
RANDOM,490,InsertionSort,3,0.037153
RANDOM,490,InsertionSort,4,0.037956
RANDOM,490,InsertionSort,5,0.036349
RANDOM,490,LastQuickSort,1,0.037053
RANDOM,490,LastQuickSort,2,0.024099
RANDOM,490,LastQuickSort,3,0.017371
RANDOM,490,LastQuickSort,4,0.056030
RANDOM,490,LastQuickSort,5,0.029020
RANDOM,500,InsertionSort,1,0.054123
RANDOM,500,InsertionSort,2,0.053118
RANDOM,500,InsertionSort,3,0.047897
RANDOM,500,InsertionSort,4,0.051713
RANDOM,500,InsertionSort,5,0.050408
RANDOM,500,LastQuickSort,1,0.046993
RANDOM,500,LastQuickSort,2,0.037052
RANDOM,500,LastQuickSort,3,0.153431
RANDOM,500,LastQuickSort,4,0.030023
RANDOM,500,LastQuickSort,5,0.019079
RANDOM,510,InsertionSort,1,0.058340
RANDOM,510,InsertionSort,2,0.062758
RANDOM,510,InsertionSort,3,0.039864
RANDOM,510,InsertionSort,4,0.039161
RANDOM,510,InsertionSort,5,0.038759
RANDOM,510,LastQuickSort,1,0.046090
RANDOM,510,LastQuickSort,2,0.029321
RANDOM,510,LastQuickSort,3,0.019280
RANDOM,510,LastQuickSort,4,0.017773
RANDOM,510,LastQuickSort,5,0.016367
RANDOM,520,InsertionSort,1,0.056432
RANDOM,520,InsertionSort,2,0.049604
RANDOM,520,InsertionSort,3,0.069988
RANDOM,520,InsertionSort,4,0.049002
RANDOM,520,InsertionSort,5,0.050307
RANDOM,520,LastQuickSort,1,0.037554
RANDOM,520,LastQuickSort,2,0.029220
RANDOM,520,LastQuickSort,3,0.020183
RANDOM,520,LastQuickSort,4,0.015866
RANDOM,520,LastQuickSort,5,0.014761
RANDOM,530,InsertionSort,1,0.055930
RANDOM,530,InsertionSort,2,0.054524
RANDOM,530,InsertionSort,3,0.053822
RANDOM,530,InsertionSort,4,0.049805
RANDOM,530,InsertionSort,5,0.051814
RANDOM,530,LastQuickSort,1,0.037555
RANDOM,530,LastQuickSort,2,0.025104
RANDOM,530,LastQuickSort,3,0.018074
RANDOM,530,LastQuickSort,4,0.016266
RANDOM,530,LastQuickSort,5,0.015364
RANDOM,540,InsertionSort,1,0.063963
RANDOM,540,InsertionSort,2,0.062457
RANDOM,540,InsertionSort,3,0.061653
RANDOM,540,InsertionSort,4,0.061753
RANDOM,540,InsertionSort,5,0.061554
RANDOM,540,LastQuickSort,1,0.038760
RANDOM,540,LastQuickSort,2,0.058440
RANDOM,540,LastQuickSort,3,0.027312
RANDOM,540,LastQuickSort,4,0.022593
RANDOM,540,LastQuickSort,5,0.019179
RANDOM,550,InsertionSort,1,0.063361
RANDOM,550,InsertionSort,2,0.062055
RANDOM,550,InsertionSort,3,0.059846
RANDOM,550,InsertionSort,4,0.058440
RANDOM,550,InsertionSort,5,0.057336
RANDOM,550,LastQuickSort,1,0.038960
RANDOM,550,LastQuickSort,2,0.030024
RANDOM,550,LastQuickSort,3,0.023195
RANDOM,550,LastQuickSort,4,0.019982
RANDOM,550,LastQuickSort,5,0.016367
RANDOM,560,InsertionSort,1,0.065972
RANDOM,560,InsertionSort,2,0.066976
RANDOM,560,InsertionSort,3,0.053219
RANDOM,560,InsertionSort,4,0.052616
RANDOM,560,InsertionSort,5,0.059545
RANDOM,560,LastQuickSort,1,0.038257
RANDOM,560,LastQuickSort,2,0.026509
RANDOM,560,LastQuickSort,3,0.017372
RANDOM,560,LastQuickSort,4,0.013958
RANDOM,560,LastQuickSort,5,0.012451
RANDOM,570,InsertionSort,1,0.060649
RANDOM,570,InsertionSort,2,0.054223
RANDOM,570,InsertionSort,3,0.051813
RANDOM,570,InsertionSort,4,0.055227
RANDOM,570,InsertionSort,5,0.058641
RANDOM,570,LastQuickSort,1,0.040768
RANDOM,570,LastQuickSort,2,0.028216
RANDOM,570,LastQuickSort,3,0.020284
RANDOM,570,LastQuickSort,4,0.022593
RANDOM,570,LastQuickSort,5,0.017673
RANDOM,580,InsertionSort,1,0.057035
RANDOM,580,InsertionSort,2,0.057235
RANDOM,580,InsertionSort,3,0.041872
RANDOM,580,InsertionSort,4,0.041370
RANDOM,580,InsertionSort,5,0.040868
RANDOM,580,LastQuickSort,1,0.038559
RANDOM,580,LastQuickSort,2,0.029120
RANDOM,580,LastQuickSort,3,0.021689
RANDOM,580,LastQuickSort,4,0.017371
RANDOM,580,LastQuickSort,5,0.017472
RANDOM,590,InsertionSort,1,0.046591
RANDOM,590,InsertionSort,2,0.044884
RANDOM,590,InsertionSort,3,0.043679
RANDOM,590,InsertionSort,4,0.043077
RANDOM,590,InsertionSort,5,0.042675
RANDOM,590,LastQuickSort,1,0.033538
RANDOM,590,LastQuickSort,2,0.023798
RANDOM,590,LastQuickSort,3,0.017170
RANDOM,590,LastQuickSort,4,0.014359
RANDOM,590,LastQuickSort,5,0.012953
RANDOM,600,InsertionSort,1,0.064566
RANDOM,600,InsertionSort,2,0.047796
RANDOM,600,InsertionSort,3,0.046491
RANDOM,600,InsertionSort,4,0.058741
RANDOM,600,InsertionSort,5,0.068180
RANDOM,600,LastQuickSort,1,0.037354
RANDOM,600,LastQuickSort,2,0.028317
RANDOM,600,LastQuickSort,3,0.021287
RANDOM,600,LastQuickSort,4,0.017974
RANDOM,600,LastQuickSort,5,0.015664
RANDOM,610,InsertionSort,1,0.069385
RANDOM,610,InsertionSort,2,0.058842
RANDOM,610,InsertionSort,3,0.066072
RANDOM,610,InsertionSort,4,0.061654
RANDOM,610,InsertionSort,5,0.062858
RANDOM,610,LastQuickSort,1,0.071996
RANDOM,610,LastQuickSort,2,0.030324
RANDOM,610,LastQuickSort,3,0.023095
RANDOM,610,LastQuickSort,4,0.019480
RANDOM,610,LastQuickSort,5,0.017271
RANDOM,620,InsertionSort,1,0.074908
RANDOM,620,InsertionSort,2,0.063260
RANDOM,620,InsertionSort,3,0.064968
RANDOM,620,InsertionSort,4,0.063863
RANDOM,620,InsertionSort,5,0.059545
RANDOM,620,LastQuickSort,1,0.086456
RANDOM,620,LastQuickSort,2,0.030826
RANDOM,620,LastQuickSort,3,0.023798
RANDOM,620,LastQuickSort,4,0.019280
RANDOM,620,LastQuickSort,5,0.018174
RANDOM,630,InsertionSort,1,0.077118
RANDOM,630,InsertionSort,2,0.051210
RANDOM,630,InsertionSort,3,0.050006
RANDOM,630,InsertionSort,4,0.052515
RANDOM,630,InsertionSort,5,0.048801
RANDOM,630,LastQuickSort,1,0.041169
RANDOM,630,LastQuickSort,2,0.030626
RANDOM,630,LastQuickSort,3,0.023396
RANDOM,630,LastQuickSort,4,0.021087
RANDOM,630,LastQuickSort,5,0.017070
RANDOM,640,InsertionSort,1,0.072799
RANDOM,640,InsertionSort,2,0.071494
RANDOM,640,InsertionSort,3,0.065871
RANDOM,640,InsertionSort,4,0.069485
RANDOM,640,InsertionSort,5,0.049202
RANDOM,640,LastQuickSort,1,0.044383
RANDOM,640,LastQuickSort,2,0.031028
RANDOM,640,LastQuickSort,3,0.022895
RANDOM,640,LastQuickSort,4,0.018476
RANDOM,640,LastQuickSort,5,0.018376
RANDOM,650,InsertionSort,1,0.077017
RANDOM,650,InsertionSort,2,0.065670
RANDOM,650,InsertionSort,3,0.067879
RANDOM,650,InsertionSort,4,0.077118
RANDOM,650,InsertionSort,5,0.069485
RANDOM,650,LastQuickSort,1,0.044985
RANDOM,650,LastQuickSort,2,0.035747
RANDOM,650,LastQuickSort,3,0.030124
RANDOM,650,LastQuickSort,4,0.027111
RANDOM,650,LastQuickSort,5,0.021690
RANDOM,660,InsertionSort,1,0.088866
RANDOM,660,InsertionSort,2,0.090774
RANDOM,660,InsertionSort,3,0.090372
RANDOM,660,InsertionSort,4,0.083242
RANDOM,660,InsertionSort,5,0.086054
RANDOM,660,LastQuickSort,1,0.045085
RANDOM,660,LastQuickSort,2,0.031630
RANDOM,660,LastQuickSort,3,0.024601
RANDOM,660,LastQuickSort,4,0.022593
RANDOM,660,LastQuickSort,5,0.015463
RANDOM,670,InsertionSort,1,0.081435
RANDOM,670,InsertionSort,2,0.054725
RANDOM,670,InsertionSort,3,0.053018
RANDOM,670,InsertionSort,4,0.052416
RANDOM,670,InsertionSort,5,0.052114
RANDOM,670,LastQuickSort,1,0.044181
RANDOM,670,LastQuickSort,2,0.038157
RANDOM,670,LastQuickSort,3,0.026408
RANDOM,670,LastQuickSort,4,0.021388
RANDOM,670,LastQuickSort,5,0.018376
RANDOM,680,InsertionSort,1,0.086556
RANDOM,680,InsertionSort,2,0.111458
RANDOM,680,InsertionSort,3,0.073301
RANDOM,680,InsertionSort,4,0.069687
RANDOM,680,InsertionSort,5,0.055327
RANDOM,680,LastQuickSort,1,0.045587
RANDOM,680,LastQuickSort,2,0.030325
RANDOM,680,LastQuickSort,3,0.022794
RANDOM,680,LastQuickSort,4,0.018878
RANDOM,680,LastQuickSort,5,0.016568
RANDOM,690,InsertionSort,1,0.078723
RANDOM,690,InsertionSort,2,0.078322
RANDOM,690,InsertionSort,3,0.069084
RANDOM,690,InsertionSort,4,0.059946
RANDOM,690,InsertionSort,5,0.072096
RANDOM,690,LastQuickSort,1,0.046089
RANDOM,690,LastQuickSort,2,0.033438
RANDOM,690,LastQuickSort,3,0.028618
RANDOM,690,LastQuickSort,4,0.023999
RANDOM,690,LastQuickSort,5,0.025103
RANDOM,700,InsertionSort,1,0.090874
RANDOM,700,InsertionSort,2,0.090171
RANDOM,700,InsertionSort,3,0.085451
RANDOM,700,InsertionSort,4,0.086154
RANDOM,700,InsertionSort,5,0.084649
RANDOM,700,LastQuickSort,1,0.048299
RANDOM,700,LastQuickSort,2,0.034843
RANDOM,700,LastQuickSort,3,0.028116
RANDOM,700,LastQuickSort,4,0.056633
RANDOM,700,LastQuickSort,5,0.020785
RANDOM,710,InsertionSort,1,0.092782
RANDOM,710,InsertionSort,2,0.086455
RANDOM,710,InsertionSort,3,0.084648
RANDOM,710,InsertionSort,4,0.073603
RANDOM,710,InsertionSort,5,0.060349
RANDOM,710,LastQuickSort,1,0.047294
RANDOM,710,LastQuickSort,2,0.038860
RANDOM,710,LastQuickSort,3,0.026509
RANDOM,710,LastQuickSort,4,0.021388
RANDOM,710,LastQuickSort,5,0.018175
RANDOM,720,InsertionSort,1,0.104128
RANDOM,720,InsertionSort,2,0.083644
RANDOM,720,InsertionSort,3,0.085752
RANDOM,720,InsertionSort,4,0.083544
RANDOM,720,InsertionSort,5,0.080632
RANDOM,720,LastQuickSort,1,0.051110
RANDOM,720,LastQuickSort,2,0.035948
RANDOM,720,LastQuickSort,3,0.027011
RANDOM,720,LastQuickSort,4,0.022191
RANDOM,720,LastQuickSort,5,0.019680
RANDOM,730,InsertionSort,1,0.105233
RANDOM,730,InsertionSort,2,0.088664
RANDOM,730,InsertionSort,3,0.089468
RANDOM,730,InsertionSort,4,0.065871
RANDOM,730,InsertionSort,5,0.065369
RANDOM,730,LastQuickSort,1,0.048198
RANDOM,730,LastQuickSort,2,0.034643
RANDOM,730,LastQuickSort,3,0.026308
RANDOM,730,LastQuickSort,4,0.022191
RANDOM,730,LastQuickSort,5,0.019078
RANDOM,740,InsertionSort,1,0.078322
RANDOM,740,InsertionSort,2,0.068883
RANDOM,740,InsertionSort,3,0.071193
RANDOM,740,InsertionSort,4,0.089468
RANDOM,740,InsertionSort,5,0.084046
RANDOM,740,LastQuickSort,1,0.076314
RANDOM,740,LastQuickSort,2,0.040466
RANDOM,740,LastQuickSort,3,0.030525
RANDOM,740,LastQuickSort,4,0.025606
RANDOM,740,LastQuickSort,5,0.022091
RANDOM,750,InsertionSort,1,0.089669
RANDOM,750,InsertionSort,2,0.073001
RANDOM,750,InsertionSort,3,0.071293
RANDOM,750,InsertionSort,4,0.070590
RANDOM,750,InsertionSort,5,0.092179
RANDOM,750,LastQuickSort,1,0.052315
RANDOM,750,LastQuickSort,2,0.039663
RANDOM,750,LastQuickSort,3,0.030124
RANDOM,750,LastQuickSort,4,0.028919
RANDOM,750,LastQuickSort,5,0.023798
RANDOM,760,InsertionSort,1,0.103927
RANDOM,760,InsertionSort,2,0.073904
RANDOM,760,InsertionSort,3,0.073000
RANDOM,760,InsertionSort,4,0.072197
RANDOM,760,InsertionSort,5,0.071996
RANDOM,760,LastQuickSort,1,0.054625
RANDOM,760,LastQuickSort,2,0.035044
RANDOM,760,LastQuickSort,3,0.026409
RANDOM,760,LastQuickSort,4,0.022191
RANDOM,760,LastQuickSort,5,0.019480
RANDOM,770,InsertionSort,1,0.094288
RANDOM,770,InsertionSort,2,0.073000
RANDOM,770,InsertionSort,3,0.071192
RANDOM,770,InsertionSort,4,0.070490
RANDOM,770,InsertionSort,5,0.070289
RANDOM,770,LastQuickSort,1,0.054725
RANDOM,770,LastQuickSort,2,0.038358
RANDOM,770,LastQuickSort,3,0.030124
RANDOM,770,LastQuickSort,4,0.024902
RANDOM,770,LastQuickSort,5,0.021087
RANDOM,780,InsertionSort,1,0.160460
RANDOM,780,InsertionSort,2,0.103024
RANDOM,780,InsertionSort,3,0.074507
RANDOM,780,InsertionSort,4,0.078021
RANDOM,780,InsertionSort,5,0.073603
RANDOM,780,LastQuickSort,1,0.049805
RANDOM,780,LastQuickSort,2,0.041672
RANDOM,780,LastQuickSort,3,0.037454
RANDOM,780,LastQuickSort,4,0.025003
RANDOM,780,LastQuickSort,5,0.022593
RANDOM,790,InsertionSort,1,0.100815
RANDOM,790,InsertionSort,2,0.090170
RANDOM,790,InsertionSort,3,0.171405
RANDOM,790,InsertionSort,4,0.179638
RANDOM,790,InsertionSort,5,0.086155
RANDOM,790,LastQuickSort,1,0.052215
RANDOM,790,LastQuickSort,2,0.042675
RANDOM,790,LastQuickSort,3,0.102923
RANDOM,790,LastQuickSort,4,0.050307
RANDOM,790,LastQuickSort,5,0.038358
RANDOM,800,InsertionSort,1,0.110554
RANDOM,800,InsertionSort,2,0.078623
RANDOM,800,InsertionSort,3,0.077519
RANDOM,800,InsertionSort,4,0.076916
RANDOM,800,InsertionSort,5,0.076615
RANDOM,800,LastQuickSort,1,0.052817
RANDOM,800,LastQuickSort,2,0.041370
RANDOM,800,LastQuickSort,3,0.029220
RANDOM,800,LastQuickSort,4,0.023998
RANDOM,800,LastQuickSort,5,0.022091
RANDOM,810,InsertionSort,1,0.114973
RANDOM,810,InsertionSort,2,0.118588
RANDOM,810,InsertionSort,3,0.103927
RANDOM,810,InsertionSort,4,0.089167
RANDOM,810,InsertionSort,5,0.112563
RANDOM,810,LastQuickSort,1,0.056633
RANDOM,810,LastQuickSort,2,0.046994
RANDOM,810,LastQuickSort,3,0.036752
RANDOM,810,LastQuickSort,4,0.034542
RANDOM,810,LastQuickSort,5,0.031631
RANDOM,820,InsertionSort,1,0.164878
RANDOM,820,InsertionSort,2,0.133449
RANDOM,820,InsertionSort,3,0.115776
RANDOM,820,InsertionSort,4,0.112965
RANDOM,820,InsertionSort,5,0.106940
RANDOM,820,LastQuickSort,1,0.055829
RANDOM,820,LastQuickSort,2,0.043881
RANDOM,820,LastQuickSort,3,0.037354
RANDOM,820,LastQuickSort,4,0.030325
RANDOM,820,LastQuickSort,5,0.026709
RANDOM,830,InsertionSort,1,0.113868
RANDOM,830,InsertionSort,2,0.095493
RANDOM,830,InsertionSort,3,0.119090
RANDOM,830,InsertionSort,4,0.086857
RANDOM,830,InsertionSort,5,0.085150
RANDOM,830,LastQuickSort,1,0.049604
RANDOM,830,LastQuickSort,2,0.039663
RANDOM,830,LastQuickSort,3,0.031731
RANDOM,830,LastQuickSort,4,0.027212
RANDOM,830,LastQuickSort,5,0.023697
RANDOM,840,InsertionSort,1,0.130838
RANDOM,840,InsertionSort,2,0.099811
RANDOM,840,InsertionSort,3,0.128127
RANDOM,840,InsertionSort,4,0.103727
RANDOM,840,InsertionSort,5,0.193094
RANDOM,840,LastQuickSort,1,0.056432
RANDOM,840,LastQuickSort,2,0.046190
RANDOM,840,LastQuickSort,3,0.041771
RANDOM,840,LastQuickSort,4,0.028818
RANDOM,840,LastQuickSort,5,0.024802
RANDOM,850,InsertionSort,1,0.151021
RANDOM,850,InsertionSort,2,0.141984
RANDOM,850,InsertionSort,3,0.134052
RANDOM,850,InsertionSort,4,0.134052
RANDOM,850,InsertionSort,5,0.130035
RANDOM,850,LastQuickSort,1,0.063763
RANDOM,850,LastQuickSort,2,0.052014
RANDOM,850,LastQuickSort,3,0.043679
RANDOM,850,LastQuickSort,4,0.037353
RANDOM,850,LastQuickSort,5,0.032233
RANDOM,860,InsertionSort,1,0.143289
RANDOM,860,InsertionSort,2,0.145598
RANDOM,860,InsertionSort,3,0.180743
RANDOM,860,InsertionSort,4,0.181847
RANDOM,860,InsertionSort,5,0.153030
RANDOM,860,LastQuickSort,1,0.059745
RANDOM,860,LastQuickSort,2,0.053118
RANDOM,860,LastQuickSort,3,0.036551
RANDOM,860,LastQuickSort,4,0.030124
RANDOM,860,LastQuickSort,5,0.026309
RANDOM,870,InsertionSort,1,0.094288
RANDOM,870,InsertionSort,2,0.091677
RANDOM,870,InsertionSort,3,0.090874
RANDOM,870,InsertionSort,4,0.090271
RANDOM,870,InsertionSort,5,0.089870
RANDOM,870,LastQuickSort,1,0.052617
RANDOM,870,LastQuickSort,2,0.041973
RANDOM,870,LastQuickSort,3,0.034241
RANDOM,870,LastQuickSort,4,0.029622
RANDOM,870,LastQuickSort,5,0.025806
RANDOM,880,InsertionSort,1,0.095191
RANDOM,880,InsertionSort,2,0.093786
RANDOM,880,InsertionSort,3,0.092681
RANDOM,880,InsertionSort,4,0.105433
RANDOM,880,InsertionSort,5,0.091777
RANDOM,880,LastQuickSort,1,0.051010
RANDOM,880,LastQuickSort,2,0.042676
RANDOM,880,LastQuickSort,3,0.035647
RANDOM,880,LastQuickSort,4,0.031228
RANDOM,880,LastQuickSort,5,0.027814
RANDOM,890,InsertionSort,1,0.098606
RANDOM,890,InsertionSort,2,0.144494
RANDOM,890,InsertionSort,3,0.095894
RANDOM,890,InsertionSort,4,0.095091
RANDOM,890,InsertionSort,5,0.094589
RANDOM,890,LastQuickSort,1,0.057838
RANDOM,890,LastQuickSort,2,0.053420
RANDOM,890,LastQuickSort,3,0.043881
RANDOM,890,LastQuickSort,4,0.064264
RANDOM,890,LastQuickSort,5,0.039261
RANDOM,900,InsertionSort,1,0.142587
RANDOM,900,InsertionSort,2,0.135357
RANDOM,900,InsertionSort,3,0.213880
RANDOM,900,InsertionSort,4,0.133850
RANDOM,900,InsertionSort,5,0.154435
RANDOM,900,LastQuickSort,1,0.060248
RANDOM,900,LastQuickSort,2,0.050106
RANDOM,900,LastQuickSort,3,0.073703
RANDOM,900,LastQuickSort,4,0.036249
RANDOM,900,LastQuickSort,5,0.032734
RANDOM,910,InsertionSort,1,0.148612
RANDOM,910,InsertionSort,2,0.190081
RANDOM,910,InsertionSort,3,0.154234
RANDOM,910,InsertionSort,4,0.151724
RANDOM,910,InsertionSort,5,0.153431
RANDOM,910,LastQuickSort,1,0.069084
RANDOM,910,LastQuickSort,2,0.059344
RANDOM,910,LastQuickSort,3,0.051512
RANDOM,910,LastQuickSort,4,0.046692
RANDOM,910,LastQuickSort,5,0.042174
RANDOM,920,InsertionSort,1,0.162167
RANDOM,920,InsertionSort,2,0.164175
RANDOM,920,InsertionSort,3,0.158050
RANDOM,920,InsertionSort,4,0.161765
RANDOM,920,InsertionSort,5,0.147607
RANDOM,920,LastQuickSort,1,0.069184
RANDOM,920,LastQuickSort,2,0.058943
RANDOM,920,LastQuickSort,3,0.048600
RANDOM,920,LastQuickSort,4,0.047596
RANDOM,920,LastQuickSort,5,0.046793
RANDOM,930,InsertionSort,1,0.143591
RANDOM,930,InsertionSort,2,0.135558
RANDOM,930,InsertionSort,3,0.129030
RANDOM,930,InsertionSort,4,0.103023
RANDOM,930,InsertionSort,5,0.103124
RANDOM,930,LastQuickSort,1,0.055729
RANDOM,930,LastQuickSort,2,0.045487
RANDOM,930,LastQuickSort,3,0.038257
RANDOM,930,LastQuickSort,4,0.033739
RANDOM,930,LastQuickSort,5,0.030225
RANDOM,940,InsertionSort,1,0.109149
RANDOM,940,InsertionSort,2,0.135357
RANDOM,940,InsertionSort,3,0.139273
RANDOM,940,InsertionSort,4,0.170401
RANDOM,940,InsertionSort,5,0.157849
RANDOM,940,LastQuickSort,1,0.071294
RANDOM,940,LastQuickSort,2,0.057336
RANDOM,940,LastQuickSort,3,0.052416
RANDOM,940,LastQuickSort,4,0.046692
RANDOM,940,LastQuickSort,5,0.042173
RANDOM,950,InsertionSort,1,0.199420
RANDOM,950,InsertionSort,2,0.163071
RANDOM,950,InsertionSort,3,0.172710
RANDOM,950,InsertionSort,4,0.173112
RANDOM,950,InsertionSort,5,0.232857
RANDOM,950,LastQuickSort,1,0.065671
RANDOM,950,LastQuickSort,2,0.057738
RANDOM,950,LastQuickSort,3,0.049101
RANDOM,950,LastQuickSort,4,0.042776
RANDOM,950,LastQuickSort,5,0.038759
RANDOM,960,InsertionSort,1,0.149213
RANDOM,960,InsertionSort,2,0.114873
RANDOM,960,InsertionSort,3,0.113065
RANDOM,960,InsertionSort,4,0.112362
RANDOM,960,InsertionSort,5,0.125616
RANDOM,960,LastQuickSort,1,0.066071
RANDOM,960,LastQuickSort,2,0.054725
RANDOM,960,LastQuickSort,3,0.048600
RANDOM,960,LastQuickSort,4,0.042876
RANDOM,960,LastQuickSort,5,0.040366
RANDOM,970,InsertionSort,1,0.170300
RANDOM,970,InsertionSort,2,0.153732
RANDOM,970,InsertionSort,3,0.115073
RANDOM,970,InsertionSort,4,0.114772
RANDOM,970,InsertionSort,5,0.164577
RANDOM,970,LastQuickSort,1,0.064767
RANDOM,970,LastQuickSort,2,0.050005
RANDOM,970,LastQuickSort,3,0.042375
RANDOM,970,LastQuickSort,4,0.037956
RANDOM,970,LastQuickSort,5,0.033839
RANDOM,980,InsertionSort,1,0.119693
RANDOM,980,InsertionSort,2,0.118488
RANDOM,980,InsertionSort,3,0.117182
RANDOM,980,InsertionSort,4,0.116378
RANDOM,980,InsertionSort,5,0.116077
RANDOM,980,LastQuickSort,1,0.065871
RANDOM,980,LastQuickSort,2,0.057837
RANDOM,980,LastQuickSort,3,0.050407
RANDOM,980,LastQuickSort,4,0.038859
RANDOM,980,LastQuickSort,5,0.034341
RANDOM,990,InsertionSort,1,0.168392
RANDOM,990,InsertionSort,2,0.121600
RANDOM,990,InsertionSort,3,0.161665
RANDOM,990,InsertionSort,4,0.154235
RANDOM,990,InsertionSort,5,0.160762
RANDOM,990,LastQuickSort,1,0.070490
RANDOM,990,LastQuickSort,2,0.058039
RANDOM,990,LastQuickSort,3,0.050207
RANDOM,990,LastQuickSort,4,0.043780
RANDOM,990,LastQuickSort,5,0.089468
RANDOM,1000,InsertionSort,1,0.170401
RANDOM,1000,InsertionSort,2,0.144494
RANDOM,1000,InsertionSort,3,0.134955
RANDOM,1000,InsertionSort,4,0.120195
RANDOM,1000,InsertionSort,5,0.119592
RANDOM,1000,LastQuickSort,1,0.069586
RANDOM,1000,LastQuickSort,2,0.061151
RANDOM,1000,LastQuickSort,3,0.049303
RANDOM,1000,LastQuickSort,4,0.040567
RANDOM,1000,LastQuickSort,5,0.035948
RANDOM,10000,LastQuickSort,1,0.880521
RANDOM,10000,LastQuickSort,2,0.902713
RANDOM,10000,LastQuickSort,3,0.896186
RANDOM,10000,LastQuickSort,4,0.851702
RANDOM,10000,LastQuickSort,5,0.908436
RANDOM,10000,TwoPointerQuickSort,1,13.474112
RANDOM,10000,TwoPointerQuickSort,2,2.243426
RANDOM,10000,TwoPointerQuickSort,3,2.225352
RANDOM,10000,TwoPointerQuickSort,4,2.176852
RANDOM,10000,TwoPointerQuickSort,5,3.912289
RANDOM,20000,LastQuickSort,1,2.096522
RANDOM,20000,LastQuickSort,2,2.055955
RANDOM,20000,LastQuickSort,3,1.989281
RANDOM,20000,LastQuickSort,4,1.964580
RANDOM,20000,LastQuickSort,5,1.910356
RANDOM,20000,TwoPointerQuickSort,1,2.096823
RANDOM,20000,TwoPointerQuickSort,2,2.119115
RANDOM,20000,TwoPointerQuickSort,3,1.972210
RANDOM,20000,TwoPointerQuickSort,4,2.066197
RANDOM,20000,TwoPointerQuickSort,5,1.689046
RANDOM,30000,LastQuickSort,1,3.294549
RANDOM,30000,LastQuickSort,2,3.187107
RANDOM,30000,LastQuickSort,3,3.028354
RANDOM,30000,LastQuickSort,4,3.063499
RANDOM,30000,LastQuickSort,5,3.223959
RANDOM,30000,TwoPointerQuickSort,1,3.253179
RANDOM,30000,TwoPointerQuickSort,2,3.199759
RANDOM,30000,TwoPointerQuickSort,3,3.166622
RANDOM,30000,TwoPointerQuickSort,4,3.341643
RANDOM,30000,TwoPointerQuickSort,5,3.173652
RANDOM,40000,LastQuickSort,1,4.045638
RANDOM,40000,LastQuickSort,2,4.239334
RANDOM,40000,LastQuickSort,3,3.627920
RANDOM,40000,LastQuickSort,4,3.445971
RANDOM,40000,LastQuickSort,5,3.413940
RANDOM,40000,TwoPointerQuickSort,1,3.450590
RANDOM,40000,TwoPointerQuickSort,2,3.533934
RANDOM,40000,TwoPointerQuickSort,3,3.417253
RANDOM,40000,TwoPointerQuickSort,4,3.434123
RANDOM,40000,TwoPointerQuickSort,5,3.412635
RANDOM,50000,LastQuickSort,1,4.230197
RANDOM,50000,LastQuickSort,2,4.321874
RANDOM,50000,LastQuickSort,3,4.396279
RANDOM,50000,LastQuickSort,4,4.334224
RANDOM,50000,LastQuickSort,5,4.291750
RANDOM,50000,TwoPointerQuickSort,1,4.418572
RANDOM,50000,TwoPointerQuickSort,2,4.357822
RANDOM,50000,TwoPointerQuickSort,3,4.291448
RANDOM,50000,TwoPointerQuickSort,4,4.574915
RANDOM,50000,TwoPointerQuickSort,5,5.241556
RANDOM,60000,LastQuickSort,1,5.642806
RANDOM,60000,LastQuickSort,2,5.243363
RANDOM,60000,LastQuickSort,3,5.287143
RANDOM,60000,LastQuickSort,4,5.209624
RANDOM,60000,LastQuickSort,5,5.164539
RANDOM,60000,TwoPointerQuickSort,1,5.308331
RANDOM,60000,TwoPointerQuickSort,2,5.339659
RANDOM,60000,TwoPointerQuickSort,3,5.144858
RANDOM,60000,TwoPointerQuickSort,4,5.410551
RANDOM,60000,TwoPointerQuickSort,5,5.413664
RANDOM,70000,LastQuickSort,1,6.374114
RANDOM,70000,LastQuickSort,2,6.139750
RANDOM,70000,LastQuickSort,3,6.090849
RANDOM,70000,LastQuickSort,4,6.180317
RANDOM,70000,LastQuickSort,5,6.081008
RANDOM,70000,TwoPointerQuickSort,1,6.246991
RANDOM,70000,TwoPointerQuickSort,2,6.202709
RANDOM,70000,TwoPointerQuickSort,3,6.109525
RANDOM,70000,TwoPointerQuickSort,4,7.596340
RANDOM,70000,TwoPointerQuickSort,5,6.197587
RANDOM,80000,LastQuickSort,1,7.246903
RANDOM,80000,LastQuickSort,2,6.943958
RANDOM,80000,LastQuickSort,3,7.019869
RANDOM,80000,LastQuickSort,4,7.027099
RANDOM,80000,LastQuickSort,5,7.629074
RANDOM,80000,TwoPointerQuickSort,1,7.862635
RANDOM,80000,TwoPointerQuickSort,2,7.862033
RANDOM,80000,TwoPointerQuickSort,3,9.056746
RANDOM,80000,TwoPointerQuickSort,4,19.952756
RANDOM,80000,TwoPointerQuickSort,5,16.445131
RANDOM,90000,LastQuickSort,1,17.343526
RANDOM,90000,LastQuickSort,2,12.467071
RANDOM,90000,LastQuickSort,3,11.746106
RANDOM,90000,LastQuickSort,4,9.690452
RANDOM,90000,LastQuickSort,5,9.927225
RANDOM,90000,TwoPointerQuickSort,1,15.485685
RANDOM,90000,TwoPointerQuickSort,2,13.729061
RANDOM,90000,TwoPointerQuickSort,3,14.174493
RANDOM,90000,TwoPointerQuickSort,4,9.918591
RANDOM,90000,TwoPointerQuickSort,5,8.096397
RANDOM,100000,LastQuickSort,1,8.987060
RANDOM,100000,LastQuickSort,2,9.136373
RANDOM,100000,LastQuickSort,3,8.947195
RANDOM,100000,LastQuickSort,4,11.341342
RANDOM,100000,LastQuickSort,5,10.240275
RANDOM,100000,TwoPointerQuickSort,1,9.251202
RANDOM,100000,TwoPointerQuickSort,2,10.044693
RANDOM,100000,TwoPointerQuickSort,3,9.781735
RANDOM,100000,TwoPointerQuickSort,4,9.494472
RANDOM,100000,TwoPointerQuickSort,5,11.185411
RANDOM,110000,LastQuickSort,1,12.344712
RANDOM,110000,LastQuickSort,2,10.917533
RANDOM,110000,LastQuickSort,3,10.170245
RANDOM,110000,LastQuickSort,4,10.227597
RANDOM,110000,LastQuickSort,5,10.700478
RANDOM,110000,TwoPointerQuickSort,1,10.375448
RANDOM,110000,TwoPointerQuickSort,2,9.908995
RANDOM,110000,TwoPointerQuickSort,3,9.951081
RANDOM,110000,TwoPointerQuickSort,4,9.760442
RANDOM,110000,TwoPointerQuickSort,5,9.754616
RANDOM,120000,LastQuickSort,1,10.417031
RANDOM,120000,LastQuickSort,2,11.507027
RANDOM,120000,LastQuickSort,3,13.909496
RANDOM,120000,LastQuickSort,4,10.450980
RANDOM,120000,LastQuickSort,5,10.432499
RANDOM,120000,TwoPointerQuickSort,1,10.657790
RANDOM,120000,TwoPointerQuickSort,2,10.425970
RANDOM,120000,TwoPointerQuickSort,3,10.412912
RANDOM,120000,TwoPointerQuickSort,4,10.660803
RANDOM,120000,TwoPointerQuickSort,5,10.495074
RANDOM,130000,LastQuickSort,1,11.912711
RANDOM,130000,LastQuickSort,2,11.390112
RANDOM,130000,LastQuickSort,3,11.303029
RANDOM,130000,LastQuickSort,4,11.465042
RANDOM,130000,LastQuickSort,5,17.447964
RANDOM,130000,TwoPointerQuickSort,1,15.854955
RANDOM,130000,TwoPointerQuickSort,2,12.225487
RANDOM,130000,TwoPointerQuickSort,3,13.932698
RANDOM,130000,TwoPointerQuickSort,4,11.253812
RANDOM,130000,TwoPointerQuickSort,5,11.269180
RANDOM,140000,LastQuickSort,1,12.457609
RANDOM,140000,LastQuickSort,2,12.183402
RANDOM,140000,LastQuickSort,3,12.144632
RANDOM,140000,LastQuickSort,4,12.152969
RANDOM,140000,LastQuickSort,5,12.312068
RANDOM,140000,TwoPointerQuickSort,1,11.994973
RANDOM,140000,TwoPointerQuickSort,2,11.879766
RANDOM,140000,TwoPointerQuickSort,3,11.869119
RANDOM,140000,TwoPointerQuickSort,4,11.822514
RANDOM,140000,TwoPointerQuickSort,5,11.699071
RANDOM,150000,LastQuickSort,1,14.590090
RANDOM,150000,LastQuickSort,2,18.973878
RANDOM,150000,LastQuickSort,3,16.525304
RANDOM,150000,LastQuickSort,4,12.333664
RANDOM,150000,LastQuickSort,5,11.885491
RANDOM,150000,TwoPointerQuickSort,1,11.816488
RANDOM,150000,TwoPointerQuickSort,2,11.735130
RANDOM,150000,TwoPointerQuickSort,3,30.908083
RANDOM,150000,TwoPointerQuickSort,4,33.754206
RANDOM,150000,TwoPointerQuickSort,5,35.995968
RANDOM,160000,LastQuickSort,1,31.307942
RANDOM,160000,LastQuickSort,2,37.553420
RANDOM,160000,LastQuickSort,3,39.588473
RANDOM,160000,LastQuickSort,4,34.493959
RANDOM,160000,LastQuickSort,5,21.396335
RANDOM,160000,TwoPointerQuickSort,1,16.254815
RANDOM,160000,TwoPointerQuickSort,2,17.940230
RANDOM,160000,TwoPointerQuickSort,3,16.123738
RANDOM,160000,TwoPointerQuickSort,4,16.682944
RANDOM,160000,TwoPointerQuickSort,5,15.191149
RANDOM,170000,LastQuickSort,1,18.444379
RANDOM,170000,LastQuickSort,2,33.314032
RANDOM,170000,LastQuickSort,3,43.560285
RANDOM,170000,LastQuickSort,4,45.618657
RANDOM,170000,LastQuickSort,5,44.753232
RANDOM,170000,TwoPointerQuickSort,1,43.903481
RANDOM,170000,TwoPointerQuickSort,2,28.660189
RANDOM,170000,TwoPointerQuickSort,3,28.366222
RANDOM,170000,TwoPointerQuickSort,4,27.341859
RANDOM,170000,TwoPointerQuickSort,5,29.974803
RANDOM,180000,LastQuickSort,1,48.940707
RANDOM,180000,LastQuickSort,2,29.966263
RANDOM,180000,LastQuickSort,3,31.243202
RANDOM,180000,LastQuickSort,4,24.510390
RANDOM,180000,LastQuickSort,5,18.523346
RANDOM,180000,TwoPointerQuickSort,1,12.391027
RANDOM,180000,TwoPointerQuickSort,2,18.577196
RANDOM,180000,TwoPointerQuickSort,3,30.875793
RANDOM,180000,TwoPointerQuickSort,4,22.031059
RANDOM,180000,TwoPointerQuickSort,5,12.193910
RANDOM,190000,LastQuickSort,1,14.988004
RANDOM,190000,LastQuickSort,2,13.101229
RANDOM,190000,LastQuickSort,3,12.654150
RANDOM,190000,LastQuickSort,4,13.532636
RANDOM,190000,LastQuickSort,5,28.731420
RANDOM,190000,TwoPointerQuickSort,1,28.558215
RANDOM,190000,TwoPointerQuickSort,2,23.415397
RANDOM,190000,TwoPointerQuickSort,3,15.951083
RANDOM,190000,TwoPointerQuickSort,4,15.925665
RANDOM,190000,TwoPointerQuickSort,5,15.781696
RANDOM,200000,LastQuickSort,1,15.032310
RANDOM,200000,LastQuickSort,2,15.546200
RANDOM,200000,LastQuickSort,3,13.590706
RANDOM,200000,LastQuickSort,4,16.104898
RANDOM,200000,LastQuickSort,5,14.644506
RANDOM,200000,TwoPointerQuickSort,1,16.589251
RANDOM,200000,TwoPointerQuickSort,2,21.996699
RANDOM,200000,TwoPointerQuickSort,3,13.386757
RANDOM,200000,TwoPointerQuickSort,4,13.331802
RANDOM,200000,TwoPointerQuickSort,5,16.444753
RANDOM,210000,LastQuickSort,1,14.825102
RANDOM,210000,LastQuickSort,2,14.494090
RANDOM,210000,LastQuickSort,3,14.591062
RANDOM,210000,LastQuickSort,4,14.369784
RANDOM,210000,LastQuickSort,5,14.242364
RANDOM,210000,TwoPointerQuickSort,1,14.361746
RANDOM,210000,TwoPointerQuickSort,2,17.472897
RANDOM,210000,TwoPointerQuickSort,3,24.594683
RANDOM,210000,TwoPointerQuickSort,4,23.208632
RANDOM,210000,TwoPointerQuickSort,5,21.599193
RANDOM,220000,LastQuickSort,1,43.605269
RANDOM,220000,LastQuickSort,2,25.643390
RANDOM,220000,LastQuickSort,3,19.695824
RANDOM,220000,LastQuickSort,4,15.068889
RANDOM,220000,LastQuickSort,5,15.102955
RANDOM,220000,TwoPointerQuickSort,1,15.047183
RANDOM,220000,TwoPointerQuickSort,2,35.579883
RANDOM,220000,TwoPointerQuickSort,3,53.542566
RANDOM,220000,TwoPointerQuickSort,4,41.340338
RANDOM,220000,TwoPointerQuickSort,5,30.246307
RANDOM,230000,LastQuickSort,1,36.336770
RANDOM,230000,LastQuickSort,2,19.416161
RANDOM,230000,LastQuickSort,3,31.391796
RANDOM,230000,LastQuickSort,4,16.354355
RANDOM,230000,LastQuickSort,5,23.718100
RANDOM,230000,TwoPointerQuickSort,1,40.978679
RANDOM,230000,TwoPointerQuickSort,2,28.214962
RANDOM,230000,TwoPointerQuickSort,3,38.647855
RANDOM,230000,TwoPointerQuickSort,4,23.196209
RANDOM,230000,TwoPointerQuickSort,5,15.413665
RANDOM,240000,LastQuickSort,1,16.568778
RANDOM,240000,LastQuickSort,2,16.537428
RANDOM,240000,LastQuickSort,3,16.526275
RANDOM,240000,LastQuickSort,4,32.502525
RANDOM,240000,LastQuickSort,5,40.027037
RANDOM,240000,TwoPointerQuickSort,1,18.554455
RANDOM,240000,TwoPointerQuickSort,2,16.328230
RANDOM,240000,TwoPointerQuickSort,3,16.436949
RANDOM,240000,TwoPointerQuickSort,4,16.530897
RANDOM,240000,TwoPointerQuickSort,5,16.557734
RANDOM,250000,LastQuickSort,1,24.214821
RANDOM,250000,LastQuickSort,2,20.682082
RANDOM,250000,LastQuickSort,3,17.290846
RANDOM,250000,LastQuickSort,4,17.381295
RANDOM,250000,LastQuickSort,5,17.378782
RANDOM,250000,TwoPointerQuickSort,1,17.449231
RANDOM,250000,TwoPointerQuickSort,2,17.336773
RANDOM,250000,TwoPointerQuickSort,3,17.346120
RANDOM,250000,TwoPointerQuickSort,4,17.367828
RANDOM,250000,TwoPointerQuickSort,5,17.246123
RANDOM,260000,LastQuickSort,1,17.678269
RANDOM,260000,LastQuickSort,2,17.505813
RANDOM,260000,LastQuickSort,3,17.561389
RANDOM,260000,LastQuickSort,4,17.700680
RANDOM,260000,LastQuickSort,5,22.489355
RANDOM,260000,TwoPointerQuickSort,1,24.299039
RANDOM,260000,TwoPointerQuickSort,2,27.198435
RANDOM,260000,TwoPointerQuickSort,3,20.144815
RANDOM,260000,TwoPointerQuickSort,4,18.023282
RANDOM,260000,TwoPointerQuickSort,5,18.057753
RANDOM,270000,LastQuickSort,1,25.180918
RANDOM,270000,LastQuickSort,2,47.151297
RANDOM,270000,LastQuickSort,3,27.961623
RANDOM,270000,LastQuickSort,4,43.257565
RANDOM,270000,LastQuickSort,5,77.367513
RANDOM,270000,TwoPointerQuickSort,1,65.973544
RANDOM,270000,TwoPointerQuickSort,2,56.686134
RANDOM,270000,TwoPointerQuickSort,3,62.745318
RANDOM,270000,TwoPointerQuickSort,4,78.947558
RANDOM,270000,TwoPointerQuickSort,5,46.682972
RANDOM,280000,LastQuickSort,1,48.040232
RANDOM,280000,LastQuickSort,2,27.358325
RANDOM,280000,LastQuickSort,3,19.902456
RANDOM,280000,LastQuickSort,4,28.535970
RANDOM,280000,LastQuickSort,5,35.096141
RANDOM,280000,TwoPointerQuickSort,1,41.028391
RANDOM,280000,TwoPointerQuickSort,2,55.698892
RANDOM,280000,TwoPointerQuickSort,3,28.624525
RANDOM,280000,TwoPointerQuickSort,4,19.765050
RANDOM,280000,TwoPointerQuickSort,5,19.901149
RANDOM,290000,LastQuickSort,1,21.479349
RANDOM,290000,LastQuickSort,2,20.978679
RANDOM,290000,LastQuickSort,3,20.477205
RANDOM,290000,LastQuickSort,4,20.688792
RANDOM,290000,LastQuickSort,5,25.641715
RANDOM,290000,TwoPointerQuickSort,1,36.284542
RANDOM,290000,TwoPointerQuickSort,2,27.107437
RANDOM,290000,TwoPointerQuickSort,3,23.911533
RANDOM,290000,TwoPointerQuickSort,4,21.973586
RANDOM,290000,TwoPointerQuickSort,5,24.941319
RANDOM,300000,LastQuickSort,1,22.572661
RANDOM,300000,LastQuickSort,2,21.731946
RANDOM,300000,LastQuickSort,3,28.383287
RANDOM,300000,LastQuickSort,4,29.132130
RANDOM,300000,LastQuickSort,5,22.077520
RANDOM,300000,TwoPointerQuickSort,1,21.636657
RANDOM,300000,TwoPointerQuickSort,2,21.458643
RANDOM,300000,TwoPointerQuickSort,3,40.794591
RANDOM,300000,TwoPointerQuickSort,4,54.273174
RANDOM,300000,TwoPointerQuickSort,5,64.890470
RANDOM,310000,LastQuickSort,1,46.901838
RANDOM,310000,LastQuickSort,2,27.285753
RANDOM,310000,LastQuickSort,3,26.533592
RANDOM,310000,LastQuickSort,4,23.658777
RANDOM,310000,LastQuickSort,5,26.566264
RANDOM,310000,TwoPointerQuickSort,1,27.053034
RANDOM,310000,TwoPointerQuickSort,2,24.525992
RANDOM,310000,TwoPointerQuickSort,3,25.520041
RANDOM,310000,TwoPointerQuickSort,4,22.462095
RANDOM,310000,TwoPointerQuickSort,5,22.301246
RANDOM,320000,LastQuickSort,1,23.326861
RANDOM,320000,LastQuickSort,2,34.167396
RANDOM,320000,LastQuickSort,3,51.682472
RANDOM,320000,LastQuickSort,4,22.758762
RANDOM,320000,LastQuickSort,5,22.887240
RANDOM,320000,TwoPointerQuickSort,1,23.056734
RANDOM,320000,TwoPointerQuickSort,2,34.848693
RANDOM,320000,TwoPointerQuickSort,3,66.778677
RANDOM,320000,TwoPointerQuickSort,4,27.834158
RANDOM,320000,TwoPointerQuickSort,5,22.929664
RANDOM,330000,LastQuickSort,1,24.163679
RANDOM,330000,LastQuickSort,2,24.301808
RANDOM,330000,LastQuickSort,3,24.341417
RANDOM,330000,LastQuickSort,4,24.550421
RANDOM,330000,LastQuickSort,5,24.221886
RANDOM,330000,TwoPointerQuickSort,1,24.372582
RANDOM,330000,TwoPointerQuickSort,2,36.908569
RANDOM,330000,TwoPointerQuickSort,3,26.308202
RANDOM,330000,TwoPointerQuickSort,4,24.504981
RANDOM,330000,TwoPointerQuickSort,5,24.284215
RANDOM,340000,LastQuickSort,1,25.559147
RANDOM,340000,LastQuickSort,2,25.442431
RANDOM,340000,LastQuickSort,3,25.304301
RANDOM,340000,LastQuickSort,4,25.029752
RANDOM,340000,LastQuickSort,5,25.210808
RANDOM,340000,TwoPointerQuickSort,1,25.327424
RANDOM,340000,TwoPointerQuickSort,2,47.166831
RANDOM,340000,TwoPointerQuickSort,3,88.271831
RANDOM,340000,TwoPointerQuickSort,4,74.337041
RANDOM,340000,TwoPointerQuickSort,5,64.463139
RANDOM,350000,LastQuickSort,1,67.238750
RANDOM,350000,LastQuickSort,2,40.856969
RANDOM,350000,LastQuickSort,3,45.207297
RANDOM,350000,LastQuickSort,4,55.287414
RANDOM,350000,LastQuickSort,5,55.234226
RANDOM,350000,TwoPointerQuickSort,1,41.046192
RANDOM,350000,TwoPointerQuickSort,2,52.276730
RANDOM,350000,TwoPointerQuickSort,3,41.431979
RANDOM,350000,TwoPointerQuickSort,4,30.224464
RANDOM,350000,TwoPointerQuickSort,5,31.577683
RANDOM,360000,LastQuickSort,1,33.496159
RANDOM,360000,LastQuickSort,2,28.117972
RANDOM,360000,LastQuickSort,3,36.069074
RANDOM,360000,LastQuickSort,4,35.958778
RANDOM,360000,LastQuickSort,5,28.025472
RANDOM,360000,TwoPointerQuickSort,1,28.935091
RANDOM,360000,TwoPointerQuickSort,2,28.711381
RANDOM,360000,TwoPointerQuickSort,3,27.747569
RANDOM,360000,TwoPointerQuickSort,4,27.551207
RANDOM,360000,TwoPointerQuickSort,5,27.287279
RANDOM,370000,LastQuickSort,1,29.727246
RANDOM,370000,LastQuickSort,2,28.022105
RANDOM,370000,LastQuickSort,3,29.085877
RANDOM,370000,LastQuickSort,4,28.186312
RANDOM,370000,LastQuickSort,5,29.253504
RANDOM,370000,TwoPointerQuickSort,1,29.945926
RANDOM,370000,TwoPointerQuickSort,2,29.148925
RANDOM,370000,TwoPointerQuickSort,3,29.147820
RANDOM,370000,TwoPointerQuickSort,4,29.270900
RANDOM,370000,TwoPointerQuickSort,5,28.405421
RANDOM,380000,LastQuickSort,1,30.075743
RANDOM,380000,LastQuickSort,2,30.424970
RANDOM,380000,LastQuickSort,3,29.010964
RANDOM,380000,LastQuickSort,4,29.337467
RANDOM,380000,LastQuickSort,5,30.285099
RANDOM,380000,TwoPointerQuickSort,1,30.627287
RANDOM,380000,TwoPointerQuickSort,2,29.867493
RANDOM,380000,TwoPointerQuickSort,3,29.820333
RANDOM,380000,TwoPointerQuickSort,4,28.850076
RANDOM,380000,TwoPointerQuickSort,5,28.900655
RANDOM,390000,LastQuickSort,1,31.782365
RANDOM,390000,LastQuickSort,2,30.214107
RANDOM,390000,LastQuickSort,3,31.244796
RANDOM,390000,LastQuickSort,4,32.193132
RANDOM,390000,LastQuickSort,5,30.599132
RANDOM,390000,TwoPointerQuickSort,1,31.611924
RANDOM,390000,TwoPointerQuickSort,2,33.296021
RANDOM,390000,TwoPointerQuickSort,3,30.868217
RANDOM,390000,TwoPointerQuickSort,4,31.402568
RANDOM,390000,TwoPointerQuickSort,5,29.891928
RANDOM,400000,LastQuickSort,1,33.120351
RANDOM,400000,LastQuickSort,2,32.313095
RANDOM,400000,LastQuickSort,3,31.613502
RANDOM,400000,LastQuickSort,4,31.980303
RANDOM,400000,LastQuickSort,5,35.502194
RANDOM,400000,TwoPointerQuickSort,1,65.846907
RANDOM,400000,TwoPointerQuickSort,2,65.057471
RANDOM,400000,TwoPointerQuickSort,3,47.465418
RANDOM,400000,TwoPointerQuickSort,4,31.031472
RANDOM,400000,TwoPointerQuickSort,5,34.901519
RANDOM,410000,LastQuickSort,1,37.732526
RANDOM,410000,LastQuickSort,2,31.229887
RANDOM,410000,LastQuickSort,3,59.139517
RANDOM,410000,LastQuickSort,4,39.013424
RANDOM,410000,LastQuickSort,5,31.149334
RANDOM,410000,TwoPointerQuickSort,1,31.970348
RANDOM,410000,TwoPointerQuickSort,2,31.946614
RANDOM,410000,TwoPointerQuickSort,3,74.215331
RANDOM,410000,TwoPointerQuickSort,4,113.451105
RANDOM,410000,TwoPointerQuickSort,5,96.987190
RANDOM,420000,LastQuickSort,1,40.404943
RANDOM,420000,LastQuickSort,2,35.677379
RANDOM,420000,LastQuickSort,3,33.154276
RANDOM,420000,LastQuickSort,4,43.813367
RANDOM,420000,LastQuickSort,5,38.062155
RANDOM,420000,TwoPointerQuickSort,1,35.968208
RANDOM,420000,TwoPointerQuickSort,2,34.199316
RANDOM,420000,TwoPointerQuickSort,3,34.601511
RANDOM,420000,TwoPointerQuickSort,4,36.483045
RANDOM,420000,TwoPointerQuickSort,5,40.254061
RANDOM,430000,LastQuickSort,1,37.388009
RANDOM,430000,LastQuickSort,2,35.825594
RANDOM,430000,LastQuickSort,3,33.840972
RANDOM,430000,LastQuickSort,4,33.721692
RANDOM,430000,LastQuickSort,5,89.039494
RANDOM,430000,TwoPointerQuickSort,1,121.126358
RANDOM,430000,TwoPointerQuickSort,2,77.293179
RANDOM,430000,TwoPointerQuickSort,3,91.294158
RANDOM,430000,TwoPointerQuickSort,4,34.422088
RANDOM,430000,TwoPointerQuickSort,5,36.904550
RANDOM,440000,LastQuickSort,1,35.583413
RANDOM,440000,LastQuickSort,2,34.806481
RANDOM,440000,LastQuickSort,3,35.013815
RANDOM,440000,LastQuickSort,4,37.209392
RANDOM,440000,LastQuickSort,5,35.547184
RANDOM,440000,TwoPointerQuickSort,1,35.599686
RANDOM,440000,TwoPointerQuickSort,2,37.341857
RANDOM,440000,TwoPointerQuickSort,3,49.420277
RANDOM,440000,TwoPointerQuickSort,4,40.352058
RANDOM,440000,TwoPointerQuickSort,5,44.942192
RANDOM,450000,LastQuickSort,1,44.081014
RANDOM,450000,LastQuickSort,2,49.215394
RANDOM,450000,LastQuickSort,3,53.754633
RANDOM,450000,LastQuickSort,4,69.366377
RANDOM,450000,LastQuickSort,5,54.168425
RANDOM,450000,TwoPointerQuickSort,1,90.199602
RANDOM,450000,TwoPointerQuickSort,2,50.293373
RANDOM,450000,TwoPointerQuickSort,3,48.045453
RANDOM,450000,TwoPointerQuickSort,4,35.501152
RANDOM,450000,TwoPointerQuickSort,5,35.349680
RANDOM,460000,LastQuickSort,1,37.415152
RANDOM,460000,LastQuickSort,2,61.519799
RANDOM,460000,LastQuickSort,3,56.483050
RANDOM,460000,LastQuickSort,4,55.922025
RANDOM,460000,LastQuickSort,5,36.896100
RANDOM,460000,TwoPointerQuickSort,1,41.305334
RANDOM,460000,TwoPointerQuickSort,2,64.240872
RANDOM,460000,TwoPointerQuickSort,3,89.816257
RANDOM,460000,TwoPointerQuickSort,4,42.706278
RANDOM,460000,TwoPointerQuickSort,5,37.519423
RANDOM,470000,LastQuickSort,1,38.872691
RANDOM,470000,LastQuickSort,2,54.574174
RANDOM,470000,LastQuickSort,3,42.835429
RANDOM,470000,LastQuickSort,4,37.976078
RANDOM,470000,LastQuickSort,5,37.952441
RANDOM,470000,TwoPointerQuickSort,1,65.814520
RANDOM,470000,TwoPointerQuickSort,2,44.042748
RANDOM,470000,TwoPointerQuickSort,3,121.225559
RANDOM,470000,TwoPointerQuickSort,4,152.563144
RANDOM,470000,TwoPointerQuickSort,5,114.342776
RANDOM,480000,LastQuickSort,1,73.863069
RANDOM,480000,LastQuickSort,2,64.557433
RANDOM,480000,LastQuickSort,3,65.256941
RANDOM,480000,LastQuickSort,4,117.139757
RANDOM,480000,LastQuickSort,5,102.025619
RANDOM,480000,TwoPointerQuickSort,1,53.337760
RANDOM,480000,TwoPointerQuickSort,2,49.749794
RANDOM,480000,TwoPointerQuickSort,3,42.806327
RANDOM,480000,TwoPointerQuickSort,4,87.236790
RANDOM,480000,TwoPointerQuickSort,5,123.867558
RANDOM,490000,LastQuickSort,1,134.721688
RANDOM,490000,LastQuickSort,2,92.419119
RANDOM,490000,LastQuickSort,3,88.970846
RANDOM,490000,LastQuickSort,4,141.655028
RANDOM,490000,LastQuickSort,5,153.665662
RANDOM,490000,TwoPointerQuickSort,1,98.770725
RANDOM,490000,TwoPointerQuickSort,2,43.863526
RANDOM,490000,TwoPointerQuickSort,3,77.675844
RANDOM,490000,TwoPointerQuickSort,4,44.152034
RANDOM,490000,TwoPointerQuickSort,5,39.048246
RANDOM,500000,LastQuickSort,1,80.480588
RANDOM,500000,LastQuickSort,2,109.533857
RANDOM,500000,LastQuickSort,3,81.628207
RANDOM,500000,LastQuickSort,4,44.453752
RANDOM,500000,LastQuickSort,5,40.862278
RANDOM,500000,TwoPointerQuickSort,1,41.476391
RANDOM,500000,TwoPointerQuickSort,2,40.722134
RANDOM,500000,TwoPointerQuickSort,3,40.511526
RANDOM,500000,TwoPointerQuickSort,4,40.515954
RANDOM,500000,TwoPointerQuickSort,5,40.259484
RANDOM,510000,LastQuickSort,1,42.269520
RANDOM,510000,LastQuickSort,2,41.693593
RANDOM,510000,LastQuickSort,3,52.259866
RANDOM,510000,LastQuickSort,4,42.886979
RANDOM,510000,LastQuickSort,5,41.891212
RANDOM,510000,TwoPointerQuickSort,1,43.588976
RANDOM,510000,TwoPointerQuickSort,2,87.149214
RANDOM,510000,TwoPointerQuickSort,3,119.064055
RANDOM,510000,TwoPointerQuickSort,4,109.151457
RANDOM,510000,TwoPointerQuickSort,5,103.281626
RANDOM,520000,LastQuickSort,1,59.353423
RANDOM,520000,LastQuickSort,2,43.959182
RANDOM,520000,LastQuickSort,3,43.964906
RANDOM,520000,LastQuickSort,4,41.565595
RANDOM,520000,LastQuickSort,5,42.015040
RANDOM,520000,TwoPointerQuickSort,1,42.005960
RANDOM,520000,TwoPointerQuickSort,2,43.249682
RANDOM,520000,TwoPointerQuickSort,3,120.256414
RANDOM,520000,TwoPointerQuickSort,4,85.569583
RANDOM,520000,TwoPointerQuickSort,5,43.586618
RANDOM,530000,LastQuickSort,1,77.285144
RANDOM,530000,LastQuickSort,2,43.571616
RANDOM,530000,LastQuickSort,3,60.814366
RANDOM,530000,LastQuickSort,4,59.155841
RANDOM,530000,LastQuickSort,5,105.363248
RANDOM,530000,TwoPointerQuickSort,1,98.391443
RANDOM,530000,TwoPointerQuickSort,2,81.957186
RANDOM,530000,TwoPointerQuickSort,3,59.633638
RANDOM,530000,TwoPointerQuickSort,4,139.764093
RANDOM,530000,TwoPointerQuickSort,5,155.857421
RANDOM,540000,LastQuickSort,1,174.243759
RANDOM,540000,LastQuickSort,2,95.528863
RANDOM,540000,LastQuickSort,3,71.919757
RANDOM,540000,LastQuickSort,4,71.405354
RANDOM,540000,LastQuickSort,5,163.266837
RANDOM,540000,TwoPointerQuickSort,1,116.245244
RANDOM,540000,TwoPointerQuickSort,2,47.833408
RANDOM,540000,TwoPointerQuickSort,3,105.892129
RANDOM,540000,TwoPointerQuickSort,4,79.324536
RANDOM,540000,TwoPointerQuickSort,5,61.750555
RANDOM,550000,LastQuickSort,1,45.873671
RANDOM,550000,LastQuickSort,2,86.771358
RANDOM,550000,LastQuickSort,3,49.220472
RANDOM,550000,LastQuickSort,4,58.021542
RANDOM,550000,LastQuickSort,5,137.242668
RANDOM,550000,TwoPointerQuickSort,1,95.350650
RANDOM,550000,TwoPointerQuickSort,2,49.800815
RANDOM,550000,TwoPointerQuickSort,3,47.097085
RANDOM,550000,TwoPointerQuickSort,4,48.686802
RANDOM,550000,TwoPointerQuickSort,5,46.062340
RANDOM,560000,LastQuickSort,1,47.760229
RANDOM,560000,LastQuickSort,2,49.823562
RANDOM,560000,LastQuickSort,3,46.807432
RANDOM,560000,LastQuickSort,4,46.928916
RANDOM,560000,LastQuickSort,5,46.183227
RANDOM,560000,TwoPointerQuickSort,1,85.005426
RANDOM,560000,TwoPointerQuickSort,2,46.613344
RANDOM,560000,TwoPointerQuickSort,3,46.457093
RANDOM,560000,TwoPointerQuickSort,4,54.722845
RANDOM,560000,TwoPointerQuickSort,5,46.770190
RANDOM,570000,LastQuickSort,1,65.688154
RANDOM,570000,LastQuickSort,2,73.488235
RANDOM,570000,LastQuickSort,3,91.175976
RANDOM,570000,LastQuickSort,4,78.052398
RANDOM,570000,LastQuickSort,5,109.454259
RANDOM,570000,TwoPointerQuickSort,1,157.119345
RANDOM,570000,TwoPointerQuickSort,2,54.667631
RANDOM,570000,TwoPointerQuickSort,3,48.607800
RANDOM,570000,TwoPointerQuickSort,4,48.901707
RANDOM,570000,TwoPointerQuickSort,5,48.483133
RANDOM,580000,LastQuickSort,1,53.793171
RANDOM,580000,LastQuickSort,2,49.807508
RANDOM,580000,LastQuickSort,3,60.438331
RANDOM,580000,LastQuickSort,4,50.562276
RANDOM,580000,LastQuickSort,5,61.574264
RANDOM,580000,TwoPointerQuickSort,1,55.028898
RANDOM,580000,TwoPointerQuickSort,2,62.485714
RANDOM,580000,TwoPointerQuickSort,3,56.093184
RANDOM,580000,TwoPointerQuickSort,4,56.602130
RANDOM,580000,TwoPointerQuickSort,5,61.844028
RANDOM,590000,LastQuickSort,1,163.967070
RANDOM,590000,LastQuickSort,2,67.278324
RANDOM,590000,LastQuickSort,3,50.517404
RANDOM,590000,LastQuickSort,4,167.904720
RANDOM,590000,LastQuickSort,5,186.223064
RANDOM,590000,TwoPointerQuickSort,1,160.862613
RANDOM,590000,TwoPointerQuickSort,2,116.061504
RANDOM,590000,TwoPointerQuickSort,3,53.209442
RANDOM,590000,TwoPointerQuickSort,4,51.703546
RANDOM,590000,TwoPointerQuickSort,5,51.498737
RANDOM,600000,LastQuickSort,1,61.081400
RANDOM,600000,LastQuickSort,2,51.710330
RANDOM,600000,LastQuickSort,3,102.039266
RANDOM,600000,LastQuickSort,4,82.246042
RANDOM,600000,LastQuickSort,5,54.642711
RANDOM,600000,TwoPointerQuickSort,1,57.597439
RANDOM,600000,TwoPointerQuickSort,2,54.399992
RANDOM,600000,TwoPointerQuickSort,3,54.493269
RANDOM,600000,TwoPointerQuickSort,4,54.728406
RANDOM,600000,TwoPointerQuickSort,5,54.046339
RANDOM,610000,LastQuickSort,1,58.924288
RANDOM,610000,LastQuickSort,2,66.413047
RANDOM,610000,LastQuickSort,3,55.801461
RANDOM,610000,LastQuickSort,4,54.084296
RANDOM,610000,LastQuickSort,5,52.836221
RANDOM,610000,TwoPointerQuickSort,1,102.331291
RANDOM,610000,TwoPointerQuickSort,2,180.422836
RANDOM,610000,TwoPointerQuickSort,3,169.272552
RANDOM,610000,TwoPointerQuickSort,4,183.244963
RANDOM,610000,TwoPointerQuickSort,5,145.796287
RANDOM,620000,LastQuickSort,1,73.426020
RANDOM,620000,LastQuickSort,2,105.299616
RANDOM,620000,LastQuickSort,3,83.345765
RANDOM,620000,LastQuickSort,4,74.862721
RANDOM,620000,LastQuickSort,5,65.723604
RANDOM,620000,TwoPointerQuickSort,1,62.984059
RANDOM,620000,TwoPointerQuickSort,2,61.688310
RANDOM,620000,TwoPointerQuickSort,3,58.414450
RANDOM,620000,TwoPointerQuickSort,4,55.300735
RANDOM,620000,TwoPointerQuickSort,5,82.851437
RANDOM,630000,LastQuickSort,1,101.219538
RANDOM,630000,LastQuickSort,2,73.109731
RANDOM,630000,LastQuickSort,3,55.007052
RANDOM,630000,LastQuickSort,4,54.963121
RANDOM,630000,LastQuickSort,5,55.118997
RANDOM,630000,TwoPointerQuickSort,1,55.448656
RANDOM,630000,TwoPointerQuickSort,2,149.820064
RANDOM,630000,TwoPointerQuickSort,3,169.675680
RANDOM,630000,TwoPointerQuickSort,4,144.566019
RANDOM,630000,TwoPointerQuickSort,5,57.680637
RANDOM,640000,LastQuickSort,1,58.990972
RANDOM,640000,LastQuickSort,2,57.671632
RANDOM,640000,LastQuickSort,3,58.061621
RANDOM,640000,LastQuickSort,4,69.402214
RANDOM,640000,LastQuickSort,5,58.870348
RANDOM,640000,TwoPointerQuickSort,1,75.869540
RANDOM,640000,TwoPointerQuickSort,2,60.718380
RANDOM,640000,TwoPointerQuickSort,3,88.017862
RANDOM,640000,TwoPointerQuickSort,4,56.709421
RANDOM,640000,TwoPointerQuickSort,5,56.060836
RANDOM,650000,LastQuickSort,1,115.062836
RANDOM,650000,LastQuickSort,2,140.539910
RANDOM,650000,LastQuickSort,3,207.361586
RANDOM,650000,LastQuickSort,4,160.908060
RANDOM,650000,LastQuickSort,5,71.852347
RANDOM,650000,TwoPointerQuickSort,1,75.453300
RANDOM,650000,TwoPointerQuickSort,2,79.872164
RANDOM,650000,TwoPointerQuickSort,3,80.884134
RANDOM,650000,TwoPointerQuickSort,4,109.748461
RANDOM,650000,TwoPointerQuickSort,5,225.142276
RANDOM,660000,LastQuickSort,1,195.350958
RANDOM,660000,LastQuickSort,2,93.822656
RANDOM,660000,LastQuickSort,3,134.022578
RANDOM,660000,LastQuickSort,4,182.969981
RANDOM,660000,LastQuickSort,5,183.177328
RANDOM,660000,TwoPointerQuickSort,1,188.563233
RANDOM,660000,TwoPointerQuickSort,2,160.494101
RANDOM,660000,TwoPointerQuickSort,3,231.481074
RANDOM,660000,TwoPointerQuickSort,4,226.935087
RANDOM,660000,TwoPointerQuickSort,5,198.630797
RANDOM,670000,LastQuickSort,1,152.819735
RANDOM,670000,LastQuickSort,2,115.818184
RANDOM,670000,LastQuickSort,3,82.849829
RANDOM,670000,LastQuickSort,4,105.505178
RANDOM,670000,LastQuickSort,5,97.255007
RANDOM,670000,TwoPointerQuickSort,1,103.469926
RANDOM,670000,TwoPointerQuickSort,2,70.083198
RANDOM,670000,TwoPointerQuickSort,3,188.859719
RANDOM,670000,TwoPointerQuickSort,4,119.357985
RANDOM,670000,TwoPointerQuickSort,5,103.910489
RANDOM,680000,LastQuickSort,1,63.394873
RANDOM,680000,LastQuickSort,2,62.621831
RANDOM,680000,LastQuickSort,3,95.824808
RANDOM,680000,LastQuickSort,4,62.888577
RANDOM,680000,LastQuickSort,5,63.922043
RANDOM,680000,TwoPointerQuickSort,1,68.416166
RANDOM,680000,TwoPointerQuickSort,2,67.289753
RANDOM,680000,TwoPointerQuickSort,3,105.717016
RANDOM,680000,TwoPointerQuickSort,4,88.156512
RANDOM,680000,TwoPointerQuickSort,5,75.797186
RANDOM,690000,LastQuickSort,1,63.000546
RANDOM,690000,LastQuickSort,2,62.077931
RANDOM,690000,LastQuickSort,3,61.911580
RANDOM,690000,LastQuickSort,4,62.692941
RANDOM,690000,LastQuickSort,5,62.148308
RANDOM,690000,TwoPointerQuickSort,1,185.785237
RANDOM,690000,TwoPointerQuickSort,2,233.109176
RANDOM,690000,TwoPointerQuickSort,3,140.086222
RANDOM,690000,TwoPointerQuickSort,4,69.256423
RANDOM,690000,TwoPointerQuickSort,5,65.610656
RANDOM,700000,LastQuickSort,1,77.108436
RANDOM,700000,LastQuickSort,2,65.242193
RANDOM,700000,LastQuickSort,3,74.592362
RANDOM,700000,LastQuickSort,4,97.204494
RANDOM,700000,LastQuickSort,5,68.520301
RANDOM,700000,TwoPointerQuickSort,1,83.005455
RANDOM,700000,TwoPointerQuickSort,2,91.322888
RANDOM,700000,TwoPointerQuickSort,3,85.154727
RANDOM,700000,TwoPointerQuickSort,4,71.950763
RANDOM,700000,TwoPointerQuickSort,5,67.228891
RANDOM,710000,LastQuickSort,1,64.578194
RANDOM,710000,LastQuickSort,2,64.691306
RANDOM,710000,LastQuickSort,3,64.887193
RANDOM,710000,LastQuickSort,4,95.604124
RANDOM,710000,LastQuickSort,5,82.505638
RANDOM,710000,TwoPointerQuickSort,1,69.100563
RANDOM,710000,TwoPointerQuickSort,2,64.962232
RANDOM,710000,TwoPointerQuickSort,3,65.288007
RANDOM,710000,TwoPointerQuickSort,4,70.125904
RANDOM,710000,TwoPointerQuickSort,5,65.206136
RANDOM,720000,LastQuickSort,1,106.376086
RANDOM,720000,LastQuickSort,2,252.162594
RANDOM,720000,LastQuickSort,3,91.558123
RANDOM,720000,LastQuickSort,4,67.609788
RANDOM,720000,LastQuickSort,5,70.074655
RANDOM,720000,TwoPointerQuickSort,1,74.756006
RANDOM,720000,TwoPointerQuickSort,2,66.938583
RANDOM,720000,TwoPointerQuickSort,3,68.649954
RANDOM,720000,TwoPointerQuickSort,4,68.163732
RANDOM,720000,TwoPointerQuickSort,5,67.018967
RANDOM,730000,LastQuickSort,1,75.514009
RANDOM,730000,LastQuickSort,2,85.817536
RANDOM,730000,LastQuickSort,3,69.355470
RANDOM,730000,LastQuickSort,4,80.667229
RANDOM,730000,LastQuickSort,5,141.878650
RANDOM,730000,TwoPointerQuickSort,1,86.652000
RANDOM,730000,TwoPointerQuickSort,2,73.102170
RANDOM,730000,TwoPointerQuickSort,3,77.119795
RANDOM,730000,TwoPointerQuickSort,4,77.531211
RANDOM,730000,TwoPointerQuickSort,5,72.832795
RANDOM,740000,LastQuickSort,1,88.434681
RANDOM,740000,LastQuickSort,2,74.874745
RANDOM,740000,LastQuickSort,3,77.576989
RANDOM,740000,LastQuickSort,4,117.350322
RANDOM,740000,LastQuickSort,5,69.174173
RANDOM,740000,TwoPointerQuickSort,1,74.417949
RANDOM,740000,TwoPointerQuickSort,2,89.990140
RANDOM,740000,TwoPointerQuickSort,3,68.304701
RANDOM,740000,TwoPointerQuickSort,4,68.339182
RANDOM,740000,TwoPointerQuickSort,5,165.858818
RANDOM,750000,LastQuickSort,1,155.373579
RANDOM,750000,LastQuickSort,2,163.231823
RANDOM,750000,LastQuickSort,3,166.829811
RANDOM,750000,LastQuickSort,4,83.046004
RANDOM,750000,LastQuickSort,5,74.735824
RANDOM,750000,TwoPointerQuickSort,1,83.738661
RANDOM,750000,TwoPointerQuickSort,2,117.573105
RANDOM,750000,TwoPointerQuickSort,3,85.669838
RANDOM,750000,TwoPointerQuickSort,4,97.925120
RANDOM,750000,TwoPointerQuickSort,5,75.484786
RANDOM,760000,LastQuickSort,1,74.111336
RANDOM,760000,LastQuickSort,2,71.043494
RANDOM,760000,LastQuickSort,3,71.129971
RANDOM,760000,LastQuickSort,4,124.692226
RANDOM,760000,LastQuickSort,5,242.240863
RANDOM,760000,TwoPointerQuickSort,1,158.012216
RANDOM,760000,TwoPointerQuickSort,2,129.517704
RANDOM,760000,TwoPointerQuickSort,3,104.206623
RANDOM,760000,TwoPointerQuickSort,4,144.756080
RANDOM,760000,TwoPointerQuickSort,5,210.828314
RANDOM,770000,LastQuickSort,1,236.718263
RANDOM,770000,LastQuickSort,2,104.305418
RANDOM,770000,LastQuickSort,3,72.709721
RANDOM,770000,LastQuickSort,4,93.958976
RANDOM,770000,LastQuickSort,5,86.460056
RANDOM,770000,TwoPointerQuickSort,1,74.419260
RANDOM,770000,TwoPointerQuickSort,2,108.869288
RANDOM,770000,TwoPointerQuickSort,3,149.652481
RANDOM,770000,TwoPointerQuickSort,4,115.019433
RANDOM,770000,TwoPointerQuickSort,5,73.711718
RANDOM,780000,LastQuickSort,1,76.239298
RANDOM,780000,LastQuickSort,2,76.653805
RANDOM,780000,LastQuickSort,3,74.946992
RANDOM,780000,LastQuickSort,4,77.289799
RANDOM,780000,LastQuickSort,5,75.700468
RANDOM,780000,TwoPointerQuickSort,1,80.370995
RANDOM,780000,TwoPointerQuickSort,2,89.162053
RANDOM,780000,TwoPointerQuickSort,3,86.003710
RANDOM,780000,TwoPointerQuickSort,4,83.435664
RANDOM,780000,TwoPointerQuickSort,5,100.564149
RANDOM,790000,LastQuickSort,1,84.817663
RANDOM,790000,LastQuickSort,2,77.992359
RANDOM,790000,LastQuickSort,3,81.440521
RANDOM,790000,LastQuickSort,4,78.286194
RANDOM,790000,LastQuickSort,5,79.693505
RANDOM,790000,TwoPointerQuickSort,1,81.653176
RANDOM,790000,TwoPointerQuickSort,2,80.538293
RANDOM,790000,TwoPointerQuickSort,3,83.942797
RANDOM,790000,TwoPointerQuickSort,4,100.383785
RANDOM,790000,TwoPointerQuickSort,5,82.950656
RANDOM,800000,LastQuickSort,1,91.768008
RANDOM,800000,LastQuickSort,2,81.300506
RANDOM,800000,LastQuickSort,3,79.531811
RANDOM,800000,LastQuickSort,4,81.788127
RANDOM,800000,LastQuickSort,5,79.459981
RANDOM,800000,TwoPointerQuickSort,1,106.811421
RANDOM,800000,TwoPointerQuickSort,2,85.375214
RANDOM,800000,TwoPointerQuickSort,3,87.796015
RANDOM,800000,TwoPointerQuickSort,4,80.816105
RANDOM,800000,TwoPointerQuickSort,5,80.537838
RANDOM,810000,LastQuickSort,1,81.754425
RANDOM,810000,LastQuickSort,2,83.997682
RANDOM,810000,LastQuickSort,3,80.947613
RANDOM,810000,LastQuickSort,4,84.851488
RANDOM,810000,LastQuickSort,5,79.129286
RANDOM,810000,TwoPointerQuickSort,1,81.076897
RANDOM,810000,TwoPointerQuickSort,2,81.425108
RANDOM,810000,TwoPointerQuickSort,3,85.108044
RANDOM,810000,TwoPointerQuickSort,4,82.308768
RANDOM,810000,TwoPointerQuickSort,5,86.887654
RANDOM,820000,LastQuickSort,1,81.804828
RANDOM,820000,LastQuickSort,2,80.573900
RANDOM,820000,LastQuickSort,3,79.810239
RANDOM,820000,LastQuickSort,4,93.851323
RANDOM,820000,LastQuickSort,5,93.387751
RANDOM,820000,TwoPointerQuickSort,1,90.908633
RANDOM,820000,TwoPointerQuickSort,2,82.922611
RANDOM,820000,TwoPointerQuickSort,3,83.757231
RANDOM,820000,TwoPointerQuickSort,4,167.807556
RANDOM,820000,TwoPointerQuickSort,5,95.554365
RANDOM,830000,LastQuickSort,1,115.328267
RANDOM,830000,LastQuickSort,2,133.221105
RANDOM,830000,LastQuickSort,3,232.282129
RANDOM,830000,LastQuickSort,4,237.268538
RANDOM,830000,LastQuickSort,5,129.852347
RANDOM,830000,TwoPointerQuickSort,1,116.998780
RANDOM,830000,TwoPointerQuickSort,2,106.985781
RANDOM,830000,TwoPointerQuickSort,3,95.061031
RANDOM,830000,TwoPointerQuickSort,4,96.691742
RANDOM,830000,TwoPointerQuickSort,5,90.852715
RANDOM,840000,LastQuickSort,1,89.995976
RANDOM,840000,LastQuickSort,2,118.844669
RANDOM,840000,LastQuickSort,3,238.175601
RANDOM,840000,LastQuickSort,4,219.388088
RANDOM,840000,LastQuickSort,5,175.360005
RANDOM,840000,TwoPointerQuickSort,1,83.450935
RANDOM,840000,TwoPointerQuickSort,2,95.431174
RANDOM,840000,TwoPointerQuickSort,3,89.408774
RANDOM,840000,TwoPointerQuickSort,4,82.672016
RANDOM,840000,TwoPointerQuickSort,5,79.973790
RANDOM,850000,LastQuickSort,1,162.774755
RANDOM,850000,LastQuickSort,2,141.651171
RANDOM,850000,LastQuickSort,3,108.808931
RANDOM,850000,LastQuickSort,4,82.638238
RANDOM,850000,LastQuickSort,5,90.812913
RANDOM,850000,TwoPointerQuickSort,1,91.871169
RANDOM,850000,TwoPointerQuickSort,2,85.446097
RANDOM,850000,TwoPointerQuickSort,3,111.101434
RANDOM,850000,TwoPointerQuickSort,4,92.879917
RANDOM,850000,TwoPointerQuickSort,5,85.814045
RANDOM,860000,LastQuickSort,1,83.868883
RANDOM,860000,LastQuickSort,2,208.382378
RANDOM,860000,LastQuickSort,3,93.386595
RANDOM,860000,LastQuickSort,4,91.266745
RANDOM,860000,LastQuickSort,5,96.226505
RANDOM,860000,TwoPointerQuickSort,1,112.574212
RANDOM,860000,TwoPointerQuickSort,2,85.713426
RANDOM,860000,TwoPointerQuickSort,3,82.593316
RANDOM,860000,TwoPointerQuickSort,4,112.820482
RANDOM,860000,TwoPointerQuickSort,5,98.698434
RANDOM,870000,LastQuickSort,1,87.678364
RANDOM,870000,LastQuickSort,2,87.622094
RANDOM,870000,LastQuickSort,3,91.121613
RANDOM,870000,LastQuickSort,4,86.214442
RANDOM,870000,LastQuickSort,5,87.435642
RANDOM,870000,TwoPointerQuickSort,1,85.808112
RANDOM,870000,TwoPointerQuickSort,2,86.129030
RANDOM,870000,TwoPointerQuickSort,3,85.911554
RANDOM,870000,TwoPointerQuickSort,4,209.117371
RANDOM,870000,TwoPointerQuickSort,5,91.173839
RANDOM,880000,LastQuickSort,1,90.832559
RANDOM,880000,LastQuickSort,2,86.761793
RANDOM,880000,LastQuickSort,3,88.276905
RANDOM,880000,LastQuickSort,4,143.449477
RANDOM,880000,LastQuickSort,5,102.218887
RANDOM,880000,TwoPointerQuickSort,1,93.792345
RANDOM,880000,TwoPointerQuickSort,2,86.764732
RANDOM,880000,TwoPointerQuickSort,3,152.117039
RANDOM,880000,TwoPointerQuickSort,4,115.655774
RANDOM,880000,TwoPointerQuickSort,5,98.874020
RANDOM,890000,LastQuickSort,1,134.061951
RANDOM,890000,LastQuickSort,2,96.094544
RANDOM,890000,LastQuickSort,3,279.344335
RANDOM,890000,LastQuickSort,4,101.295960
RANDOM,890000,LastQuickSort,5,90.114252
RANDOM,890000,TwoPointerQuickSort,1,92.866885
RANDOM,890000,TwoPointerQuickSort,2,142.770020
RANDOM,890000,TwoPointerQuickSort,3,260.218779
RANDOM,890000,TwoPointerQuickSort,4,90.348145
RANDOM,890000,TwoPointerQuickSort,5,94.627588
RANDOM,900000,LastQuickSort,1,226.614961
RANDOM,900000,LastQuickSort,2,132.293904
RANDOM,900000,LastQuickSort,3,104.055730
RANDOM,900000,LastQuickSort,4,91.688252
RANDOM,900000,LastQuickSort,5,90.666144
RANDOM,900000,TwoPointerQuickSort,1,202.240754
RANDOM,900000,TwoPointerQuickSort,2,146.690232
RANDOM,900000,TwoPointerQuickSort,3,213.277229
RANDOM,900000,TwoPointerQuickSort,4,230.489428
RANDOM,900000,TwoPointerQuickSort,5,94.212355
RANDOM,910000,LastQuickSort,1,94.317191
RANDOM,910000,LastQuickSort,2,220.341295
RANDOM,910000,LastQuickSort,3,90.589377
RANDOM,910000,LastQuickSort,4,164.718089
RANDOM,910000,LastQuickSort,5,92.022051
RANDOM,910000,TwoPointerQuickSort,1,91.800235
RANDOM,910000,TwoPointerQuickSort,2,108.847163
RANDOM,910000,TwoPointerQuickSort,3,91.472742
RANDOM,910000,TwoPointerQuickSort,4,113.830624
RANDOM,910000,TwoPointerQuickSort,5,166.265227
RANDOM,920000,LastQuickSort,1,103.166747
RANDOM,920000,LastQuickSort,2,99.770371
RANDOM,920000,LastQuickSort,3,200.939686
RANDOM,920000,LastQuickSort,4,168.156758
RANDOM,920000,LastQuickSort,5,295.173712
RANDOM,920000,TwoPointerQuickSort,1,300.940574
RANDOM,920000,TwoPointerQuickSort,2,129.343621
RANDOM,920000,TwoPointerQuickSort,3,97.381411
RANDOM,920000,TwoPointerQuickSort,4,158.716414
RANDOM,920000,TwoPointerQuickSort,5,159.826535
RANDOM,930000,LastQuickSort,1,109.036331
RANDOM,930000,LastQuickSort,2,108.842403
RANDOM,930000,LastQuickSort,3,107.367903
RANDOM,930000,LastQuickSort,4,153.023949
RANDOM,930000,LastQuickSort,5,101.357615
RANDOM,930000,TwoPointerQuickSort,1,101.360915
RANDOM,930000,TwoPointerQuickSort,2,155.686365
RANDOM,930000,TwoPointerQuickSort,3,212.788349
RANDOM,930000,TwoPointerQuickSort,4,108.086895
RANDOM,930000,TwoPointerQuickSort,5,97.172164
RANDOM,940000,LastQuickSort,1,109.944450
RANDOM,940000,LastQuickSort,2,150.277554
RANDOM,940000,LastQuickSort,3,271.516484
RANDOM,940000,LastQuickSort,4,187.194225
RANDOM,940000,LastQuickSort,5,99.931106
RANDOM,940000,TwoPointerQuickSort,1,135.433743
RANDOM,940000,TwoPointerQuickSort,2,336.145647
RANDOM,940000,TwoPointerQuickSort,3,214.204195
RANDOM,940000,TwoPointerQuickSort,4,268.744077
RANDOM,940000,TwoPointerQuickSort,5,103.233397
RANDOM,950000,LastQuickSort,1,128.708605
RANDOM,950000,LastQuickSort,2,116.710841
RANDOM,950000,LastQuickSort,3,108.172545
RANDOM,950000,LastQuickSort,4,98.716944
RANDOM,950000,LastQuickSort,5,96.966787
RANDOM,950000,TwoPointerQuickSort,1,98.416599
RANDOM,950000,TwoPointerQuickSort,2,323.904118
RANDOM,950000,TwoPointerQuickSort,3,271.796107
RANDOM,950000,TwoPointerQuickSort,4,147.024367
RANDOM,950000,TwoPointerQuickSort,5,156.795738
RANDOM,960000,LastQuickSort,1,278.779996
RANDOM,960000,LastQuickSort,2,313.238432
RANDOM,960000,LastQuickSort,3,202.247410
RANDOM,960000,LastQuickSort,4,227.036953
RANDOM,960000,LastQuickSort,5,152.233403
RANDOM,960000,TwoPointerQuickSort,1,103.065126
RANDOM,960000,TwoPointerQuickSort,2,105.859152
RANDOM,960000,TwoPointerQuickSort,3,109.369919
RANDOM,960000,TwoPointerQuickSort,4,105.475482
RANDOM,960000,TwoPointerQuickSort,5,113.165035
RANDOM,970000,LastQuickSort,1,113.571868
RANDOM,970000,LastQuickSort,2,107.137809
RANDOM,970000,LastQuickSort,3,106.656615
RANDOM,970000,LastQuickSort,4,107.779468
RANDOM,970000,LastQuickSort,5,109.511166
RANDOM,970000,TwoPointerQuickSort,1,108.089159
RANDOM,970000,TwoPointerQuickSort,2,102.137198
RANDOM,970000,TwoPointerQuickSort,3,103.041427
RANDOM,970000,TwoPointerQuickSort,4,137.553615
RANDOM,970000,TwoPointerQuickSort,5,144.624880
RANDOM,980000,LastQuickSort,1,335.118568
RANDOM,980000,LastQuickSort,2,198.687395
RANDOM,980000,LastQuickSort,3,117.589256
RANDOM,980000,LastQuickSort,4,109.573001
RANDOM,980000,LastQuickSort,5,115.746564
RANDOM,980000,TwoPointerQuickSort,1,126.096367
RANDOM,980000,TwoPointerQuickSort,2,103.247789
RANDOM,980000,TwoPointerQuickSort,3,214.654537
RANDOM,980000,TwoPointerQuickSort,4,124.695820
RANDOM,980000,TwoPointerQuickSort,5,122.299015
RANDOM,990000,LastQuickSort,1,124.914624
RANDOM,990000,LastQuickSort,2,130.731420
RANDOM,990000,LastQuickSort,3,258.246056
RANDOM,990000,LastQuickSort,4,220.360523
RANDOM,990000,LastQuickSort,5,137.427890
RANDOM,990000,TwoPointerQuickSort,1,117.007919
RANDOM,990000,TwoPointerQuickSort,2,108.986540
RANDOM,990000,TwoPointerQuickSort,3,105.623506
RANDOM,990000,TwoPointerQuickSort,4,113.527758
RANDOM,990000,TwoPointerQuickSort,5,111.340299
RANDOM,1000000,LastQuickSort,1,138.610422
RANDOM,1000000,LastQuickSort,2,193.152879
RANDOM,1000000,LastQuickSort,3,154.704502
RANDOM,1000000,LastQuickSort,4,114.677004
RANDOM,1000000,LastQuickSort,5,109.245881
RANDOM,1000000,TwoPointerQuickSort,1,107.884382
RANDOM,1000000,TwoPointerQuickSort,2,113.484351
RANDOM,1000000,TwoPointerQuickSort,3,111.909429
RANDOM,1000000,TwoPointerQuickSort,4,112.987653
RANDOM,1000000,TwoPointerQuickSort,5,112.750761
RANDOM,10000,LastQuickSort,1,1.076615
RANDOM,10000,LastQuickSort,2,0.782235
RANDOM,10000,LastQuickSort,3,0.672181
RANDOM,10000,LastQuickSort,4,0.676905
RANDOM,10000,LastQuickSort,5,0.696906
RANDOM,10000,MiddleQuickSort,1,3.982031
RANDOM,10000,MiddleQuickSort,2,1.691307
RANDOM,10000,MiddleQuickSort,3,1.149683
RANDOM,10000,MiddleQuickSort,4,0.649970
RANDOM,10000,MiddleQuickSort,5,0.492979
RANDOM,10000,MedianOf3QuickSort,1,3.771170
RANDOM,10000,MedianOf3QuickSort,2,1.505774
RANDOM,10000,MedianOf3QuickSort,3,1.187875
RANDOM,10000,MedianOf3QuickSort,4,1.176519
RANDOM,10000,MedianOf3QuickSort,5,1.246671
RANDOM,20000,LastQuickSort,1,1.339036
RANDOM,20000,LastQuickSort,2,1.359940
RANDOM,20000,LastQuickSort,3,1.366373
RANDOM,20000,LastQuickSort,4,7.649981
RANDOM,20000,LastQuickSort,5,1.197323
RANDOM,20000,MiddleQuickSort,1,1.482558
RANDOM,20000,MiddleQuickSort,2,1.544871
RANDOM,20000,MiddleQuickSort,3,1.422053
RANDOM,20000,MiddleQuickSort,4,1.436325
RANDOM,20000,MiddleQuickSort,5,1.360543
RANDOM,20000,MedianOf3QuickSort,1,1.298130
RANDOM,20000,MedianOf3QuickSort,2,1.153603
RANDOM,20000,MedianOf3QuickSort,3,1.297225
RANDOM,20000,MedianOf3QuickSort,4,1.511001
RANDOM,20000,MedianOf3QuickSort,5,1.157824
RANDOM,30000,LastQuickSort,1,1.986794
RANDOM,30000,LastQuickSort,2,1.761260
RANDOM,30000,LastQuickSort,3,1.818849
RANDOM,30000,LastQuickSort,4,1.753721
RANDOM,30000,LastQuickSort,5,2.036041
RANDOM,30000,MiddleQuickSort,1,2.081973
RANDOM,30000,MiddleQuickSort,2,2.567816
RANDOM,30000,MiddleQuickSort,3,2.010312
RANDOM,30000,MiddleQuickSort,4,2.308814
RANDOM,30000,MiddleQuickSort,5,2.366202
RANDOM,30000,MedianOf3QuickSort,1,1.845685
RANDOM,30000,MedianOf3QuickSort,2,1.848398
RANDOM,30000,MedianOf3QuickSort,3,1.724977
RANDOM,30000,MedianOf3QuickSort,4,1.994432
RANDOM,30000,MedianOf3QuickSort,5,2.172226
RANDOM,40000,LastQuickSort,1,2.924712
RANDOM,40000,LastQuickSort,2,2.700785
RANDOM,40000,LastQuickSort,3,2.682192
RANDOM,40000,LastQuickSort,4,2.719680
RANDOM,40000,LastQuickSort,5,3.202610
RANDOM,40000,MiddleQuickSort,1,2.555052
RANDOM,40000,MiddleQuickSort,2,2.672945
RANDOM,40000,MiddleQuickSort,3,2.634854
RANDOM,40000,MiddleQuickSort,4,2.544198
RANDOM,40000,MiddleQuickSort,5,2.529323
RANDOM,40000,MedianOf3QuickSort,1,2.553444
RANDOM,40000,MedianOf3QuickSort,2,2.481081
RANDOM,40000,MedianOf3QuickSort,3,2.617868
RANDOM,40000,MedianOf3QuickSort,4,2.487513
RANDOM,40000,MedianOf3QuickSort,5,2.601687
RANDOM,50000,LastQuickSort,1,3.207133
RANDOM,50000,LastQuickSort,2,3.522721
RANDOM,50000,LastQuickSort,3,3.322111
RANDOM,50000,LastQuickSort,4,3.332061
RANDOM,50000,LastQuickSort,5,3.080697
RANDOM,50000,MiddleQuickSort,1,3.233163
RANDOM,50000,MiddleQuickSort,2,3.291055
RANDOM,50000,MiddleQuickSort,3,3.234872
RANDOM,50000,MiddleQuickSort,4,3.497292
RANDOM,50000,MiddleQuickSort,5,3.267033
RANDOM,50000,MedianOf3QuickSort,1,3.295477
RANDOM,50000,MedianOf3QuickSort,2,3.686745
RANDOM,50000,MedianOf3QuickSort,3,3.304724
RANDOM,50000,MedianOf3QuickSort,4,3.006825
RANDOM,50000,MedianOf3QuickSort,5,3.079189
RANDOM,60000,LastQuickSort,1,3.881826
RANDOM,60000,LastQuickSort,2,3.834186
RANDOM,60000,LastQuickSort,3,4.078818
RANDOM,60000,LastQuickSort,4,3.963035
RANDOM,60000,LastQuickSort,5,5.083471
RANDOM,60000,MiddleQuickSort,1,4.635820
RANDOM,60000,MiddleQuickSort,2,3.892882
RANDOM,60000,MiddleQuickSort,3,3.886148
RANDOM,60000,MiddleQuickSort,4,3.903536
RANDOM,60000,MiddleQuickSort,5,4.697127
RANDOM,60000,MedianOf3QuickSort,1,3.789663
RANDOM,60000,MedianOf3QuickSort,2,4.266662
RANDOM,60000,MedianOf3QuickSort,3,4.322543
RANDOM,60000,MedianOf3QuickSort,4,3.695590
RANDOM,60000,MedianOf3QuickSort,5,3.631869
RANDOM,70000,LastQuickSort,1,4.802256
RANDOM,70000,LastQuickSort,2,4.973116
RANDOM,70000,LastQuickSort,3,4.544761
RANDOM,70000,LastQuickSort,4,4.397621
RANDOM,70000,LastQuickSort,5,4.609386
RANDOM,70000,MiddleQuickSort,1,4.753611
RANDOM,70000,MiddleQuickSort,2,4.880651
RANDOM,70000,MiddleQuickSort,3,5.183072
RANDOM,70000,MiddleQuickSort,4,5.709219
RANDOM,70000,MiddleQuickSort,5,4.906078
RANDOM,70000,MedianOf3QuickSort,1,4.625166
RANDOM,70000,MedianOf3QuickSort,2,4.421240
RANDOM,70000,MedianOf3QuickSort,3,4.250984
RANDOM,70000,MedianOf3QuickSort,4,4.284955
RANDOM,70000,MedianOf3QuickSort,5,4.927486
RANDOM,80000,LastQuickSort,1,5.258149
RANDOM,80000,LastQuickSort,2,5.137442
RANDOM,80000,LastQuickSort,3,5.223073
RANDOM,80000,LastQuickSort,4,5.326393
RANDOM,80000,LastQuickSort,5,5.226830
RANDOM,80000,MiddleQuickSort,1,5.563476
RANDOM,80000,MiddleQuickSort,2,5.795484
RANDOM,80000,MiddleQuickSort,3,5.269646
RANDOM,80000,MiddleQuickSort,4,5.588406
RANDOM,80000,MiddleQuickSort,5,5.577851
RANDOM,80000,MedianOf3QuickSort,1,5.019543
RANDOM,80000,MedianOf3QuickSort,2,5.190936
RANDOM,80000,MedianOf3QuickSort,3,5.051812
RANDOM,80000,MedianOf3QuickSort,4,4.862928
RANDOM,80000,MedianOf3QuickSort,5,5.088804
RANDOM,90000,LastQuickSort,1,5.907166
RANDOM,90000,LastQuickSort,2,5.621780
RANDOM,90000,LastQuickSort,3,5.787241
RANDOM,90000,LastQuickSort,4,5.704209
RANDOM,90000,LastQuickSort,5,5.835292
RANDOM,90000,MiddleQuickSort,1,6.306949
RANDOM,90000,MiddleQuickSort,2,5.994018
RANDOM,90000,MiddleQuickSort,3,6.501361
RANDOM,90000,MiddleQuickSort,4,6.083887
RANDOM,90000,MiddleQuickSort,5,5.871380
RANDOM,90000,MedianOf3QuickSort,1,5.990500
RANDOM,90000,MedianOf3QuickSort,2,5.626907
RANDOM,90000,MedianOf3QuickSort,3,5.710944
RANDOM,90000,MedianOf3QuickSort,4,6.733973
RANDOM,90000,MedianOf3QuickSort,5,5.643191
RANDOM,100000,LastQuickSort,1,6.504176
RANDOM,100000,LastQuickSort,2,6.282320
RANDOM,100000,LastQuickSort,3,6.860632
RANDOM,100000,LastQuickSort,4,6.505583
RANDOM,100000,LastQuickSort,5,6.306747
RANDOM,100000,MiddleQuickSort,1,6.908884
RANDOM,100000,MiddleQuickSort,2,6.564087
RANDOM,100000,MiddleQuickSort,3,6.721206
RANDOM,100000,MiddleQuickSort,4,6.812783
RANDOM,100000,MiddleQuickSort,5,7.815405
RANDOM,100000,MedianOf3QuickSort,1,6.392595
RANDOM,100000,MedianOf3QuickSort,2,6.541469
RANDOM,100000,MedianOf3QuickSort,3,6.569114
RANDOM,100000,MedianOf3QuickSort,4,6.477838
RANDOM,100000,MedianOf3QuickSort,5,6.940749
RANDOM,110000,LastQuickSort,1,7.662910
RANDOM,110000,LastQuickSort,2,7.410998
RANDOM,110000,LastQuickSort,3,7.313591
RANDOM,110000,LastQuickSort,4,7.339827
RANDOM,110000,LastQuickSort,5,7.188439
RANDOM,110000,MiddleQuickSort,1,7.505692
RANDOM,110000,MiddleQuickSort,2,7.200302
RANDOM,110000,MiddleQuickSort,3,7.410295
RANDOM,110000,MiddleQuickSort,4,7.417231
RANDOM,110000,MiddleQuickSort,5,7.154563
RANDOM,110000,MedianOf3QuickSort,1,7.137977
RANDOM,110000,MedianOf3QuickSort,2,6.891493
RANDOM,110000,MedianOf3QuickSort,3,7.928092
RANDOM,110000,MedianOf3QuickSort,4,6.907375
RANDOM,110000,MedianOf3QuickSort,5,7.119380
RANDOM,120000,LastQuickSort,1,7.615564
RANDOM,120000,LastQuickSort,2,8.667443
RANDOM,120000,LastQuickSort,3,7.637980
RANDOM,120000,LastQuickSort,4,7.752377
RANDOM,120000,LastQuickSort,5,7.574450
RANDOM,120000,MiddleQuickSort,1,8.160905
RANDOM,120000,MiddleQuickSort,2,8.306463
RANDOM,120000,MiddleQuickSort,3,9.341051
RANDOM,120000,MiddleQuickSort,4,8.122806
RANDOM,120000,MiddleQuickSort,5,7.806258
RANDOM,120000,MedianOf3QuickSort,1,7.823447
RANDOM,120000,MedianOf3QuickSort,2,7.714781
RANDOM,120000,MedianOf3QuickSort,3,7.742224
RANDOM,120000,MedianOf3QuickSort,4,7.717897
RANDOM,120000,MedianOf3QuickSort,5,7.635970
RANDOM,130000,LastQuickSort,1,8.610345
RANDOM,130000,LastQuickSort,2,8.616678
RANDOM,130000,LastQuickSort,3,8.879447
RANDOM,130000,LastQuickSort,4,8.604414
RANDOM,130000,LastQuickSort,5,8.403970
RANDOM,130000,MiddleQuickSort,1,8.744544
RANDOM,130000,MiddleQuickSort,2,8.557972
RANDOM,130000,MiddleQuickSort,3,9.509327
RANDOM,130000,MiddleQuickSort,4,9.086526
RANDOM,130000,MiddleQuickSort,5,8.655279
RANDOM,130000,MedianOf3QuickSort,1,8.509420
RANDOM,130000,MedianOf3QuickSort,2,8.436841
RANDOM,130000,MedianOf3QuickSort,3,8.478558
RANDOM,130000,MedianOf3QuickSort,4,8.464385
RANDOM,130000,MedianOf3QuickSort,5,8.498965
RANDOM,140000,LastQuickSort,1,9.192376
RANDOM,140000,LastQuickSort,2,9.360753
RANDOM,140000,LastQuickSort,3,9.224142
RANDOM,140000,LastQuickSort,4,9.277520
RANDOM,140000,LastQuickSort,5,9.199413
RANDOM,140000,MiddleQuickSort,1,9.609550
RANDOM,140000,MiddleQuickSort,2,9.484498
RANDOM,140000,MiddleQuickSort,3,9.594270
RANDOM,140000,MiddleQuickSort,4,10.224352
RANDOM,140000,MiddleQuickSort,5,9.914939
RANDOM,140000,MedianOf3QuickSort,1,9.493747
RANDOM,140000,MedianOf3QuickSort,2,11.729591
RANDOM,140000,MedianOf3QuickSort,3,19.062483
RANDOM,140000,MedianOf3QuickSort,4,11.338253
RANDOM,140000,MedianOf3QuickSort,5,9.390006
RANDOM,150000,LastQuickSort,1,10.516674
RANDOM,150000,LastQuickSort,2,10.588347
RANDOM,150000,LastQuickSort,3,10.828498
RANDOM,150000,LastQuickSort,4,9.982391
RANDOM,150000,LastQuickSort,5,11.020900
RANDOM,150000,MiddleQuickSort,1,11.561917
RANDOM,150000,MiddleQuickSort,2,12.599120
RANDOM,150000,MiddleQuickSort,3,10.868205
RANDOM,150000,MiddleQuickSort,4,10.283459
RANDOM,150000,MiddleQuickSort,5,11.439279
RANDOM,150000,MedianOf3QuickSort,1,11.555082
RANDOM,150000,MedianOf3QuickSort,2,12.215221
RANDOM,150000,MedianOf3QuickSort,3,12.843291
RANDOM,150000,MedianOf3QuickSort,4,11.300758
RANDOM,150000,MedianOf3QuickSort,5,11.079304
RANDOM,160000,LastQuickSort,1,13.309017
RANDOM,160000,LastQuickSort,2,13.343346
RANDOM,160000,LastQuickSort,3,13.499814
RANDOM,160000,LastQuickSort,4,11.207719
RANDOM,160000,LastQuickSort,5,11.094512
RANDOM,160000,MiddleQuickSort,1,11.066259
RANDOM,160000,MiddleQuickSort,2,11.609776
RANDOM,160000,MiddleQuickSort,3,10.934252
RANDOM,160000,MiddleQuickSort,4,10.793195
RANDOM,160000,MiddleQuickSort,5,10.964515
RANDOM,160000,MedianOf3QuickSort,1,10.924398
RANDOM,160000,MedianOf3QuickSort,2,10.458500
RANDOM,160000,MedianOf3QuickSort,3,10.741518
RANDOM,160000,MedianOf3QuickSort,4,10.724426
RANDOM,160000,MedianOf3QuickSort,5,10.594932
RANDOM,170000,LastQuickSort,1,11.286843
RANDOM,170000,LastQuickSort,2,11.172329
RANDOM,170000,LastQuickSort,3,11.291770
RANDOM,170000,LastQuickSort,4,11.099639
RANDOM,170000,LastQuickSort,5,11.213550
RANDOM,170000,MiddleQuickSort,1,11.324947
RANDOM,170000,MiddleQuickSort,2,11.477667
RANDOM,170000,MiddleQuickSort,3,11.433429
RANDOM,170000,MiddleQuickSort,4,11.700261
RANDOM,170000,MiddleQuickSort,5,25.785313
RANDOM,170000,MedianOf3QuickSort,1,31.631372
RANDOM,170000,MedianOf3QuickSort,2,33.718266
RANDOM,170000,MedianOf3QuickSort,3,34.496843
RANDOM,170000,MedianOf3QuickSort,4,31.154414
RANDOM,170000,MedianOf3QuickSort,5,30.732048
RANDOM,180000,LastQuickSort,1,21.962006
RANDOM,180000,LastQuickSort,2,13.425716
RANDOM,180000,LastQuickSort,3,11.615606
RANDOM,180000,LastQuickSort,4,22.817394
RANDOM,180000,LastQuickSort,5,17.266920
RANDOM,180000,MiddleQuickSort,1,12.304703
RANDOM,180000,MiddleQuickSort,2,23.187780
RANDOM,180000,MiddleQuickSort,3,46.390943
RANDOM,180000,MiddleQuickSort,4,48.559475
RANDOM,180000,MiddleQuickSort,5,46.408537
RANDOM,180000,MedianOf3QuickSort,1,43.669546
RANDOM,180000,MedianOf3QuickSort,2,34.152193
RANDOM,180000,MedianOf3QuickSort,3,21.202029
RANDOM,180000,MedianOf3QuickSort,4,18.156291
RANDOM,180000,MedianOf3QuickSort,5,12.328230
RANDOM,190000,LastQuickSort,1,12.924930
RANDOM,190000,LastQuickSort,2,12.862797
RANDOM,190000,LastQuickSort,3,12.830624
RANDOM,190000,LastQuickSort,4,21.928727
RANDOM,190000,LastQuickSort,5,24.138983
RANDOM,190000,MiddleQuickSort,1,18.237024
RANDOM,190000,MiddleQuickSort,2,13.727937
RANDOM,190000,MiddleQuickSort,3,14.377622
RANDOM,190000,MiddleQuickSort,4,13.069751
RANDOM,190000,MiddleQuickSort,5,13.045957
RANDOM,190000,MedianOf3QuickSort,1,13.339873
RANDOM,190000,MedianOf3QuickSort,2,15.074917
RANDOM,190000,MedianOf3QuickSort,3,13.426449
RANDOM,190000,MedianOf3QuickSort,4,28.478038
RANDOM,190000,MedianOf3QuickSort,5,21.036607
RANDOM,200000,LastQuickSort,1,15.394575
RANDOM,200000,LastQuickSort,2,14.558275
RANDOM,200000,LastQuickSort,3,13.443242
RANDOM,200000,LastQuickSort,4,13.542789
RANDOM,200000,LastQuickSort,5,13.706489
RANDOM,200000,MiddleQuickSort,1,13.466671
RANDOM,200000,MiddleQuickSort,2,14.913629
RANDOM,200000,MiddleQuickSort,3,13.565715
RANDOM,200000,MiddleQuickSort,4,14.284770
RANDOM,200000,MiddleQuickSort,5,13.344901
RANDOM,200000,MedianOf3QuickSort,1,13.835198
RANDOM,200000,MedianOf3QuickSort,2,15.065666
RANDOM,200000,MedianOf3QuickSort,3,14.011266
RANDOM,200000,MedianOf3QuickSort,4,14.125293
RANDOM,200000,MedianOf3QuickSort,5,23.001515
RANDOM,210000,LastQuickSort,1,24.581204
RANDOM,210000,LastQuickSort,2,43.209263
RANDOM,210000,LastQuickSort,3,49.570553
RANDOM,210000,LastQuickSort,4,60.500470
RANDOM,210000,LastQuickSort,5,62.478751
RANDOM,210000,MiddleQuickSort,1,51.878647
RANDOM,210000,MiddleQuickSort,2,34.868687
RANDOM,210000,MiddleQuickSort,3,18.920066
RANDOM,210000,MiddleQuickSort,4,15.014685
RANDOM,210000,MiddleQuickSort,5,19.683867
RANDOM,210000,MedianOf3QuickSort,1,27.665669
RANDOM,210000,MedianOf3QuickSort,2,25.636106
RANDOM,210000,MedianOf3QuickSort,3,19.116949
RANDOM,210000,MedianOf3QuickSort,4,14.878436
RANDOM,210000,MedianOf3QuickSort,5,14.919361
RANDOM,220000,LastQuickSort,1,14.677329
RANDOM,220000,LastQuickSort,2,15.189044
RANDOM,220000,LastQuickSort,3,15.204429
RANDOM,220000,LastQuickSort,4,14.985223
RANDOM,220000,LastQuickSort,5,34.687591
RANDOM,220000,MiddleQuickSort,1,27.441838
RANDOM,220000,MiddleQuickSort,2,61.117755
RANDOM,220000,MiddleQuickSort,3,43.156718
RANDOM,220000,MiddleQuickSort,4,35.011446
RANDOM,220000,MiddleQuickSort,5,38.324966
RANDOM,220000,MedianOf3QuickSort,1,27.241785
RANDOM,220000,MedianOf3QuickSort,2,24.155240
RANDOM,220000,MedianOf3QuickSort,3,19.855779
RANDOM,220000,MedianOf3QuickSort,4,15.536406
RANDOM,220000,MedianOf3QuickSort,5,15.827341
RANDOM,230000,LastQuickSort,1,15.340204
RANDOM,230000,LastQuickSort,2,35.308013
RANDOM,230000,LastQuickSort,3,22.993109
RANDOM,230000,LastQuickSort,4,16.711309
RANDOM,230000,LastQuickSort,5,30.033975
RANDOM,230000,MiddleQuickSort,1,17.686589
RANDOM,230000,MiddleQuickSort,2,16.937983
RANDOM,230000,MiddleQuickSort,3,16.516614
RANDOM,230000,MiddleQuickSort,4,17.550927
RANDOM,230000,MiddleQuickSort,5,16.659517
RANDOM,230000,MedianOf3QuickSort,1,16.626633
RANDOM,230000,MedianOf3QuickSort,2,16.702157
RANDOM,230000,MedianOf3QuickSort,3,16.547488
RANDOM,230000,MedianOf3QuickSort,4,19.334751
RANDOM,230000,MedianOf3QuickSort,5,16.577155
RANDOM,240000,LastQuickSort,1,17.275881
RANDOM,240000,LastQuickSort,2,17.479425
RANDOM,240000,LastQuickSort,3,17.390324
RANDOM,240000,LastQuickSort,4,17.431657
RANDOM,240000,LastQuickSort,5,17.435378
RANDOM,240000,MiddleQuickSort,1,19.534876
RANDOM,240000,MiddleQuickSort,2,17.340343
RANDOM,240000,MiddleQuickSort,3,17.292978
RANDOM,240000,MiddleQuickSort,4,17.703283
RANDOM,240000,MiddleQuickSort,5,16.916763
RANDOM,240000,MedianOf3QuickSort,1,18.313110
RANDOM,240000,MedianOf3QuickSort,2,21.272741
RANDOM,240000,MedianOf3QuickSort,3,18.100516
RANDOM,240000,MedianOf3QuickSort,4,18.693850
RANDOM,240000,MedianOf3QuickSort,5,17.538155
RANDOM,250000,LastQuickSort,1,18.588759
RANDOM,250000,LastQuickSort,2,19.844214
RANDOM,250000,LastQuickSort,3,20.575322
RANDOM,250000,LastQuickSort,4,18.916601
RANDOM,250000,LastQuickSort,5,18.396479
RANDOM,250000,MiddleQuickSort,1,19.460658
RANDOM,250000,MiddleQuickSort,2,18.136015
RANDOM,250000,MiddleQuickSort,3,20.837495
RANDOM,250000,MiddleQuickSort,4,19.678684
RANDOM,250000,MiddleQuickSort,5,17.508960
RANDOM,250000,MedianOf3QuickSort,1,23.350653
RANDOM,250000,MedianOf3QuickSort,2,19.361721
RANDOM,250000,MedianOf3QuickSort,3,19.450329
RANDOM,250000,MedianOf3QuickSort,4,22.614238
RANDOM,250000,MedianOf3QuickSort,5,32.444906
RANDOM,260000,LastQuickSort,1,30.419815
RANDOM,260000,LastQuickSort,2,53.446414
RANDOM,260000,LastQuickSort,3,43.577325
RANDOM,260000,LastQuickSort,4,50.830239
RANDOM,260000,LastQuickSort,5,78.029520
RANDOM,260000,MiddleQuickSort,1,52.722872
RANDOM,260000,MiddleQuickSort,2,23.423369
RANDOM,260000,MiddleQuickSort,3,18.679114
RANDOM,260000,MiddleQuickSort,4,26.168080
RANDOM,260000,MiddleQuickSort,5,36.104955
RANDOM,260000,MedianOf3QuickSort,1,19.112193
RANDOM,260000,MedianOf3QuickSort,2,19.459280
RANDOM,260000,MedianOf3QuickSort,3,55.374952
RANDOM,260000,MedianOf3QuickSort,4,58.798748
RANDOM,260000,MedianOf3QuickSort,5,38.605065
RANDOM,270000,LastQuickSort,1,33.206666
RANDOM,270000,LastQuickSort,2,34.894627
RANDOM,270000,LastQuickSort,3,41.007013
RANDOM,270000,LastQuickSort,4,27.746112
RANDOM,270000,LastQuickSort,5,57.409899
RANDOM,270000,MiddleQuickSort,1,31.555515
RANDOM,270000,MiddleQuickSort,2,32.083304
RANDOM,270000,MiddleQuickSort,3,30.165209
RANDOM,270000,MiddleQuickSort,4,25.928875
RANDOM,270000,MiddleQuickSort,5,42.690744
RANDOM,270000,MedianOf3QuickSort,1,62.896943
RANDOM,270000,MedianOf3QuickSort,2,56.643379
RANDOM,270000,MedianOf3QuickSort,3,73.257388
RANDOM,270000,MedianOf3QuickSort,4,85.824364
RANDOM,270000,MedianOf3QuickSort,5,66.126220
RANDOM,280000,LastQuickSort,1,52.668867
RANDOM,280000,LastQuickSort,2,48.674841
RANDOM,280000,LastQuickSort,3,52.262806
RANDOM,280000,LastQuickSort,4,62.684306
RANDOM,280000,LastQuickSort,5,55.024250
RANDOM,280000,MiddleQuickSort,1,48.803341
RANDOM,280000,MiddleQuickSort,2,20.405382
RANDOM,280000,MiddleQuickSort,3,22.888084
RANDOM,280000,MiddleQuickSort,4,46.406725
RANDOM,280000,MiddleQuickSort,5,24.844518
RANDOM,280000,MedianOf3QuickSort,1,26.532035
RANDOM,280000,MedianOf3QuickSort,2,23.336915
RANDOM,280000,MedianOf3QuickSort,3,22.843734
RANDOM,280000,MedianOf3QuickSort,4,24.654527
RANDOM,280000,MedianOf3QuickSort,5,24.836153
RANDOM,290000,LastQuickSort,1,23.962959
RANDOM,290000,LastQuickSort,2,24.257142
RANDOM,290000,LastQuickSort,3,20.576993
RANDOM,290000,LastQuickSort,4,21.983738
RANDOM,290000,LastQuickSort,5,20.636634
RANDOM,290000,MiddleQuickSort,1,20.721117
RANDOM,290000,MiddleQuickSort,2,24.871355
RANDOM,290000,MiddleQuickSort,3,62.242001
RANDOM,290000,MiddleQuickSort,4,62.300133
RANDOM,290000,MiddleQuickSort,5,32.746195
RANDOM,290000,MedianOf3QuickSort,1,33.089459
RANDOM,290000,MedianOf3QuickSort,2,85.868335
RANDOM,290000,MedianOf3QuickSort,3,56.588163
RANDOM,290000,MedianOf3QuickSort,4,27.973598
RANDOM,290000,MedianOf3QuickSort,5,22.424963
RANDOM,300000,LastQuickSort,1,24.258449
RANDOM,300000,LastQuickSort,2,50.831437
RANDOM,300000,LastQuickSort,3,32.595233
RANDOM,300000,LastQuickSort,4,21.969356
RANDOM,300000,LastQuickSort,5,22.038250
RANDOM,300000,MiddleQuickSort,1,22.270076
RANDOM,300000,MiddleQuickSort,2,33.105149
RANDOM,300000,MiddleQuickSort,3,44.366962
RANDOM,300000,MiddleQuickSort,4,22.163969
RANDOM,300000,MiddleQuickSort,5,70.196396
RANDOM,300000,MedianOf3QuickSort,1,75.729247
RANDOM,300000,MedianOf3QuickSort,2,39.659809
RANDOM,300000,MedianOf3QuickSort,3,23.248698
RANDOM,300000,MedianOf3QuickSort,4,23.197199
RANDOM,300000,MedianOf3QuickSort,5,25.561789
RANDOM,310000,LastQuickSort,1,27.514795
RANDOM,310000,LastQuickSort,2,40.636564
RANDOM,310000,LastQuickSort,3,23.845150
RANDOM,310000,LastQuickSort,4,39.054404
RANDOM,310000,LastQuickSort,5,22.566247
RANDOM,310000,MiddleQuickSort,1,22.239153
RANDOM,310000,MiddleQuickSort,2,22.411652
RANDOM,310000,MiddleQuickSort,3,28.545965
RANDOM,310000,MiddleQuickSort,4,22.124590
RANDOM,310000,MiddleQuickSort,5,23.661487
RANDOM,310000,MedianOf3QuickSort,1,70.456204
RANDOM,310000,MedianOf3QuickSort,2,56.566288
RANDOM,310000,MedianOf3QuickSort,3,47.951413
RANDOM,310000,MedianOf3QuickSort,4,26.629269
RANDOM,310000,MedianOf3QuickSort,5,25.712361
RANDOM,320000,LastQuickSort,1,30.915585
RANDOM,320000,LastQuickSort,2,31.432779
RANDOM,320000,LastQuickSort,3,31.824447
RANDOM,320000,LastQuickSort,4,38.513874
RANDOM,320000,LastQuickSort,5,43.445828
RANDOM,320000,MiddleQuickSort,1,37.196045
RANDOM,320000,MiddleQuickSort,2,29.803043
RANDOM,320000,MiddleQuickSort,3,31.960433
RANDOM,320000,MiddleQuickSort,4,25.332561
RANDOM,320000,MiddleQuickSort,5,24.870487
RANDOM,320000,MedianOf3QuickSort,1,25.563386
RANDOM,320000,MedianOf3QuickSort,2,26.058959
RANDOM,320000,MedianOf3QuickSort,3,54.547131
RANDOM,320000,MedianOf3QuickSort,4,42.433057
RANDOM,320000,MedianOf3QuickSort,5,42.241537
RANDOM,330000,LastQuickSort,1,100.575423
RANDOM,330000,LastQuickSort,2,62.221430
RANDOM,330000,LastQuickSort,3,29.736173
RANDOM,330000,LastQuickSort,4,23.358561
RANDOM,330000,LastQuickSort,5,23.875485
RANDOM,330000,MiddleQuickSort,1,24.761469
RANDOM,330000,MiddleQuickSort,2,24.749398
RANDOM,330000,MiddleQuickSort,3,24.687234
RANDOM,330000,MiddleQuickSort,4,24.783196
RANDOM,330000,MiddleQuickSort,5,25.948513
RANDOM,330000,MedianOf3QuickSort,1,28.299065
RANDOM,330000,MedianOf3QuickSort,2,26.475396
RANDOM,330000,MedianOf3QuickSort,3,27.995791
RANDOM,330000,MedianOf3QuickSort,4,27.070176
RANDOM,330000,MedianOf3QuickSort,5,27.452614
RANDOM,340000,LastQuickSort,1,25.341059
RANDOM,340000,LastQuickSort,2,48.760577
RANDOM,340000,LastQuickSort,3,83.374487
RANDOM,340000,LastQuickSort,4,68.876768
RANDOM,340000,LastQuickSort,5,81.780562
RANDOM,340000,MiddleQuickSort,1,44.581855
RANDOM,340000,MiddleQuickSort,2,27.119111
RANDOM,340000,MiddleQuickSort,3,24.910957
RANDOM,340000,MiddleQuickSort,4,25.174947
RANDOM,340000,MiddleQuickSort,5,24.992479
RANDOM,340000,MedianOf3QuickSort,1,27.703889
RANDOM,340000,MedianOf3QuickSort,2,27.411745
RANDOM,340000,MedianOf3QuickSort,3,27.256353
RANDOM,340000,MedianOf3QuickSort,4,28.419340
RANDOM,340000,MedianOf3QuickSort,5,28.167417
RANDOM,350000,LastQuickSort,1,25.258725
RANDOM,350000,LastQuickSort,2,25.197509
RANDOM,350000,LastQuickSort,3,25.103137
RANDOM,350000,LastQuickSort,4,24.878681
RANDOM,350000,LastQuickSort,5,25.014747
RANDOM,350000,MiddleQuickSort,1,25.912273
RANDOM,350000,MiddleQuickSort,2,26.025481
RANDOM,350000,MiddleQuickSort,3,26.045298
RANDOM,350000,MiddleQuickSort,4,25.510942
RANDOM,350000,MiddleQuickSort,5,25.896872
RANDOM,350000,MedianOf3QuickSort,1,28.785746
RANDOM,350000,MedianOf3QuickSort,2,29.033647
RANDOM,350000,MedianOf3QuickSort,3,29.212681
RANDOM,350000,MedianOf3QuickSort,4,33.476539
RANDOM,350000,MedianOf3QuickSort,5,53.981098
RANDOM,360000,LastQuickSort,1,70.650304
RANDOM,360000,LastQuickSort,2,102.468251
RANDOM,360000,LastQuickSort,3,81.817129
RANDOM,360000,LastQuickSort,4,40.271446
RANDOM,360000,LastQuickSort,5,34.379411
RANDOM,360000,MiddleQuickSort,1,26.591753
RANDOM,360000,MiddleQuickSort,2,26.370904
RANDOM,360000,MiddleQuickSort,3,26.715069
RANDOM,360000,MiddleQuickSort,4,26.046816
RANDOM,360000,MiddleQuickSort,5,36.316164
RANDOM,360000,MedianOf3QuickSort,1,65.906986
RANDOM,360000,MedianOf3QuickSort,2,39.063088
RANDOM,360000,MedianOf3QuickSort,3,29.728015
RANDOM,360000,MedianOf3QuickSort,4,54.327310
RANDOM,360000,MedianOf3QuickSort,5,69.487799
RANDOM,370000,LastQuickSort,1,38.653869
RANDOM,370000,LastQuickSort,2,27.295730
RANDOM,370000,LastQuickSort,3,27.074095
RANDOM,370000,LastQuickSort,4,27.017013
RANDOM,370000,LastQuickSort,5,27.170643
RANDOM,370000,MiddleQuickSort,1,28.190049
RANDOM,370000,MiddleQuickSort,2,28.091041
RANDOM,370000,MiddleQuickSort,3,41.454726
RANDOM,370000,MiddleQuickSort,4,28.281773
RANDOM,370000,MiddleQuickSort,5,69.969158
RANDOM,370000,MedianOf3QuickSort,1,59.158121
RANDOM,370000,MedianOf3QuickSort,2,49.224080
RANDOM,370000,MedianOf3QuickSort,3,32.233226
RANDOM,370000,MedianOf3QuickSort,4,33.457538
RANDOM,370000,MedianOf3QuickSort,5,34.640040
RANDOM,380000,LastQuickSort,1,34.349583
RANDOM,380000,LastQuickSort,2,32.476172
RANDOM,380000,LastQuickSort,3,29.730207
RANDOM,380000,LastQuickSort,4,31.467618
RANDOM,380000,LastQuickSort,5,28.028820
RANDOM,380000,MiddleQuickSort,1,28.523771
RANDOM,380000,MiddleQuickSort,2,28.529002
RANDOM,380000,MiddleQuickSort,3,28.236571
RANDOM,380000,MiddleQuickSort,4,38.172991
RANDOM,380000,MiddleQuickSort,5,80.125176
RANDOM,380000,MedianOf3QuickSort,1,130.478693
RANDOM,380000,MedianOf3QuickSort,2,81.634702
RANDOM,380000,MedianOf3QuickSort,3,55.935259
RANDOM,380000,MedianOf3QuickSort,4,51.954138
RANDOM,380000,MedianOf3QuickSort,5,58.824035
RANDOM,390000,LastQuickSort,1,84.580325
RANDOM,390000,LastQuickSort,2,110.259002
RANDOM,390000,LastQuickSort,3,104.290220
RANDOM,390000,LastQuickSort,4,114.377467
RANDOM,390000,LastQuickSort,5,88.612282
RANDOM,390000,MiddleQuickSort,1,49.413331
RANDOM,390000,MiddleQuickSort,2,31.116154
RANDOM,390000,MiddleQuickSort,3,29.669606
RANDOM,390000,MiddleQuickSort,4,29.712446
RANDOM,390000,MiddleQuickSort,5,29.378635
RANDOM,390000,MedianOf3QuickSort,1,34.770464
RANDOM,390000,MedianOf3QuickSort,2,34.440215
RANDOM,390000,MedianOf3QuickSort,3,35.061534
RANDOM,390000,MedianOf3QuickSort,4,37.520102
RANDOM,390000,MedianOf3QuickSort,5,34.914417
RANDOM,400000,LastQuickSort,1,30.790356
RANDOM,400000,LastQuickSort,2,30.286079
RANDOM,400000,LastQuickSort,3,30.385509
RANDOM,400000,LastQuickSort,4,43.257119
RANDOM,400000,LastQuickSort,5,30.064362
RANDOM,400000,MiddleQuickSort,1,35.774766
RANDOM,400000,MiddleQuickSort,2,31.917438
RANDOM,400000,MiddleQuickSort,3,36.544590
RANDOM,400000,MiddleQuickSort,4,32.754638
RANDOM,400000,MiddleQuickSort,5,31.924521
RANDOM,400000,MedianOf3QuickSort,1,34.814707
RANDOM,400000,MedianOf3QuickSort,2,35.228057
RANDOM,400000,MedianOf3QuickSort,3,61.699243
RANDOM,400000,MedianOf3QuickSort,4,36.779429
RANDOM,400000,MedianOf3QuickSort,5,33.866255
RANDOM,410000,LastQuickSort,1,31.433258
RANDOM,410000,LastQuickSort,2,80.692571
RANDOM,410000,LastQuickSort,3,101.791114
RANDOM,410000,LastQuickSort,4,95.546759
RANDOM,410000,LastQuickSort,5,60.927077
RANDOM,410000,MiddleQuickSort,1,64.218995
RANDOM,410000,MiddleQuickSort,2,31.966179
RANDOM,410000,MiddleQuickSort,3,39.920840
RANDOM,410000,MiddleQuickSort,4,53.358043
RANDOM,410000,MiddleQuickSort,5,42.633960
RANDOM,410000,MedianOf3QuickSort,1,80.010309
RANDOM,410000,MedianOf3QuickSort,2,58.467371
RANDOM,410000,MedianOf3QuickSort,3,41.947550
RANDOM,410000,MedianOf3QuickSort,4,37.467812
RANDOM,410000,MedianOf3QuickSort,5,43.350825
RANDOM,420000,LastQuickSort,1,33.706757
RANDOM,420000,LastQuickSort,2,34.595889
RANDOM,420000,LastQuickSort,3,32.943381
RANDOM,420000,LastQuickSort,4,33.055230
RANDOM,420000,LastQuickSort,5,57.330492
RANDOM,420000,MiddleQuickSort,1,57.920531
RANDOM,420000,MiddleQuickSort,2,32.641805
RANDOM,420000,MiddleQuickSort,3,33.267704
RANDOM,420000,MiddleQuickSort,4,32.637434
RANDOM,420000,MiddleQuickSort,5,106.973583
RANDOM,420000,MedianOf3QuickSort,1,137.664582
RANDOM,420000,MedianOf3QuickSort,2,50.733968
RANDOM,420000,MedianOf3QuickSort,3,46.223841
RANDOM,420000,MedianOf3QuickSort,4,39.568114
RANDOM,420000,MedianOf3QuickSort,5,79.967550
RANDOM,430000,LastQuickSort,1,48.206235
RANDOM,430000,LastQuickSort,2,33.707297
RANDOM,430000,LastQuickSort,3,33.776742
RANDOM,430000,LastQuickSort,4,34.252331
RANDOM,430000,LastQuickSort,5,33.829574
RANDOM,430000,MiddleQuickSort,1,75.732116
RANDOM,430000,MiddleQuickSort,2,39.570367
RANDOM,430000,MiddleQuickSort,3,88.255419
RANDOM,430000,MiddleQuickSort,4,90.109917
RANDOM,430000,MiddleQuickSort,5,79.783076
RANDOM,430000,MedianOf3QuickSort,1,56.906766
RANDOM,430000,MedianOf3QuickSort,2,49.166113
RANDOM,430000,MedianOf3QuickSort,3,55.196736
RANDOM,430000,MedianOf3QuickSort,4,95.345669
RANDOM,430000,MedianOf3QuickSort,5,98.362373
RANDOM,440000,LastQuickSort,1,90.284630
RANDOM,440000,LastQuickSort,2,47.384792
RANDOM,440000,LastQuickSort,3,52.762146
RANDOM,440000,LastQuickSort,4,37.878495
RANDOM,440000,LastQuickSort,5,37.849101
RANDOM,440000,MiddleQuickSort,1,37.247789
RANDOM,440000,MiddleQuickSort,2,34.936597
RANDOM,440000,MiddleQuickSort,3,34.713010
RANDOM,440000,MiddleQuickSort,4,34.636688
RANDOM,440000,MiddleQuickSort,5,34.590655
RANDOM,440000,MedianOf3QuickSort,1,40.620419
RANDOM,440000,MedianOf3QuickSort,2,41.607129
RANDOM,440000,MedianOf3QuickSort,3,42.267626
RANDOM,440000,MedianOf3QuickSort,4,40.013627
RANDOM,440000,MedianOf3QuickSort,5,41.445717
RANDOM,450000,LastQuickSort,1,35.779331
RANDOM,450000,LastQuickSort,2,44.882015
RANDOM,450000,LastQuickSort,3,35.345210
RANDOM,450000,LastQuickSort,4,35.617022
RANDOM,450000,LastQuickSort,5,36.089204
RANDOM,450000,MiddleQuickSort,1,36.603831
RANDOM,450000,MiddleQuickSort,2,35.812411
RANDOM,450000,MiddleQuickSort,3,35.871197
RANDOM,450000,MiddleQuickSort,4,37.618241
RANDOM,450000,MiddleQuickSort,5,35.801251
RANDOM,450000,MedianOf3QuickSort,1,63.742100
RANDOM,450000,MedianOf3QuickSort,2,44.344376
RANDOM,450000,MedianOf3QuickSort,3,42.328808
RANDOM,450000,MedianOf3QuickSort,4,131.030165
RANDOM,450000,MedianOf3QuickSort,5,113.745345
RANDOM,460000,LastQuickSort,1,50.934355
RANDOM,460000,LastQuickSort,2,41.544381
RANDOM,460000,LastQuickSort,3,54.573663
RANDOM,460000,LastQuickSort,4,36.967512
RANDOM,460000,LastQuickSort,5,36.386898
RANDOM,460000,MiddleQuickSort,1,36.372034
RANDOM,460000,MiddleQuickSort,2,36.165327
RANDOM,460000,MiddleQuickSort,3,36.386599
RANDOM,460000,MiddleQuickSort,4,37.400977
RANDOM,460000,MiddleQuickSort,5,81.024292
RANDOM,460000,MedianOf3QuickSort,1,85.067436
RANDOM,460000,MedianOf3QuickSort,2,89.422535
RANDOM,460000,MedianOf3QuickSort,3,65.020435
RANDOM,460000,MedianOf3QuickSort,4,44.023791
RANDOM,460000,MedianOf3QuickSort,5,78.745649
RANDOM,470000,LastQuickSort,1,111.313202
RANDOM,470000,LastQuickSort,2,62.923075
RANDOM,470000,LastQuickSort,3,59.756083
RANDOM,470000,LastQuickSort,4,51.331512
RANDOM,470000,LastQuickSort,5,51.852935
RANDOM,470000,MiddleQuickSort,1,44.292743
RANDOM,470000,MiddleQuickSort,2,38.940686
RANDOM,470000,MiddleQuickSort,3,38.155205
RANDOM,470000,MiddleQuickSort,4,38.373820
RANDOM,470000,MiddleQuickSort,5,38.519431
RANDOM,470000,MedianOf3QuickSort,1,44.207553
RANDOM,470000,MedianOf3QuickSort,2,45.620620
RANDOM,470000,MedianOf3QuickSort,3,43.164406
RANDOM,470000,MedianOf3QuickSort,4,66.730735
RANDOM,470000,MedianOf3QuickSort,5,81.676747
RANDOM,480000,LastQuickSort,1,39.067353
RANDOM,480000,LastQuickSort,2,38.459051
RANDOM,480000,LastQuickSort,3,38.861612
RANDOM,480000,LastQuickSort,4,55.341935
RANDOM,480000,LastQuickSort,5,38.408568
RANDOM,480000,MiddleQuickSort,1,39.128121
RANDOM,480000,MiddleQuickSort,2,39.176504
RANDOM,480000,MiddleQuickSort,3,38.513232
RANDOM,480000,MiddleQuickSort,4,38.592304
RANDOM,480000,MiddleQuickSort,5,86.269280
RANDOM,480000,MedianOf3QuickSort,1,175.062990
RANDOM,480000,MedianOf3QuickSort,2,145.443595
RANDOM,480000,MedianOf3QuickSort,3,88.722635
RANDOM,480000,MedianOf3QuickSort,4,46.518274
RANDOM,480000,MedianOf3QuickSort,5,64.805375
RANDOM,490000,LastQuickSort,1,44.407696
RANDOM,490000,LastQuickSort,2,39.703861
RANDOM,490000,LastQuickSort,3,50.464709
RANDOM,490000,LastQuickSort,4,79.957991
RANDOM,490000,LastQuickSort,5,50.489120
RANDOM,490000,MiddleQuickSort,1,39.653637
RANDOM,490000,MiddleQuickSort,2,77.750115
RANDOM,490000,MiddleQuickSort,3,94.221746
RANDOM,490000,MiddleQuickSort,4,41.367972
RANDOM,490000,MiddleQuickSort,5,39.436130
RANDOM,490000,MedianOf3QuickSort,1,49.806687
RANDOM,490000,MedianOf3QuickSort,2,120.314570
RANDOM,490000,MedianOf3QuickSort,3,60.273592
RANDOM,490000,MedianOf3QuickSort,4,58.239099
RANDOM,490000,MedianOf3QuickSort,5,100.625769
RANDOM,500000,LastQuickSort,1,46.352303
RANDOM,500000,LastQuickSort,2,41.214555
RANDOM,500000,LastQuickSort,3,54.215852
RANDOM,500000,LastQuickSort,4,42.401302
RANDOM,500000,LastQuickSort,5,43.564715
RANDOM,500000,MiddleQuickSort,1,101.402066
RANDOM,500000,MiddleQuickSort,2,101.607516
RANDOM,500000,MiddleQuickSort,3,133.566534
RANDOM,500000,MiddleQuickSort,4,84.390003
RANDOM,500000,MiddleQuickSort,5,63.110656
RANDOM,500000,MedianOf3QuickSort,1,97.036964
RANDOM,500000,MedianOf3QuickSort,2,69.076157
RANDOM,500000,MedianOf3QuickSort,3,101.072864
RANDOM,500000,MedianOf3QuickSort,4,68.079296
RANDOM,500000,MedianOf3QuickSort,5,171.070843
RANDOM,510000,LastQuickSort,1,130.139973
RANDOM,510000,LastQuickSort,2,49.265476
RANDOM,510000,LastQuickSort,3,42.226921
RANDOM,510000,LastQuickSort,4,42.167204
RANDOM,510000,LastQuickSort,5,142.609719
RANDOM,510000,MiddleQuickSort,1,73.531543
RANDOM,510000,MiddleQuickSort,2,59.597214
RANDOM,510000,MiddleQuickSort,3,62.174987
RANDOM,510000,MiddleQuickSort,4,68.428999
RANDOM,510000,MiddleQuickSort,5,65.355950
RANDOM,510000,MedianOf3QuickSort,1,92.486338
RANDOM,510000,MedianOf3QuickSort,2,67.228149
RANDOM,510000,MedianOf3QuickSort,3,114.513975
RANDOM,510000,MedianOf3QuickSort,4,51.763725
RANDOM,510000,MedianOf3QuickSort,5,60.961636
RANDOM,520000,LastQuickSort,1,75.046179
RANDOM,520000,LastQuickSort,2,84.056917
RANDOM,520000,LastQuickSort,3,46.848823
RANDOM,520000,LastQuickSort,4,49.510439
RANDOM,520000,LastQuickSort,5,51.270982
RANDOM,520000,MiddleQuickSort,1,46.277682
RANDOM,520000,MiddleQuickSort,2,47.000605
RANDOM,520000,MiddleQuickSort,3,43.898077
RANDOM,520000,MiddleQuickSort,4,75.015802
RANDOM,520000,MiddleQuickSort,5,77.034295
RANDOM,520000,MedianOf3QuickSort,1,63.951845
RANDOM,520000,MedianOf3QuickSort,2,56.980334
RANDOM,520000,MedianOf3QuickSort,3,60.628912
RANDOM,520000,MedianOf3QuickSort,4,56.124961
RANDOM,520000,MedianOf3QuickSort,5,53.472380
RANDOM,530000,LastQuickSort,1,47.599912
RANDOM,530000,LastQuickSort,2,47.092285
RANDOM,530000,LastQuickSort,3,44.959869
RANDOM,530000,LastQuickSort,4,45.438710
RANDOM,530000,LastQuickSort,5,47.336820
RANDOM,530000,MiddleQuickSort,1,49.151480
RANDOM,530000,MiddleQuickSort,2,73.889007
RANDOM,530000,MiddleQuickSort,3,118.458702
RANDOM,530000,MiddleQuickSort,4,45.762283
RANDOM,530000,MiddleQuickSort,5,45.159670
RANDOM,530000,MedianOf3QuickSort,1,54.227151
RANDOM,530000,MedianOf3QuickSort,2,52.402963
RANDOM,530000,MedianOf3QuickSort,3,54.955743
RANDOM,530000,MedianOf3QuickSort,4,58.514508
RANDOM,530000,MedianOf3QuickSort,5,59.206243
RANDOM,540000,LastQuickSort,1,44.849057
RANDOM,540000,LastQuickSort,2,51.557887
RANDOM,540000,LastQuickSort,3,64.776664
RANDOM,540000,LastQuickSort,4,44.242675
RANDOM,540000,LastQuickSort,5,52.200493
RANDOM,540000,MiddleQuickSort,1,54.307626
RANDOM,540000,MiddleQuickSort,2,91.272418
RANDOM,540000,MiddleQuickSort,3,95.472938
RANDOM,540000,MiddleQuickSort,4,61.164063
RANDOM,540000,MiddleQuickSort,5,48.186414
RANDOM,540000,MedianOf3QuickSort,1,63.942602
RANDOM,540000,MedianOf3QuickSort,2,61.186741
RANDOM,540000,MedianOf3QuickSort,3,60.127805
RANDOM,540000,MedianOf3QuickSort,4,62.831688
RANDOM,540000,MedianOf3QuickSort,5,57.214138
RANDOM,550000,LastQuickSort,1,47.310651
RANDOM,550000,LastQuickSort,2,57.943093
RANDOM,550000,LastQuickSort,3,99.746596
RANDOM,550000,LastQuickSort,4,175.375961
RANDOM,550000,LastQuickSort,5,185.970558
RANDOM,550000,MiddleQuickSort,1,99.887633
RANDOM,550000,MiddleQuickSort,2,54.271628
RANDOM,550000,MiddleQuickSort,3,47.129060
RANDOM,550000,MiddleQuickSort,4,67.890729
RANDOM,550000,MiddleQuickSort,5,113.431703
RANDOM,550000,MedianOf3QuickSort,1,97.821090
RANDOM,550000,MedianOf3QuickSort,2,58.310396
RANDOM,550000,MedianOf3QuickSort,3,56.476928
RANDOM,550000,MedianOf3QuickSort,4,66.609454
RANDOM,550000,MedianOf3QuickSort,5,104.402658
RANDOM,560000,LastQuickSort,1,66.132183
RANDOM,560000,LastQuickSort,2,65.527487
RANDOM,560000,LastQuickSort,3,47.742474
RANDOM,560000,LastQuickSort,4,47.793685
RANDOM,560000,LastQuickSort,5,49.266364
RANDOM,560000,MiddleQuickSort,1,49.781289
RANDOM,560000,MiddleQuickSort,2,48.013392
RANDOM,560000,MiddleQuickSort,3,47.663046
RANDOM,560000,MiddleQuickSort,4,144.944307
RANDOM,560000,MiddleQuickSort,5,152.016869
RANDOM,560000,MedianOf3QuickSort,1,68.970856
RANDOM,560000,MedianOf3QuickSort,2,57.463292
RANDOM,560000,MedianOf3QuickSort,3,90.934848
RANDOM,560000,MedianOf3QuickSort,4,111.455171
RANDOM,560000,MedianOf3QuickSort,5,71.643547
RANDOM,570000,LastQuickSort,1,55.381108
RANDOM,570000,LastQuickSort,2,51.295885
RANDOM,570000,LastQuickSort,3,53.874059
RANDOM,570000,LastQuickSort,4,51.629959
RANDOM,570000,LastQuickSort,5,53.387010
RANDOM,570000,MiddleQuickSort,1,54.694478
RANDOM,570000,MiddleQuickSort,2,50.312347
RANDOM,570000,MiddleQuickSort,3,50.981499
RANDOM,570000,MiddleQuickSort,4,52.915799
RANDOM,570000,MiddleQuickSort,5,55.279366
RANDOM,570000,MedianOf3QuickSort,1,65.669175
RANDOM,570000,MedianOf3QuickSort,2,60.323467
RANDOM,570000,MedianOf3QuickSort,3,170.153905
RANDOM,570000,MedianOf3QuickSort,4,206.465594
RANDOM,570000,MedianOf3QuickSort,5,74.042690
RANDOM,580000,LastQuickSort,1,52.248041
RANDOM,580000,LastQuickSort,2,50.891421
RANDOM,580000,LastQuickSort,3,156.402957
RANDOM,580000,LastQuickSort,4,76.338966
RANDOM,580000,LastQuickSort,5,70.076469
RANDOM,580000,MiddleQuickSort,1,183.798963
RANDOM,580000,MiddleQuickSort,2,52.423876
RANDOM,580000,MiddleQuickSort,3,49.736667
RANDOM,580000,MiddleQuickSort,4,50.073775
RANDOM,580000,MiddleQuickSort,5,97.764382
RANDOM,580000,MedianOf3QuickSort,1,106.458811
RANDOM,580000,MedianOf3QuickSort,2,63.324779
RANDOM,580000,MedianOf3QuickSort,3,61.495012
RANDOM,580000,MedianOf3QuickSort,4,97.780865
RANDOM,580000,MedianOf3QuickSort,5,73.555085
RANDOM,590000,LastQuickSort,1,51.995005
RANDOM,590000,LastQuickSort,2,64.187875
RANDOM,590000,LastQuickSort,3,60.466368
RANDOM,590000,LastQuickSort,4,52.226278
RANDOM,590000,LastQuickSort,5,86.403533
RANDOM,590000,MiddleQuickSort,1,77.511015
RANDOM,590000,MiddleQuickSort,2,73.792178
RANDOM,590000,MiddleQuickSort,3,71.163266
RANDOM,590000,MiddleQuickSort,4,62.293669
RANDOM,590000,MiddleQuickSort,5,68.072830
RANDOM,590000,MedianOf3QuickSort,1,90.818226
RANDOM,590000,MedianOf3QuickSort,2,87.225954
RANDOM,590000,MedianOf3QuickSort,3,62.392589
RANDOM,590000,MedianOf3QuickSort,4,86.783529
RANDOM,590000,MedianOf3QuickSort,5,107.503871
RANDOM,600000,LastQuickSort,1,76.480384
RANDOM,600000,LastQuickSort,2,76.580024
RANDOM,600000,LastQuickSort,3,93.157667
RANDOM,600000,LastQuickSort,4,180.978611
RANDOM,600000,LastQuickSort,5,126.027906
RANDOM,600000,MiddleQuickSort,1,155.392447
RANDOM,600000,MiddleQuickSort,2,97.642673
RANDOM,600000,MiddleQuickSort,3,124.809001
RANDOM,600000,MiddleQuickSort,4,53.776066
RANDOM,600000,MiddleQuickSort,5,53.304113
RANDOM,600000,MedianOf3QuickSort,1,72.083614
RANDOM,600000,MedianOf3QuickSort,2,182.635586
RANDOM,600000,MedianOf3QuickSort,3,130.631003
RANDOM,600000,MedianOf3QuickSort,4,93.424164
RANDOM,600000,MedianOf3QuickSort,5,193.130687
RANDOM,610000,LastQuickSort,1,167.923821
RANDOM,610000,LastQuickSort,2,64.104669
RANDOM,610000,LastQuickSort,3,109.348955
RANDOM,610000,LastQuickSort,4,208.657164
RANDOM,610000,LastQuickSort,5,170.300559
RANDOM,610000,MiddleQuickSort,1,156.193267
RANDOM,610000,MiddleQuickSort,2,70.065475
RANDOM,610000,MiddleQuickSort,3,53.505626
RANDOM,610000,MiddleQuickSort,4,160.142042
RANDOM,610000,MiddleQuickSort,5,219.299902
RANDOM,610000,MedianOf3QuickSort,1,173.916848
RANDOM,610000,MedianOf3QuickSort,2,162.387248
RANDOM,610000,MedianOf3QuickSort,3,101.254326
RANDOM,610000,MedianOf3QuickSort,4,81.018910
RANDOM,610000,MedianOf3QuickSort,5,80.278413
RANDOM,620000,LastQuickSort,1,76.908861
RANDOM,620000,LastQuickSort,2,63.556082
RANDOM,620000,LastQuickSort,3,57.645064
RANDOM,620000,LastQuickSort,4,63.036188
RANDOM,620000,LastQuickSort,5,59.485238
RANDOM,620000,MiddleQuickSort,1,56.807139
RANDOM,620000,MiddleQuickSort,2,61.753319
RANDOM,620000,MiddleQuickSort,3,56.442688
RANDOM,620000,MiddleQuickSort,4,55.645184
RANDOM,620000,MiddleQuickSort,5,57.095037
RANDOM,620000,MedianOf3QuickSort,1,81.860544
RANDOM,620000,MedianOf3QuickSort,2,71.949774
RANDOM,620000,MedianOf3QuickSort,3,69.796672
RANDOM,620000,MedianOf3QuickSort,4,71.286058
RANDOM,620000,MedianOf3QuickSort,5,69.922111
RANDOM,630000,LastQuickSort,1,61.442083
RANDOM,630000,LastQuickSort,2,59.353763
RANDOM,630000,LastQuickSort,3,64.274292
RANDOM,630000,LastQuickSort,4,59.448428
RANDOM,630000,LastQuickSort,5,58.393961
RANDOM,630000,MiddleQuickSort,1,59.009747
RANDOM,630000,MiddleQuickSort,2,56.106070
RANDOM,630000,MiddleQuickSort,3,58.628264
RANDOM,630000,MiddleQuickSort,4,58.143663
RANDOM,630000,MiddleQuickSort,5,60.438598
RANDOM,630000,MedianOf3QuickSort,1,72.937096
RANDOM,630000,MedianOf3QuickSort,2,75.168248
RANDOM,630000,MedianOf3QuickSort,3,72.804100
RANDOM,630000,MedianOf3QuickSort,4,72.677543
RANDOM,630000,MedianOf3QuickSort,5,72.566880
RANDOM,640000,LastQuickSort,1,63.318710
RANDOM,640000,LastQuickSort,2,97.918347
RANDOM,640000,LastQuickSort,3,59.368106
RANDOM,640000,LastQuickSort,4,58.279703
RANDOM,640000,LastQuickSort,5,110.862087
RANDOM,640000,MiddleQuickSort,1,75.402533
RANDOM,640000,MiddleQuickSort,2,57.118413
RANDOM,640000,MiddleQuickSort,3,56.986453
RANDOM,640000,MiddleQuickSort,4,56.762765
RANDOM,640000,MiddleQuickSort,5,115.538726
RANDOM,640000,MedianOf3QuickSort,1,164.510413
RANDOM,640000,MedianOf3QuickSort,2,80.257398
RANDOM,640000,MedianOf3QuickSort,3,99.880733
RANDOM,640000,MedianOf3QuickSort,4,94.134686
RANDOM,640000,MedianOf3QuickSort,5,73.461332
RANDOM,650000,LastQuickSort,1,69.846173
RANDOM,650000,LastQuickSort,2,63.000293
RANDOM,650000,LastQuickSort,3,73.495632
RANDOM,650000,LastQuickSort,4,88.266778
RANDOM,650000,LastQuickSort,5,93.286922
RANDOM,650000,MiddleQuickSort,1,57.803923
RANDOM,650000,MiddleQuickSort,2,59.564982
RANDOM,650000,MiddleQuickSort,3,57.313266
RANDOM,650000,MiddleQuickSort,4,57.278060
RANDOM,650000,MiddleQuickSort,5,77.152937
RANDOM,650000,MedianOf3QuickSort,1,74.982996
RANDOM,650000,MedianOf3QuickSort,2,76.531215
RANDOM,650000,MedianOf3QuickSort,3,77.159462
RANDOM,650000,MedianOf3QuickSort,4,73.504468
RANDOM,650000,MedianOf3QuickSort,5,76.049438
RANDOM,660000,LastQuickSort,1,65.164510
RANDOM,660000,LastQuickSort,2,65.267415
RANDOM,660000,LastQuickSort,3,61.045984
RANDOM,660000,LastQuickSort,4,62.035304
RANDOM,660000,LastQuickSort,5,60.542523
RANDOM,660000,MiddleQuickSort,1,64.624232
RANDOM,660000,MiddleQuickSort,2,64.864143
RANDOM,660000,MiddleQuickSort,3,61.919322
RANDOM,660000,MiddleQuickSort,4,64.499197
RANDOM,660000,MiddleQuickSort,5,66.822765
RANDOM,660000,MedianOf3QuickSort,1,82.102242
RANDOM,660000,MedianOf3QuickSort,2,78.668625
RANDOM,660000,MedianOf3QuickSort,3,79.446551
RANDOM,660000,MedianOf3QuickSort,4,73.852269
RANDOM,660000,MedianOf3QuickSort,5,73.486673
RANDOM,670000,LastQuickSort,1,77.085175
RANDOM,670000,LastQuickSort,2,73.934646
RANDOM,670000,LastQuickSort,3,70.200221
RANDOM,670000,LastQuickSort,4,60.148461
RANDOM,670000,LastQuickSort,5,123.122649
RANDOM,670000,MiddleQuickSort,1,210.237814
RANDOM,670000,MiddleQuickSort,2,80.398202
RANDOM,670000,MiddleQuickSort,3,58.598892
RANDOM,670000,MiddleQuickSort,4,140.078115
RANDOM,670000,MiddleQuickSort,5,210.768799
RANDOM,670000,MedianOf3QuickSort,1,121.116802
RANDOM,670000,MedianOf3QuickSort,2,190.653979
RANDOM,670000,MedianOf3QuickSort,3,87.177528
RANDOM,670000,MedianOf3QuickSort,4,135.017016
RANDOM,670000,MedianOf3QuickSort,5,206.208605
RANDOM,680000,LastQuickSort,1,130.546285
RANDOM,680000,LastQuickSort,2,69.676881
RANDOM,680000,LastQuickSort,3,167.795748
RANDOM,680000,LastQuickSort,4,155.607383
RANDOM,680000,LastQuickSort,5,62.089346
RANDOM,680000,MiddleQuickSort,1,61.360676
RANDOM,680000,MiddleQuickSort,2,61.633100
RANDOM,680000,MiddleQuickSort,3,163.974304
RANDOM,680000,MiddleQuickSort,4,125.880246
RANDOM,680000,MiddleQuickSort,5,126.956135
RANDOM,680000,MedianOf3QuickSort,1,106.525200
RANDOM,680000,MedianOf3QuickSort,2,86.149658
RANDOM,680000,MedianOf3QuickSort,3,87.732780
RANDOM,680000,MedianOf3QuickSort,4,182.432882
RANDOM,680000,MedianOf3QuickSort,5,211.732072
RANDOM,690000,LastQuickSort,1,92.564429
RANDOM,690000,LastQuickSort,2,132.008755
RANDOM,690000,LastQuickSort,3,96.248278
RANDOM,690000,LastQuickSort,4,238.149013
RANDOM,690000,LastQuickSort,5,200.550685
RANDOM,690000,MiddleQuickSort,1,224.769189
RANDOM,690000,MiddleQuickSort,2,92.494944
RANDOM,690000,MiddleQuickSort,3,65.225589
RANDOM,690000,MiddleQuickSort,4,72.905806
RANDOM,690000,MiddleQuickSort,5,70.264493
RANDOM,690000,MedianOf3QuickSort,1,83.353866
RANDOM,690000,MedianOf3QuickSort,2,122.888947
RANDOM,690000,MedianOf3QuickSort,3,225.102157
RANDOM,690000,MedianOf3QuickSort,4,173.527177
RANDOM,690000,MedianOf3QuickSort,5,99.869050
RANDOM,700000,LastQuickSort,1,79.805285
RANDOM,700000,LastQuickSort,2,67.866330
RANDOM,700000,LastQuickSort,3,69.321333
RANDOM,700000,LastQuickSort,4,67.193742
RANDOM,700000,LastQuickSort,5,67.340178
RANDOM,700000,MiddleQuickSort,1,69.587642
RANDOM,700000,MiddleQuickSort,2,64.850080
RANDOM,700000,MiddleQuickSort,3,67.386735
RANDOM,700000,MiddleQuickSort,4,68.316480
RANDOM,700000,MiddleQuickSort,5,68.096130
RANDOM,700000,MedianOf3QuickSort,1,85.317309
RANDOM,700000,MedianOf3QuickSort,2,84.868353
RANDOM,700000,MedianOf3QuickSort,3,87.401029
RANDOM,700000,MedianOf3QuickSort,4,83.509536
RANDOM,700000,MedianOf3QuickSort,5,84.681737
RANDOM,710000,LastQuickSort,1,71.473534
RANDOM,710000,LastQuickSort,2,69.028850
RANDOM,710000,LastQuickSort,3,66.861721
RANDOM,710000,LastQuickSort,4,70.085766
RANDOM,710000,LastQuickSort,5,67.564273
RANDOM,710000,MiddleQuickSort,1,71.293014
RANDOM,710000,MiddleQuickSort,2,67.857268
RANDOM,710000,MiddleQuickSort,3,71.042659
RANDOM,710000,MiddleQuickSort,4,70.568845
RANDOM,710000,MiddleQuickSort,5,68.096367
RANDOM,710000,MedianOf3QuickSort,1,90.261003
RANDOM,710000,MedianOf3QuickSort,2,87.641777
RANDOM,710000,MedianOf3QuickSort,3,84.167480
RANDOM,710000,MedianOf3QuickSort,4,85.781739
RANDOM,710000,MedianOf3QuickSort,5,86.926572
RANDOM,720000,LastQuickSort,1,71.746577
RANDOM,720000,LastQuickSort,2,70.404138
RANDOM,720000,LastQuickSort,3,69.622594
RANDOM,720000,LastQuickSort,4,88.941129
RANDOM,720000,LastQuickSort,5,82.687086
RANDOM,720000,MiddleQuickSort,1,78.261067
RANDOM,720000,MiddleQuickSort,2,81.515719
RANDOM,720000,MiddleQuickSort,3,66.850335
RANDOM,720000,MiddleQuickSort,4,67.966740
RANDOM,720000,MiddleQuickSort,5,75.330839
RANDOM,720000,MedianOf3QuickSort,1,89.204896
RANDOM,720000,MedianOf3QuickSort,2,91.007476
RANDOM,720000,MedianOf3QuickSort,3,88.531138
RANDOM,720000,MedianOf3QuickSort,4,104.675869
RANDOM,720000,MedianOf3QuickSort,5,129.441547
RANDOM,730000,LastQuickSort,1,123.701571
RANDOM,730000,LastQuickSort,2,70.347657
RANDOM,730000,LastQuickSort,3,119.623372
RANDOM,730000,LastQuickSort,4,114.622155
RANDOM,730000,LastQuickSort,5,78.507244
RANDOM,730000,MiddleQuickSort,1,68.726574
RANDOM,730000,MiddleQuickSort,2,75.585408
RANDOM,730000,MiddleQuickSort,3,81.182487
RANDOM,730000,MiddleQuickSort,4,85.788095
RANDOM,730000,MiddleQuickSort,5,84.042250
RANDOM,730000,MedianOf3QuickSort,1,98.102468
RANDOM,730000,MedianOf3QuickSort,2,100.579197
RANDOM,730000,MedianOf3QuickSort,3,102.808533
RANDOM,730000,MedianOf3QuickSort,4,91.774305
RANDOM,730000,MedianOf3QuickSort,5,84.881387
RANDOM,740000,LastQuickSort,1,77.264563
RANDOM,740000,LastQuickSort,2,69.082072
RANDOM,740000,LastQuickSort,3,72.936054
RANDOM,740000,LastQuickSort,4,68.678707
RANDOM,740000,LastQuickSort,5,108.871814
RANDOM,740000,MiddleQuickSort,1,145.180525
RANDOM,740000,MiddleQuickSort,2,86.754430
RANDOM,740000,MiddleQuickSort,3,100.837514
RANDOM,740000,MiddleQuickSort,4,74.257397
RANDOM,740000,MiddleQuickSort,5,72.975571
RANDOM,740000,MedianOf3QuickSort,1,91.741778
RANDOM,740000,MedianOf3QuickSort,2,89.561687
RANDOM,740000,MedianOf3QuickSort,3,90.930930
RANDOM,740000,MedianOf3QuickSort,4,93.039950
RANDOM,740000,MedianOf3QuickSort,5,89.289347
RANDOM,750000,LastQuickSort,1,74.303452
RANDOM,750000,LastQuickSort,2,71.933834
RANDOM,750000,LastQuickSort,3,74.829456
RANDOM,750000,LastQuickSort,4,72.620721
RANDOM,750000,LastQuickSort,5,74.430898
RANDOM,750000,MiddleQuickSort,1,77.011860
RANDOM,750000,MiddleQuickSort,2,74.143635
RANDOM,750000,MiddleQuickSort,3,72.187311
RANDOM,750000,MiddleQuickSort,4,72.461990
RANDOM,750000,MiddleQuickSort,5,72.678203
RANDOM,750000,MedianOf3QuickSort,1,94.531309
RANDOM,750000,MedianOf3QuickSort,2,96.126252
RANDOM,750000,MedianOf3QuickSort,3,94.832082
RANDOM,750000,MedianOf3QuickSort,4,92.627274
RANDOM,750000,MedianOf3QuickSort,5,98.324547
RANDOM,760000,LastQuickSort,1,96.472212
RANDOM,760000,LastQuickSort,2,126.543101
RANDOM,760000,LastQuickSort,3,140.170508
RANDOM,760000,LastQuickSort,4,109.775146
RANDOM,760000,LastQuickSort,5,76.986723
RANDOM,760000,MiddleQuickSort,1,107.481772
RANDOM,760000,MiddleQuickSort,2,162.266939
RANDOM,760000,MiddleQuickSort,3,84.806946
RANDOM,760000,MiddleQuickSort,4,94.663400
RANDOM,760000,MiddleQuickSort,5,79.098742
RANDOM,760000,MedianOf3QuickSort,1,138.170098
RANDOM,760000,MedianOf3QuickSort,2,209.008086
RANDOM,760000,MedianOf3QuickSort,3,112.676197
RANDOM,760000,MedianOf3QuickSort,4,96.296272
RANDOM,760000,MedianOf3QuickSort,5,123.582005
RANDOM,770000,LastQuickSort,1,73.469249
RANDOM,770000,LastQuickSort,2,115.332165
RANDOM,770000,LastQuickSort,3,83.711791
RANDOM,770000,LastQuickSort,4,195.734353
RANDOM,770000,LastQuickSort,5,183.113936
RANDOM,770000,MiddleQuickSort,1,226.217874
RANDOM,770000,MiddleQuickSort,2,183.022748
RANDOM,770000,MiddleQuickSort,3,176.023104
RANDOM,770000,MiddleQuickSort,4,144.038004
RANDOM,770000,MiddleQuickSort,5,108.204650
RANDOM,770000,MedianOf3QuickSort,1,106.148375
RANDOM,770000,MedianOf3QuickSort,2,99.245605
RANDOM,770000,MedianOf3QuickSort,3,100.192817
RANDOM,770000,MedianOf3QuickSort,4,144.674421
RANDOM,770000,MedianOf3QuickSort,5,157.763338
RANDOM,780000,LastQuickSort,1,86.570591
RANDOM,780000,LastQuickSort,2,81.974974
RANDOM,780000,LastQuickSort,3,122.841858
RANDOM,780000,LastQuickSort,4,76.573020
RANDOM,780000,LastQuickSort,5,86.314626
RANDOM,780000,MiddleQuickSort,1,99.023405
RANDOM,780000,MiddleQuickSort,2,75.230075
RANDOM,780000,MiddleQuickSort,3,86.062047
RANDOM,780000,MiddleQuickSort,4,88.588196
RANDOM,780000,MiddleQuickSort,5,80.765952
RANDOM,780000,MedianOf3QuickSort,1,109.308173
RANDOM,780000,MedianOf3QuickSort,2,95.400101
RANDOM,780000,MedianOf3QuickSort,3,97.436341
RANDOM,780000,MedianOf3QuickSort,4,104.149341
RANDOM,780000,MedianOf3QuickSort,5,110.039370
RANDOM,790000,LastQuickSort,1,92.295723
RANDOM,790000,LastQuickSort,2,87.670322
RANDOM,790000,LastQuickSort,3,83.918274
RANDOM,790000,LastQuickSort,4,110.498695
RANDOM,790000,LastQuickSort,5,92.288265
RANDOM,790000,MiddleQuickSort,1,237.231254
RANDOM,790000,MiddleQuickSort,2,84.326865
RANDOM,790000,MiddleQuickSort,3,75.424640
RANDOM,790000,MiddleQuickSort,4,108.458451
RANDOM,790000,MiddleQuickSort,5,95.256275
RANDOM,790000,MedianOf3QuickSort,1,103.080171
RANDOM,790000,MedianOf3QuickSort,2,117.846814
RANDOM,790000,MedianOf3QuickSort,3,112.954941
RANDOM,790000,MedianOf3QuickSort,4,332.449286
RANDOM,790000,MedianOf3QuickSort,5,284.203935
RANDOM,800000,LastQuickSort,1,205.248901
RANDOM,800000,LastQuickSort,2,92.158256
RANDOM,800000,LastQuickSort,3,204.151488
RANDOM,800000,LastQuickSort,4,196.197181
RANDOM,800000,LastQuickSort,5,158.372042
RANDOM,800000,MiddleQuickSort,1,186.297999
RANDOM,800000,MiddleQuickSort,2,78.025021
RANDOM,800000,MiddleQuickSort,3,98.899175
RANDOM,800000,MiddleQuickSort,4,173.042703
RANDOM,800000,MiddleQuickSort,5,117.845849
RANDOM,800000,MedianOf3QuickSort,1,159.480493
RANDOM,800000,MedianOf3QuickSort,2,168.974482
RANDOM,800000,MedianOf3QuickSort,3,152.802967
RANDOM,800000,MedianOf3QuickSort,4,113.928431
RANDOM,800000,MedianOf3QuickSort,5,133.501409
RANDOM,810000,LastQuickSort,1,100.377499
RANDOM,810000,LastQuickSort,2,92.088606
RANDOM,810000,LastQuickSort,3,145.716578
RANDOM,810000,LastQuickSort,4,170.641557
RANDOM,810000,LastQuickSort,5,141.300586
RANDOM,810000,MiddleQuickSort,1,114.628750
RANDOM,810000,MiddleQuickSort,2,81.303442
RANDOM,810000,MiddleQuickSort,3,97.347646
RANDOM,810000,MiddleQuickSort,4,100.441097
RANDOM,810000,MiddleQuickSort,5,220.973389
RANDOM,810000,MedianOf3QuickSort,1,286.852804
RANDOM,810000,MedianOf3QuickSort,2,120.841325
RANDOM,810000,MedianOf3QuickSort,3,126.092640
RANDOM,810000,MedianOf3QuickSort,4,109.888368
RANDOM,810000,MedianOf3QuickSort,5,110.657030
RANDOM,820000,LastQuickSort,1,79.015312
RANDOM,820000,LastQuickSort,2,78.967353
RANDOM,820000,LastQuickSort,3,82.064120
RANDOM,820000,LastQuickSort,4,99.224933
RANDOM,820000,LastQuickSort,5,90.165081
RANDOM,820000,MiddleQuickSort,1,78.762443
RANDOM,820000,MiddleQuickSort,2,79.283363
RANDOM,820000,MiddleQuickSort,3,117.908907
RANDOM,820000,MiddleQuickSort,4,236.924945
RANDOM,820000,MiddleQuickSort,5,253.270584
RANDOM,820000,MedianOf3QuickSort,1,222.300417
RANDOM,820000,MedianOf3QuickSort,2,141.518750
RANDOM,820000,MedianOf3QuickSort,3,104.244258
RANDOM,820000,MedianOf3QuickSort,4,128.485266
RANDOM,820000,MedianOf3QuickSort,5,148.960645
RANDOM,830000,LastQuickSort,1,108.671709
RANDOM,830000,LastQuickSort,2,80.876352
RANDOM,830000,LastQuickSort,3,81.358062
RANDOM,830000,LastQuickSort,4,148.112374
RANDOM,830000,LastQuickSort,5,216.792921
RANDOM,830000,MiddleQuickSort,1,225.266256
RANDOM,830000,MiddleQuickSort,2,88.743952
RANDOM,830000,MiddleQuickSort,3,81.932952
RANDOM,830000,MiddleQuickSort,4,197.138840
RANDOM,830000,MiddleQuickSort,5,200.092711
RANDOM,830000,MedianOf3QuickSort,1,239.950584
RANDOM,830000,MedianOf3QuickSort,2,163.206159
RANDOM,830000,MedianOf3QuickSort,3,107.077281
RANDOM,830000,MedianOf3QuickSort,4,285.943749
RANDOM,830000,MedianOf3QuickSort,5,297.110443
RANDOM,840000,LastQuickSort,1,138.568456
RANDOM,840000,LastQuickSort,2,89.783170
RANDOM,840000,LastQuickSort,3,87.599433
RANDOM,840000,LastQuickSort,4,171.419020
RANDOM,840000,LastQuickSort,5,257.543652
RANDOM,840000,MiddleQuickSort,1,179.794572
RANDOM,840000,MiddleQuickSort,2,82.469311
RANDOM,840000,MiddleQuickSort,3,102.294092
RANDOM,840000,MiddleQuickSort,4,314.113317
RANDOM,840000,MiddleQuickSort,5,194.070229
RANDOM,840000,MedianOf3QuickSort,1,252.624330
RANDOM,840000,MedianOf3QuickSort,2,123.531235
RANDOM,840000,MedianOf3QuickSort,3,248.200891
RANDOM,840000,MedianOf3QuickSort,4,205.296505
RANDOM,840000,MedianOf3QuickSort,5,260.703772
RANDOM,850000,LastQuickSort,1,234.097941
RANDOM,850000,LastQuickSort,2,199.775852
RANDOM,850000,LastQuickSort,3,161.665329
RANDOM,850000,LastQuickSort,4,154.460836
RANDOM,850000,LastQuickSort,5,119.472894
RANDOM,850000,MiddleQuickSort,1,91.828062
RANDOM,850000,MiddleQuickSort,2,101.142889
RANDOM,850000,MiddleQuickSort,3,87.269598
RANDOM,850000,MiddleQuickSort,4,87.326520
RANDOM,850000,MiddleQuickSort,5,88.227831
RANDOM,850000,MedianOf3QuickSort,1,112.317319
RANDOM,850000,MedianOf3QuickSort,2,110.218960
RANDOM,850000,MedianOf3QuickSort,3,110.199535
RANDOM,850000,MedianOf3QuickSort,4,117.857770
RANDOM,850000,MedianOf3QuickSort,5,123.574454
RANDOM,860000,LastQuickSort,1,82.843797
RANDOM,860000,LastQuickSort,2,82.946638
RANDOM,860000,LastQuickSort,3,170.414029
RANDOM,860000,LastQuickSort,4,165.346727
RANDOM,860000,LastQuickSort,5,98.049104
RANDOM,860000,MiddleQuickSort,1,87.871985
RANDOM,860000,MiddleQuickSort,2,88.948021
RANDOM,860000,MiddleQuickSort,3,90.896849
RANDOM,860000,MiddleQuickSort,4,89.496173
RANDOM,860000,MiddleQuickSort,5,87.518282
RANDOM,860000,MedianOf3QuickSort,1,112.995876
RANDOM,860000,MedianOf3QuickSort,2,111.665190
RANDOM,860000,MedianOf3QuickSort,3,109.729214
RANDOM,860000,MedianOf3QuickSort,4,111.203236
RANDOM,860000,MedianOf3QuickSort,5,111.744199
RANDOM,870000,LastQuickSort,1,117.772655
RANDOM,870000,LastQuickSort,2,128.884964
RANDOM,870000,LastQuickSort,3,143.262364
RANDOM,870000,LastQuickSort,4,288.016606
RANDOM,870000,LastQuickSort,5,255.546040
RANDOM,870000,MiddleQuickSort,1,93.754261
RANDOM,870000,MiddleQuickSort,2,88.853818
RANDOM,870000,MiddleQuickSort,3,87.283739
RANDOM,870000,MiddleQuickSort,4,88.036417
RANDOM,870000,MiddleQuickSort,5,88.371259
RANDOM,870000,MedianOf3QuickSort,1,213.872471
RANDOM,870000,MedianOf3QuickSort,2,215.588267
RANDOM,870000,MedianOf3QuickSort,3,122.571633
RANDOM,870000,MedianOf3QuickSort,4,175.060283
RANDOM,870000,MedianOf3QuickSort,5,153.381081
RANDOM,880000,LastQuickSort,1,104.699062
RANDOM,880000,LastQuickSort,2,158.832877
RANDOM,880000,LastQuickSort,3,139.996218
RANDOM,880000,LastQuickSort,4,228.088541
RANDOM,880000,LastQuickSort,5,290.558949
RANDOM,880000,MiddleQuickSort,1,196.164993
RANDOM,880000,MiddleQuickSort,2,89.724846
RANDOM,880000,MiddleQuickSort,3,161.608813
RANDOM,880000,MiddleQuickSort,4,107.735216
RANDOM,880000,MiddleQuickSort,5,96.314536
RANDOM,880000,MedianOf3QuickSort,1,130.285993
RANDOM,880000,MedianOf3QuickSort,2,135.685985
RANDOM,880000,MedianOf3QuickSort,3,123.095510
RANDOM,880000,MedianOf3QuickSort,4,119.044045
RANDOM,880000,MedianOf3QuickSort,5,118.673682
RANDOM,890000,LastQuickSort,1,95.178614
RANDOM,890000,LastQuickSort,2,95.455939
RANDOM,890000,LastQuickSort,3,93.889422
RANDOM,890000,LastQuickSort,4,95.289537
RANDOM,890000,LastQuickSort,5,96.829192
RANDOM,890000,MiddleQuickSort,1,93.668416
RANDOM,890000,MiddleQuickSort,2,103.378370
RANDOM,890000,MiddleQuickSort,3,166.420595
RANDOM,890000,MiddleQuickSort,4,91.778838
RANDOM,890000,MiddleQuickSort,5,89.301832
RANDOM,890000,MedianOf3QuickSort,1,118.370696
RANDOM,890000,MedianOf3QuickSort,2,147.668959
RANDOM,890000,MedianOf3QuickSort,3,164.084335
RANDOM,890000,MedianOf3QuickSort,4,122.724722
RANDOM,890000,MedianOf3QuickSort,5,172.722898
RANDOM,900000,LastQuickSort,1,213.848465
RANDOM,900000,LastQuickSort,2,120.493878
RANDOM,900000,LastQuickSort,3,96.201674
RANDOM,900000,LastQuickSort,4,96.155936
RANDOM,900000,LastQuickSort,5,106.014612
RANDOM,900000,MiddleQuickSort,1,100.911486
RANDOM,900000,MiddleQuickSort,2,111.945522
RANDOM,900000,MiddleQuickSort,3,94.303926
RANDOM,900000,MiddleQuickSort,4,95.634820
RANDOM,900000,MiddleQuickSort,5,100.153718
RANDOM,900000,MedianOf3QuickSort,1,133.565596
RANDOM,900000,MedianOf3QuickSort,2,128.485275
RANDOM,900000,MedianOf3QuickSort,3,125.871079
RANDOM,900000,MedianOf3QuickSort,4,127.416348
RANDOM,900000,MedianOf3QuickSort,5,189.722942
RANDOM,910000,LastQuickSort,1,149.466540
RANDOM,910000,LastQuickSort,2,92.883275
RANDOM,910000,LastQuickSort,3,130.391074
RANDOM,910000,LastQuickSort,4,116.234542
RANDOM,910000,LastQuickSort,5,120.673020
RANDOM,910000,MiddleQuickSort,1,130.631987
RANDOM,910000,MiddleQuickSort,2,115.075818
RANDOM,910000,MiddleQuickSort,3,92.025406
RANDOM,910000,MiddleQuickSort,4,93.431898
RANDOM,910000,MiddleQuickSort,5,140.718489
RANDOM,910000,MedianOf3QuickSort,1,129.307252
RANDOM,910000,MedianOf3QuickSort,2,125.408892
RANDOM,910000,MedianOf3QuickSort,3,126.198535
RANDOM,910000,MedianOf3QuickSort,4,128.713758
RANDOM,910000,MedianOf3QuickSort,5,178.723078
RANDOM,920000,LastQuickSort,1,97.373034
RANDOM,920000,LastQuickSort,2,112.122548
RANDOM,920000,LastQuickSort,3,120.775245
RANDOM,920000,LastQuickSort,4,100.862845
RANDOM,920000,LastQuickSort,5,117.046939
RANDOM,920000,MiddleQuickSort,1,132.857250
RANDOM,920000,MiddleQuickSort,2,119.431169
RANDOM,920000,MiddleQuickSort,3,139.562158
RANDOM,920000,MiddleQuickSort,4,93.590623
RANDOM,920000,MiddleQuickSort,5,142.394470
RANDOM,920000,MedianOf3QuickSort,1,125.431499
RANDOM,920000,MedianOf3QuickSort,2,122.798688
RANDOM,920000,MedianOf3QuickSort,3,194.845275
RANDOM,920000,MedianOf3QuickSort,4,140.134620
RANDOM,920000,MedianOf3QuickSort,5,293.110538
RANDOM,930000,LastQuickSort,1,143.969549
RANDOM,930000,LastQuickSort,2,299.898354
RANDOM,930000,LastQuickSort,3,358.956660
RANDOM,930000,LastQuickSort,4,281.621837
RANDOM,930000,LastQuickSort,5,154.567023
RANDOM,930000,MiddleQuickSort,1,304.744458
RANDOM,930000,MiddleQuickSort,2,193.037341
RANDOM,930000,MiddleQuickSort,3,161.310565
RANDOM,930000,MiddleQuickSort,4,247.716930
RANDOM,930000,MiddleQuickSort,5,195.837643
RANDOM,930000,MedianOf3QuickSort,1,226.289340
RANDOM,930000,MedianOf3QuickSort,2,126.399771
RANDOM,930000,MedianOf3QuickSort,3,127.972711
RANDOM,930000,MedianOf3QuickSort,4,135.306137
RANDOM,930000,MedianOf3QuickSort,5,139.989499
RANDOM,940000,LastQuickSort,1,151.103547
RANDOM,940000,LastQuickSort,2,264.078104
RANDOM,940000,LastQuickSort,3,226.959201
RANDOM,940000,LastQuickSort,4,147.608789
RANDOM,940000,LastQuickSort,5,99.465177
RANDOM,940000,MiddleQuickSort,1,103.988600
RANDOM,940000,MiddleQuickSort,2,101.335033
RANDOM,940000,MiddleQuickSort,3,98.542507
RANDOM,940000,MiddleQuickSort,4,101.816614
RANDOM,940000,MiddleQuickSort,5,98.032336
RANDOM,940000,MedianOf3QuickSort,1,134.980118
RANDOM,940000,MedianOf3QuickSort,2,133.333062
RANDOM,940000,MedianOf3QuickSort,3,138.370797
RANDOM,940000,MedianOf3QuickSort,4,153.686178
RANDOM,940000,MedianOf3QuickSort,5,162.866824
RANDOM,950000,LastQuickSort,1,130.892775
RANDOM,950000,LastQuickSort,2,112.295440
RANDOM,950000,LastQuickSort,3,212.821874
RANDOM,950000,LastQuickSort,4,238.286651
RANDOM,950000,LastQuickSort,5,258.194074
RANDOM,950000,MiddleQuickSort,1,266.921769
RANDOM,950000,MiddleQuickSort,2,110.317823
RANDOM,950000,MiddleQuickSort,3,123.720277
RANDOM,950000,MiddleQuickSort,4,96.668212
RANDOM,950000,MiddleQuickSort,5,270.169422
RANDOM,950000,MedianOf3QuickSort,1,282.324772
RANDOM,950000,MedianOf3QuickSort,2,281.879056
RANDOM,950000,MedianOf3QuickSort,3,147.034575
RANDOM,950000,MedianOf3QuickSort,4,325.788330
RANDOM,950000,MedianOf3QuickSort,5,402.108745
RANDOM,960000,LastQuickSort,1,157.930260
RANDOM,960000,LastQuickSort,2,100.113309
RANDOM,960000,LastQuickSort,3,113.052230
RANDOM,960000,LastQuickSort,4,247.411512
RANDOM,960000,LastQuickSort,5,225.414171
RANDOM,960000,MiddleQuickSort,1,155.602582
RANDOM,960000,MiddleQuickSort,2,280.640794
RANDOM,960000,MiddleQuickSort,3,271.814520
RANDOM,960000,MiddleQuickSort,4,186.420254
RANDOM,960000,MiddleQuickSort,5,204.981407
RANDOM,960000,MedianOf3QuickSort,1,285.970713
RANDOM,960000,MedianOf3QuickSort,2,325.783536
RANDOM,960000,MedianOf3QuickSort,3,448.238029
RANDOM,960000,MedianOf3QuickSort,4,160.438470
RANDOM,960000,MedianOf3QuickSort,5,145.925446
RANDOM,970000,LastQuickSort,1,101.254614
RANDOM,970000,LastQuickSort,2,166.073835
RANDOM,970000,LastQuickSort,3,132.102321
RANDOM,970000,LastQuickSort,4,108.182471
RANDOM,970000,LastQuickSort,5,113.265613
RANDOM,970000,MiddleQuickSort,1,284.008959
RANDOM,970000,MiddleQuickSort,2,138.140581
RANDOM,970000,MiddleQuickSort,3,323.643012
RANDOM,970000,MiddleQuickSort,4,145.731686
RANDOM,970000,MiddleQuickSort,5,102.682666
RANDOM,970000,MedianOf3QuickSort,1,138.269062
RANDOM,970000,MedianOf3QuickSort,2,222.250924
RANDOM,970000,MedianOf3QuickSort,3,330.815265
RANDOM,970000,MedianOf3QuickSort,4,163.180168
RANDOM,970000,MedianOf3QuickSort,5,186.499222
RANDOM,980000,LastQuickSort,1,183.757025
RANDOM,980000,LastQuickSort,2,102.082217
RANDOM,980000,LastQuickSort,3,206.673601
RANDOM,980000,LastQuickSort,4,119.191587
RANDOM,980000,LastQuickSort,5,133.355506
RANDOM,980000,MiddleQuickSort,1,115.495292
RANDOM,980000,MiddleQuickSort,2,123.458819
RANDOM,980000,MiddleQuickSort,3,190.818028
RANDOM,980000,MiddleQuickSort,4,340.070517
RANDOM,980000,MiddleQuickSort,5,190.745092
RANDOM,980000,MedianOf3QuickSort,1,157.229563
RANDOM,980000,MedianOf3QuickSort,2,146.270773
RANDOM,980000,MedianOf3QuickSort,3,201.594719
RANDOM,980000,MedianOf3QuickSort,4,133.259462
RANDOM,980000,MedianOf3QuickSort,5,257.047091
RANDOM,990000,LastQuickSort,1,181.778864
RANDOM,990000,LastQuickSort,2,125.685671
RANDOM,990000,LastQuickSort,3,349.538885
RANDOM,990000,LastQuickSort,4,211.557267
RANDOM,990000,LastQuickSort,5,103.678782
RANDOM,990000,MiddleQuickSort,1,126.982214
RANDOM,990000,MiddleQuickSort,2,211.067464
RANDOM,990000,MiddleQuickSort,3,108.459151
RANDOM,990000,MiddleQuickSort,4,136.172540
RANDOM,990000,MiddleQuickSort,5,151.919127
RANDOM,990000,MedianOf3QuickSort,1,153.664175
RANDOM,990000,MedianOf3QuickSort,2,139.557518
RANDOM,990000,MedianOf3QuickSort,3,292.960553
RANDOM,990000,MedianOf3QuickSort,4,154.403367
RANDOM,990000,MedianOf3QuickSort,5,139.960631
RANDOM,1000000,LastQuickSort,1,117.734280
RANDOM,1000000,LastQuickSort,2,159.148219
RANDOM,1000000,LastQuickSort,3,105.584766
RANDOM,1000000,LastQuickSort,4,148.179501
RANDOM,1000000,LastQuickSort,5,194.306560
RANDOM,1000000,MiddleQuickSort,1,198.334996
RANDOM,1000000,MiddleQuickSort,2,172.091326
RANDOM,1000000,MiddleQuickSort,3,116.414438
RANDOM,1000000,MiddleQuickSort,4,103.498890
RANDOM,1000000,MiddleQuickSort,5,108.934250
RANDOM,1000000,MedianOf3QuickSort,1,148.508351
RANDOM,1000000,MedianOf3QuickSort,2,144.730426
RANDOM,1000000,MedianOf3QuickSort,3,244.712390
RANDOM,1000000,MedianOf3QuickSort,4,156.341963
RANDOM,1000000,MedianOf3QuickSort,5,249.597046
Forward-Sorted,10000,LastQuickSort,1,52.579487
Forward-Sorted,10000,LastQuickSort,2,46.365289
Forward-Sorted,10000,LastQuickSort,3,46.645323
Forward-Sorted,10000,LastQuickSort,4,45.477228
Forward-Sorted,10000,LastQuickSort,5,45.261899
Random,10000,LastQuickSort,1,0.558993
Random,10000,LastQuickSort,2,0.566058
Random,10000,LastQuickSort,3,0.537899
Random,10000,LastQuickSort,4,0.537800
Random,10000,LastQuickSort,5,0.532724
Reverse-Sorted,10000,LastQuickSort,1,36.385475
Reverse-Sorted,10000,LastQuickSort,2,35.673650
Reverse-Sorted,10000,LastQuickSort,3,36.422887
Reverse-Sorted,10000,LastQuickSort,4,39.015467
Reverse-Sorted,10000,LastQuickSort,5,44.774446
Random,20000,LastQuickSort,1,1.173806
Random,20000,LastQui