DataType,ArraySize,Algorithm,TrialNumber,TimeMS
RANDOM,100,InsertionSort,1,0.073355
RANDOM,100,InsertionSort,2,0.074361
RANDOM,100,InsertionSort,3,0.075066
RANDOM,100,InsertionSort,4,0.068022
RANDOM,100,InsertionSort,5,0.069028
RANDOM,100,LastQuickSort,1,0.235059
RANDOM,100,LastQuickSort,2,0.281044
RANDOM,100,LastQuickSort,3,0.109378
RANDOM,100,LastQuickSort,4,0.214732
RANDOM,100,LastQuickSort,5,0.036526
RANDOM,200,InsertionSort,1,0.222078
RANDOM,200,InsertionSort,2,0.244517
RANDOM,200,InsertionSort,3,0.218557
RANDOM,200,InsertionSort,4,0.207286
RANDOM,200,InsertionSort,5,0.274604
RANDOM,200,LastQuickSort,1,0.047092
RANDOM,200,LastQuickSort,2,0.011572
RANDOM,200,LastQuickSort,3,0.008855
RANDOM,200,LastQuickSort,4,0.013987
RANDOM,200,LastQuickSort,5,0.034414
RANDOM,300,InsertionSort,1,0.522945
RANDOM,300,InsertionSort,2,0.286780
RANDOM,300,InsertionSort,3,0.073355
RANDOM,300,InsertionSort,4,0.067016
RANDOM,300,InsertionSort,5,0.060978
RANDOM,300,LastQuickSort,1,0.032099
RANDOM,300,LastQuickSort,2,0.021132
RANDOM,300,LastQuickSort,3,0.245121
RANDOM,300,LastQuickSort,4,0.017911
RANDOM,300,LastQuickSort,5,0.014389
RANDOM,400,InsertionSort,1,0.340513
RANDOM,400,InsertionSort,2,0.145603
RANDOM,400,InsertionSort,3,0.083719
RANDOM,400,InsertionSort,4,0.108977
RANDOM,400,InsertionSort,5,0.142383
RANDOM,400,LastQuickSort,1,0.070840
RANDOM,400,LastQuickSort,2,0.019320
RANDOM,400,LastQuickSort,3,0.012276
RANDOM,400,LastQuickSort,4,0.011270
RANDOM,400,LastQuickSort,5,0.085732
RANDOM,500,InsertionSort,1,0.200746
RANDOM,500,InsertionSort,2,0.087945
RANDOM,500,InsertionSort,3,0.097002
RANDOM,500,InsertionSort,4,0.080398
RANDOM,500,InsertionSort,5,0.081707
RANDOM,500,LastQuickSort,1,0.025660
RANDOM,500,LastQuickSort,2,0.023446
RANDOM,500,LastQuickSort,3,0.030590
RANDOM,500,LastQuickSort,4,0.019018
RANDOM,500,LastQuickSort,5,0.013081
RANDOM,600,InsertionSort,1,0.145201
RANDOM,600,InsertionSort,2,0.131415
RANDOM,600,InsertionSort,3,0.126183
RANDOM,600,InsertionSort,4,0.127994
RANDOM,600,InsertionSort,5,0.116926
RANDOM,600,LastQuickSort,1,0.056149
RANDOM,600,LastQuickSort,2,0.025659
RANDOM,600,LastQuickSort,3,0.021936
RANDOM,600,LastQuickSort,4,0.019018
RANDOM,600,LastQuickSort,5,0.015496
RANDOM,700,InsertionSort,1,0.065205
RANDOM,700,InsertionSort,2,0.066110
RANDOM,700,InsertionSort,3,0.177099
RANDOM,700,InsertionSort,4,0.151239
RANDOM,700,InsertionSort,5,0.060777
RANDOM,700,LastQuickSort,1,0.040451
RANDOM,700,LastQuickSort,2,0.042967
RANDOM,700,LastQuickSort,3,0.030590
RANDOM,700,LastQuickSort,4,0.021332
RANDOM,700,LastQuickSort,5,0.015194
RANDOM,800,InsertionSort,1,0.065506
RANDOM,800,InsertionSort,2,0.059167
RANDOM,800,InsertionSort,3,0.099417
RANDOM,800,InsertionSort,4,0.084223
RANDOM,800,InsertionSort,5,0.099317
RANDOM,800,LastQuickSort,1,0.044778
RANDOM,800,LastQuickSort,2,0.029785
RANDOM,800,LastQuickSort,3,0.027168
RANDOM,800,LastQuickSort,4,0.020226
RANDOM,800,LastQuickSort,5,0.016502
RANDOM,900,InsertionSort,1,0.076776
RANDOM,900,InsertionSort,2,0.073254
RANDOM,900,InsertionSort,3,0.085329
RANDOM,900,InsertionSort,4,0.078386
RANDOM,900,InsertionSort,5,0.074261
RANDOM,900,LastQuickSort,1,0.042765
RANDOM,900,LastQuickSort,2,0.034917
RANDOM,900,LastQuickSort,3,0.028678
RANDOM,900,LastQuickSort,4,0.025357
RANDOM,900,LastQuickSort,5,0.022841
RANDOM,1000,InsertionSort,1,0.117831
RANDOM,1000,InsertionSort,2,0.089355
RANDOM,1000,InsertionSort,3,0.087745
RANDOM,1000,InsertionSort,4,0.092273
RANDOM,1000,InsertionSort,5,0.086135
RANDOM,1000,LastQuickSort,1,0.053029
RANDOM,1000,LastQuickSort,2,0.047293
RANDOM,1000,LastQuickSort,3,0.041156
RANDOM,1000,LastQuickSort,4,0.038238
RANDOM,1000,LastQuickSort,5,0.034414
RANDOM,1100,InsertionSort,1,0.140572
RANDOM,1100,InsertionSort,2,0.224191
RANDOM,1100,InsertionSort,3,0.137856
RANDOM,1100,InsertionSort,4,0.157376
RANDOM,1100,InsertionSort,5,0.107064
RANDOM,1100,LastQuickSort,1,0.056350
RANDOM,1100,LastQuickSort,2,0.053130
RANDOM,1100,LastQuickSort,3,0.060878
RANDOM,1100,LastQuickSort,4,0.057759
RANDOM,1100,LastQuickSort,5,0.051419
RANDOM,1200,InsertionSort,1,0.207186
RANDOM,1200,InsertionSort,2,0.130913
RANDOM,1200,InsertionSort,3,0.184746
RANDOM,1200,InsertionSort,4,0.126686
RANDOM,1200,InsertionSort,5,0.125981
RANDOM,1200,LastQuickSort,1,0.056349
RANDOM,1200,LastQuickSort,2,0.050312
RANDOM,1200,LastQuickSort,3,0.053935
RANDOM,1200,LastQuickSort,4,0.045784
RANDOM,1200,LastQuickSort,5,0.051519
RANDOM,1300,InsertionSort,1,0.179011
RANDOM,1300,InsertionSort,2,0.148019
RANDOM,1300,InsertionSort,3,0.251964
RANDOM,1300,InsertionSort,4,0.195916
RANDOM,1300,InsertionSort,5,0.223185
RANDOM,1300,LastQuickSort,1,0.073959
RANDOM,1300,LastQuickSort,2,0.066211
RANDOM,1300,LastQuickSort,3,0.062387
RANDOM,1300,LastQuickSort,4,0.060274
RANDOM,1300,LastQuickSort,5,0.062286
RANDOM,1400,InsertionSort,1,0.248743
RANDOM,1400,InsertionSort,2,0.199740
RANDOM,1400,InsertionSort,3,0.180017
RANDOM,1400,InsertionSort,4,0.171967
RANDOM,1400,InsertionSort,5,0.173476
RANDOM,1400,LastQuickSort,1,0.069833
RANDOM,1400,LastQuickSort,2,0.061482
RANDOM,1400,LastQuickSort,3,0.055042
RANDOM,1400,LastQuickSort,4,0.050513
RANDOM,1400,LastQuickSort,5,0.047495
RANDOM,1500,InsertionSort,1,0.199639
RANDOM,1500,InsertionSort,2,0.197627
RANDOM,1500,InsertionSort,3,0.216745
RANDOM,1500,InsertionSort,4,0.222380
RANDOM,1500,InsertionSort,5,0.196922
RANDOM,1500,LastQuickSort,1,0.084324
RANDOM,1500,LastQuickSort,2,0.065507
RANDOM,1500,LastQuickSort,3,0.059973
RANDOM,1500,LastQuickSort,4,0.057155
RANDOM,1500,LastQuickSort,5,0.054236
RANDOM,1600,InsertionSort,1,0.224493
RANDOM,1600,InsertionSort,2,0.221173
RANDOM,1600,InsertionSort,3,0.223889
RANDOM,1600,InsertionSort,4,0.219864
RANDOM,1600,InsertionSort,5,0.219362
RANDOM,1600,LastQuickSort,1,0.078387
RANDOM,1600,LastQuickSort,2,0.068525
RANDOM,1600,LastQuickSort,3,0.063091
RANDOM,1600,LastQuickSort,4,0.064500
RANDOM,1600,LastQuickSort,5,0.063796
RANDOM,1700,InsertionSort,1,0.330953
RANDOM,1700,InsertionSort,2,0.378750
RANDOM,1700,InsertionSort,3,0.253373
RANDOM,1700,InsertionSort,4,0.291711
RANDOM,1700,InsertionSort,5,0.339507
RANDOM,1700,LastQuickSort,1,0.085229
RANDOM,1700,LastQuickSort,2,0.084122
RANDOM,1700,LastQuickSort,3,0.076675
RANDOM,1700,LastQuickSort,4,0.075670
RANDOM,1700,LastQuickSort,5,0.078387
RANDOM,1800,InsertionSort,1,0.379958
RANDOM,1800,InsertionSort,2,0.353996
RANDOM,1800,InsertionSort,3,0.273094
RANDOM,1800,InsertionSort,4,0.264240
RANDOM,1800,InsertionSort,5,0.267460
RANDOM,1800,LastQuickSort,1,0.087744
RANDOM,1800,LastQuickSort,2,0.081103
RANDOM,1800,LastQuickSort,3,0.078587
RANDOM,1800,LastQuickSort,4,0.076877
RANDOM,1800,LastQuickSort,5,0.090764
RANDOM,1900,InsertionSort,1,0.478167
RANDOM,1900,InsertionSort,2,0.489638
RANDOM,1900,InsertionSort,3,0.494971
RANDOM,1900,InsertionSort,4,0.486519
RANDOM,1900,InsertionSort,5,0.455325
RANDOM,1900,LastQuickSort,1,0.101429
RANDOM,1900,LastQuickSort,2,0.113907
RANDOM,1900,LastQuickSort,3,0.094285
RANDOM,1900,LastQuickSort,4,0.086135
RANDOM,1900,LastQuickSort,5,0.082914
RANDOM,2000,InsertionSort,1,0.435704
RANDOM,2000,InsertionSort,2,0.407328
RANDOM,2000,InsertionSort,3,0.405517
RANDOM,2000,InsertionSort,4,0.475954
RANDOM,2000,InsertionSort,5,0.449087
RANDOM,2000,LastQuickSort,1,0.105958
RANDOM,2000,LastQuickSort,2,0.092474
RANDOM,2000,LastQuickSort,3,0.090462
RANDOM,2000,LastQuickSort,4,0.086134
RANDOM,2000,LastQuickSort,5,0.099316
RANDOM,2100,InsertionSort,1,0.374725
RANDOM,2100,InsertionSort,2,0.370198
RANDOM,2100,InsertionSort,3,0.368990
RANDOM,2100,InsertionSort,4,0.430974
RANDOM,2100,InsertionSort,5,0.378750
RANDOM,2100,LastQuickSort,1,0.108574
RANDOM,2100,LastQuickSort,2,0.104247
RANDOM,2100,LastQuickSort,3,0.106460
RANDOM,2100,LastQuickSort,4,0.092775
RANDOM,2100,LastQuickSort,5,0.091467
RANDOM,2200,InsertionSort,1,0.418296
RANDOM,2200,InsertionSort,2,0.398070
RANDOM,2200,InsertionSort,3,0.397265
RANDOM,2200,InsertionSort,4,0.543875
RANDOM,2200,InsertionSort,5,0.586439
RANDOM,2200,LastQuickSort,1,0.124372
RANDOM,2200,LastQuickSort,2,0.107064
RANDOM,2200,LastQuickSort,3,0.101127
RANDOM,2200,LastQuickSort,4,0.099718
RANDOM,2200,LastQuickSort,5,0.098612
RANDOM,2300,InsertionSort,1,0.609482
RANDOM,2300,InsertionSort,2,0.508053
RANDOM,2300,InsertionSort,3,0.490342
RANDOM,2300,InsertionSort,4,0.559371
RANDOM,2300,InsertionSort,5,0.443954
RANDOM,2300,LastQuickSort,1,0.124573
RANDOM,2300,LastQuickSort,2,0.109178
RANDOM,2300,LastQuickSort,3,0.106360
RANDOM,2300,LastQuickSort,4,0.108574
RANDOM,2300,LastQuickSort,5,0.104246
RANDOM,2400,InsertionSort,1,0.480381
RANDOM,2400,InsertionSort,2,0.477765
RANDOM,2400,InsertionSort,3,0.549409
RANDOM,2400,InsertionSort,4,0.486620
RANDOM,2400,InsertionSort,5,0.476155
RANDOM,2400,LastQuickSort,1,0.132421
RANDOM,2400,LastQuickSort,2,0.126787
RANDOM,2400,LastQuickSort,3,0.110888
RANDOM,2400,LastQuickSort,4,0.108675
RANDOM,2400,LastQuickSort,5,0.108171
RANDOM,2500,InsertionSort,1,0.583622
RANDOM,2500,InsertionSort,2,0.524757
RANDOM,2500,InsertionSort,3,0.526870
RANDOM,2500,InsertionSort,4,0.627997
RANDOM,2500,InsertionSort,5,0.538541
RANDOM,2500,LastQuickSort,1,0.122560
RANDOM,2500,LastQuickSort,2,0.117027
RANDOM,2500,LastQuickSort,3,0.114309
RANDOM,2500,LastQuickSort,4,0.113202
RANDOM,2500,LastQuickSort,5,0.149628
RANDOM,2600,InsertionSort,1,0.727716
RANDOM,2600,InsertionSort,2,0.693101
RANDOM,2600,InsertionSort,3,0.651040
RANDOM,2600,InsertionSort,4,0.676196
RANDOM,2600,InsertionSort,5,0.674184
RANDOM,2600,LastQuickSort,1,0.148119
RANDOM,2600,LastQuickSort,2,0.144094
RANDOM,2600,LastQuickSort,3,0.118636
RANDOM,2600,LastQuickSort,4,0.135742
RANDOM,2600,LastQuickSort,5,0.112498
RANDOM,2700,InsertionSort,1,0.750256
RANDOM,2700,InsertionSort,2,0.603042
RANDOM,2700,InsertionSort,3,0.603042
RANDOM,2700,InsertionSort,4,0.660800
RANDOM,2700,InsertionSort,5,0.681831
RANDOM,2700,LastQuickSort,1,0.192796
RANDOM,2700,LastQuickSort,2,0.146811
RANDOM,2700,LastQuickSort,3,0.130208
RANDOM,2700,LastQuickSort,4,0.128900
RANDOM,2700,LastQuickSort,5,0.128498
RANDOM,2800,InsertionSort,1,0.806203
RANDOM,2800,InsertionSort,2,0.685353
RANDOM,2800,InsertionSort,3,0.743715
RANDOM,2800,InsertionSort,4,0.647015
RANDOM,2800,InsertionSort,5,0.738684
RANDOM,2800,LastQuickSort,1,0.149125
RANDOM,2800,LastQuickSort,2,0.129000
RANDOM,2800,LastQuickSort,3,0.124673
RANDOM,2800,LastQuickSort,4,0.122862
RANDOM,2800,LastQuickSort,5,0.122560
RANDOM,2900,InsertionSort,1,0.742910
RANDOM,2900,InsertionSort,2,0.698836
RANDOM,2900,InsertionSort,3,0.702257
RANDOM,2900,InsertionSort,4,0.775211
RANDOM,2900,InsertionSort,5,0.697327
RANDOM,2900,LastQuickSort,1,0.143289
RANDOM,2900,LastQuickSort,2,0.136044
RANDOM,2900,LastQuickSort,3,0.145603
RANDOM,2900,LastQuickSort,4,0.148723
RANDOM,2900,LastQuickSort,5,0.129302
RANDOM,3000,InsertionSort,1,0.786581
RANDOM,3000,InsertionSort,2,0.806605
RANDOM,3000,InsertionSort,3,0.908236
RANDOM,3000,InsertionSort,4,0.734558
RANDOM,3000,InsertionSort,5,0.738282
RANDOM,3000,LastQuickSort,1,0.151037
RANDOM,3000,LastQuickSort,2,0.144094
RANDOM,3000,LastQuickSort,3,0.158282
RANDOM,3000,LastQuickSort,4,0.137956
RANDOM,3000,LastQuickSort,5,0.136547
RANDOM,3100,InsertionSort,1,0.812542
RANDOM,3100,InsertionSort,2,0.798656
RANDOM,3100,InsertionSort,3,0.847057
RANDOM,3100,InsertionSort,4,0.813347
RANDOM,3100,InsertionSort,5,0.776418
RANDOM,3100,LastQuickSort,1,0.156370
RANDOM,3100,LastQuickSort,2,0.154660
RANDOM,3100,LastQuickSort,3,0.147414
RANDOM,3100,LastQuickSort,4,0.146509
RANDOM,3100,LastQuickSort,5,0.146710
RANDOM,3200,InsertionSort,1,0.953416
RANDOM,3200,InsertionSort,2,0.839107
RANDOM,3200,InsertionSort,3,0.955730
RANDOM,3200,InsertionSort,4,0.837900
RANDOM,3200,InsertionSort,5,0.970321
RANDOM,3200,LastQuickSort,1,0.174483
RANDOM,3200,LastQuickSort,2,0.172772
RANDOM,3200,LastQuickSort,3,0.184344
RANDOM,3200,LastQuickSort,4,0.151339
RANDOM,3200,LastQuickSort,5,0.150232
RANDOM,3300,InsertionSort,1,1.253277
RANDOM,3300,InsertionSort,2,1.168752
RANDOM,3300,InsertionSort,3,1.131723
RANDOM,3300,InsertionSort,4,1.151546
RANDOM,3300,InsertionSort,5,0.959052
RANDOM,3300,LastQuickSort,1,0.167137
RANDOM,3300,LastQuickSort,2,0.160898
RANDOM,3300,LastQuickSort,3,0.161603
RANDOM,3300,LastQuickSort,4,0.158182
RANDOM,3300,LastQuickSort,5,0.157879
RANDOM,3400,InsertionSort,1,0.958549
RANDOM,3400,InsertionSort,2,0.980886
RANDOM,3400,InsertionSort,3,1.074166
RANDOM,3400,InsertionSort,4,1.010873
RANDOM,3400,InsertionSort,5,1.160300
RANDOM,3400,LastQuickSort,1,0.185350
RANDOM,3400,LastQuickSort,2,0.186659
RANDOM,3400,LastQuickSort,3,0.162106
RANDOM,3400,LastQuickSort,4,0.162006
RANDOM,3400,LastQuickSort,5,0.160395
RANDOM,3500,InsertionSort,1,1.488034
RANDOM,3500,InsertionSort,2,1.371611
RANDOM,3500,InsertionSort,3,1.438426
RANDOM,3500,InsertionSort,4,1.391837
RANDOM,3500,InsertionSort,5,1.494272
RANDOM,3500,LastQuickSort,1,0.176797
RANDOM,3500,LastQuickSort,2,0.168244
RANDOM,3500,LastQuickSort,3,0.165829
RANDOM,3500,LastQuickSort,4,0.165024
RANDOM,3500,LastQuickSort,5,0.163314
RANDOM,3600,InsertionSort,1,1.147017
RANDOM,3600,InsertionSort,2,1.107874
RANDOM,3600,InsertionSort,3,1.244019
RANDOM,3600,InsertionSort,4,1.104051
RANDOM,3600,InsertionSort,5,1.081310
RANDOM,3600,LastQuickSort,1,0.177602
RANDOM,3600,LastQuickSort,2,0.172269
RANDOM,3600,LastQuickSort,3,0.174986
RANDOM,3600,LastQuickSort,4,0.169150
RANDOM,3600,LastQuickSort,5,0.168446
RANDOM,3700,InsertionSort,1,1.155470
RANDOM,3700,InsertionSort,2,1.213128
RANDOM,3700,InsertionSort,3,1.106466
RANDOM,3700,InsertionSort,4,1.133735
RANDOM,3700,InsertionSort,5,1.129207
RANDOM,3700,LastQuickSort,1,0.191287
RANDOM,3700,LastQuickSort,2,0.179111
RANDOM,3700,LastQuickSort,3,0.176898
RANDOM,3700,LastQuickSort,4,0.178407
RANDOM,3700,LastQuickSort,5,0.175992
RANDOM,3800,InsertionSort,1,1.240296
RANDOM,3800,InsertionSort,2,1.250158
RANDOM,3800,InsertionSort,3,1.178714
RANDOM,3800,InsertionSort,4,1.221278
RANDOM,3800,InsertionSort,5,1.560685
RANDOM,3800,LastQuickSort,1,0.200746
RANDOM,3800,LastQuickSort,2,0.189576
RANDOM,3800,LastQuickSort,3,0.185652
RANDOM,3800,LastQuickSort,4,0.186054
RANDOM,3800,LastQuickSort,5,0.181426
RANDOM,3900,InsertionSort,1,1.553540
RANDOM,3900,InsertionSort,2,1.368693
RANDOM,3900,InsertionSort,3,1.832370
RANDOM,3900,InsertionSort,4,1.281452
RANDOM,3900,InsertionSort,5,1.278735
RANDOM,3900,LastQuickSort,1,0.195614
RANDOM,3900,LastQuickSort,2,0.205475
RANDOM,3900,LastQuickSort,3,0.186457
RANDOM,3900,LastQuickSort,4,0.182935
RANDOM,3900,LastQuickSort,5,0.195312
RANDOM,4000,InsertionSort,1,1.378353
RANDOM,4000,InsertionSort,2,1.289402
RANDOM,4000,InsertionSort,3,1.434300
RANDOM,4000,InsertionSort,4,2.030701
RANDOM,4000,InsertionSort,5,1.340417
RANDOM,4000,LastQuickSort,1,0.227411
RANDOM,4000,LastQuickSort,2,0.232543
RANDOM,4000,LastQuickSort,3,0.231134
RANDOM,4000,LastQuickSort,4,0.234555
RANDOM,4000,LastQuickSort,5,0.246026
RANDOM,4100,InsertionSort,1,1.646316
RANDOM,4100,InsertionSort,2,1.450098
RANDOM,4100,InsertionSort,3,1.534220
RANDOM,4100,InsertionSort,4,1.385497
RANDOM,4100,InsertionSort,5,1.370504
RANDOM,4100,LastQuickSort,1,0.215638
RANDOM,4100,LastQuickSort,2,0.333268
RANDOM,4100,LastQuickSort,3,0.204670
RANDOM,4100,LastQuickSort,4,0.202758
RANDOM,4100,LastQuickSort,5,0.318275
RANDOM,4200,InsertionSort,1,1.709408
RANDOM,4200,InsertionSort,2,1.481393
RANDOM,4200,InsertionSort,3,1.472437
RANDOM,4200,InsertionSort,4,1.554748
RANDOM,4200,InsertionSort,5,1.440640
RANDOM,4200,LastQuickSort,1,0.217249
RANDOM,4200,LastQuickSort,2,0.206682
RANDOM,4200,LastQuickSort,3,0.203362
RANDOM,4200,LastQuickSort,4,0.201249
RANDOM,4200,LastQuickSort,5,0.201048
RANDOM,4300,InsertionSort,1,1.628505
RANDOM,4300,InsertionSort,2,1.547804
RANDOM,4300,InsertionSort,3,1.695622
RANDOM,4300,InsertionSort,4,1.541264
RANDOM,4300,InsertionSort,5,1.577489
RANDOM,4300,LastQuickSort,1,0.225701
RANDOM,4300,LastQuickSort,2,0.221776
RANDOM,4300,LastQuickSort,3,0.214129
RANDOM,4300,LastQuickSort,4,0.213928
RANDOM,4300,LastQuickSort,5,0.250757
RANDOM,4400,InsertionSort,1,1.609387
RANDOM,4400,InsertionSort,2,1.645511
RANDOM,4400,InsertionSort,3,1.657284
RANDOM,4400,InsertionSort,4,1.646216
RANDOM,4400,InsertionSort,5,1.576080
RANDOM,4400,LastQuickSort,1,0.224292
RANDOM,4400,LastQuickSort,2,0.219764
RANDOM,4400,LastQuickSort,3,0.212619
RANDOM,4400,LastQuickSort,4,0.211110
RANDOM,4400,LastQuickSort,5,0.210104
RANDOM,4500,InsertionSort,1,1.725910
RANDOM,4500,InsertionSort,2,1.762537
RANDOM,4500,InsertionSort,3,1.869602
RANDOM,4500,InsertionSort,4,1.658290
RANDOM,4500,InsertionSort,5,1.869400
RANDOM,4500,LastQuickSort,1,0.257900
RANDOM,4500,LastQuickSort,2,0.223486
RANDOM,4500,LastQuickSort,3,0.217248
RANDOM,4500,LastQuickSort,4,0.215537
RANDOM,4500,LastQuickSort,5,0.215437
RANDOM,4600,InsertionSort,1,1.847464
RANDOM,4600,InsertionSort,2,1.751167
RANDOM,4600,InsertionSort,3,2.185864
RANDOM,4600,InsertionSort,4,1.734664
RANDOM,4600,InsertionSort,5,2.003634
RANDOM,4600,LastQuickSort,1,0.236870
RANDOM,4600,LastQuickSort,2,0.232342
RANDOM,4600,LastQuickSort,3,0.228417
RANDOM,4600,LastQuickSort,4,0.227613
RANDOM,4600,LastQuickSort,5,0.227512
RANDOM,4700,InsertionSort,1,3.039963
RANDOM,4700,InsertionSort,2,2.221183
RANDOM,4700,InsertionSort,3,1.784976
RANDOM,4700,InsertionSort,4,1.917197
RANDOM,4700,InsertionSort,5,1.777832
RANDOM,4700,LastQuickSort,1,0.293118
RANDOM,4700,LastQuickSort,2,0.250957
RANDOM,4700,LastQuickSort,3,0.234153
RANDOM,4700,LastQuickSort,4,0.230631
RANDOM,4700,LastQuickSort,5,0.231537
RANDOM,4800,InsertionSort,1,1.875739
RANDOM,4800,InsertionSort,2,2.068938
RANDOM,4800,InsertionSort,3,2.144004
RANDOM,4800,InsertionSort,4,1.865475
RANDOM,4800,InsertionSort,5,2.188782
RANDOM,4800,LastQuickSort,1,0.287987
RANDOM,4800,LastQuickSort,2,0.261322
RANDOM,4800,LastQuickSort,3,0.236065
RANDOM,4800,LastQuickSort,4,0.235159
RANDOM,4800,LastQuickSort,5,0.235260
RANDOM,4900,InsertionSort,1,2.084032
RANDOM,4900,InsertionSort,2,1.995785
RANDOM,4900,InsertionSort,3,2.144809
RANDOM,4900,InsertionSort,4,2.201863
RANDOM,4900,InsertionSort,5,2.040864
RANDOM,4900,LastQuickSort,1,0.251863
RANDOM,4900,LastQuickSort,2,0.246026
RANDOM,4900,LastQuickSort,3,0.238178
RANDOM,4900,LastQuickSort,4,0.236971
RANDOM,4900,LastQuickSort,5,0.282150
RANDOM,5000,InsertionSort,1,2.196328
RANDOM,5000,InsertionSort,2,2.064913
RANDOM,5000,InsertionSort,3,2.127200
RANDOM,5000,InsertionSort,4,2.189788
RANDOM,5000,InsertionSort,5,2.079102
RANDOM,5000,LastQuickSort,1,0.302175
RANDOM,5000,LastQuickSort,2,0.251661
RANDOM,5000,LastQuickSort,3,0.248139
RANDOM,5000,LastQuickSort,4,0.251259
RANDOM,5000,LastQuickSort,5,0.246026
RANDOM,5100,InsertionSort,1,2.213838
RANDOM,5100,InsertionSort,2,2.231246
RANDOM,5100,InsertionSort,3,2.215548
RANDOM,5100,InsertionSort,4,2.139476
RANDOM,5100,InsertionSort,5,2.240101
RANDOM,5100,LastQuickSort,1,0.262026
RANDOM,5100,LastQuickSort,2,0.254781
RANDOM,5100,LastQuickSort,3,0.255486
RANDOM,5100,LastQuickSort,4,0.251158
RANDOM,5100,LastQuickSort,5,0.541460
RANDOM,5200,InsertionSort,1,3.141997
RANDOM,5200,InsertionSort,2,2.577193
RANDOM,5200,InsertionSort,3,2.621869
RANDOM,5200,InsertionSort,4,2.489951
RANDOM,5200,InsertionSort,5,2.207498
RANDOM,5200,LastQuickSort,1,0.398170
RANDOM,5200,LastQuickSort,2,0.343733
RANDOM,5200,LastQuickSort,3,0.256794
RANDOM,5200,LastQuickSort,4,0.257095
RANDOM,5200,LastQuickSort,5,0.256190
RANDOM,5300,InsertionSort,1,2.575079
RANDOM,5300,InsertionSort,2,2.344649
RANDOM,5300,InsertionSort,3,2.691501
RANDOM,5300,InsertionSort,4,2.375541
RANDOM,5300,InsertionSort,5,2.313154
RANDOM,5300,LastQuickSort,1,0.296339
RANDOM,5300,LastQuickSort,2,0.320287
RANDOM,5300,LastQuickSort,3,0.274000
RANDOM,5300,LastQuickSort,4,0.278025
RANDOM,5300,LastQuickSort,5,0.293823
RANDOM,5400,InsertionSort,1,2.909253
RANDOM,5400,InsertionSort,2,3.130827
RANDOM,5400,InsertionSort,3,3.328406
RANDOM,5400,InsertionSort,4,2.386669
RANDOM,5400,InsertionSort,5,3.567678
RANDOM,5400,LastQuickSort,1,0.288159
RANDOM,5400,LastQuickSort,2,0.331322
RANDOM,5400,LastQuickSort,3,0.278500
RANDOM,5400,LastQuickSort,4,0.276589
RANDOM,5400,LastQuickSort,5,0.281719
RANDOM,5500,InsertionSort,1,2.574416
RANDOM,5500,InsertionSort,2,2.574817
RANDOM,5500,InsertionSort,3,3.570496
RANDOM,5500,InsertionSort,4,3.450060
RANDOM,5500,InsertionSort,5,3.214724
RANDOM,5500,LastQuickSort,1,0.313514
RANDOM,5500,LastQuickSort,2,0.330819
RANDOM,5500,LastQuickSort,3,0.280110
RANDOM,5500,LastQuickSort,4,0.278903
RANDOM,5500,LastQuickSort,5,0.328907
RANDOM,5600,InsertionSort,1,2.667081
RANDOM,5600,InsertionSort,2,2.864084
RANDOM,5600,InsertionSort,3,2.622207
RANDOM,5600,InsertionSort,4,2.723626
RANDOM,5600,InsertionSort,5,2.566467
RANDOM,5600,LastQuickSort,1,0.302446
RANDOM,5600,LastQuickSort,2,0.302546
RANDOM,5600,LastQuickSort,3,0.279104
RANDOM,5600,LastQuickSort,4,0.276085
RANDOM,5600,LastQuickSort,5,0.278902
RANDOM,5700,InsertionSort,1,2.867907
RANDOM,5700,InsertionSort,2,3.495538
RANDOM,5700,InsertionSort,3,3.083020
RANDOM,5700,InsertionSort,4,2.786610
RANDOM,5700,InsertionSort,5,2.712760
RANDOM,5700,LastQuickSort,1,0.311904
RANDOM,5700,LastQuickSort,2,0.290373
RANDOM,5700,LastQuickSort,3,0.286348
RANDOM,5700,LastQuickSort,4,0.336655
RANDOM,5700,LastQuickSort,5,0.289367
RANDOM,5800,InsertionSort,1,3.029594
RANDOM,5800,InsertionSort,2,3.241387
RANDOM,5800,InsertionSort,3,2.771116
RANDOM,5800,InsertionSort,4,2.791742
RANDOM,5800,InsertionSort,5,2.826957
RANDOM,5800,LastQuickSort,1,0.306169
RANDOM,5800,LastQuickSort,2,0.302245
RANDOM,5800,LastQuickSort,3,0.299025
RANDOM,5800,LastQuickSort,4,0.323877
RANDOM,5800,LastQuickSort,5,0.308483
RANDOM,5900,InsertionSort,1,2.840942
RANDOM,5900,InsertionSort,2,3.261207
RANDOM,5900,InsertionSort,3,2.969929
RANDOM,5900,InsertionSort,4,2.855028
RANDOM,5900,InsertionSort,5,2.866800
RANDOM,5900,LastQuickSort,1,0.304962
RANDOM,5900,LastQuickSort,2,0.302648
RANDOM,5900,LastQuickSort,3,0.351546
RANDOM,5900,LastQuickSort,4,0.319350
RANDOM,5900,LastQuickSort,5,0.301943
RANDOM,6000,InsertionSort,1,3.055653
RANDOM,6000,InsertionSort,2,3.401664
RANDOM,6000,InsertionSort,3,3.506002
RANDOM,6000,InsertionSort,4,2.944273
RANDOM,6000,InsertionSort,5,3.078089
RANDOM,6000,LastQuickSort,1,0.315828
RANDOM,6000,LastQuickSort,2,0.385151
RANDOM,6000,LastQuickSort,3,0.384346
RANDOM,6000,LastQuickSort,4,0.383944
RANDOM,6000,LastQuickSort,5,0.386962
RANDOM,6100,InsertionSort,1,4.812175
RANDOM,6100,InsertionSort,2,5.066528
RANDOM,6100,InsertionSort,3,4.964404
RANDOM,6100,InsertionSort,4,4.913292
RANDOM,6100,InsertionSort,5,4.804528
RANDOM,6100,LastQuickSort,1,0.461115
RANDOM,6100,LastQuickSort,2,0.391490
RANDOM,6100,LastQuickSort,3,0.384950
RANDOM,6100,LastQuickSort,4,0.397627
RANDOM,6100,LastQuickSort,5,0.403966
RANDOM,6200,InsertionSort,1,5.217851
RANDOM,6200,InsertionSort,2,5.050530
RANDOM,6200,InsertionSort,3,5.249444
RANDOM,6200,InsertionSort,4,5.128003
RANDOM,6200,InsertionSort,5,5.075080
RANDOM,6200,LastQuickSort,1,0.382737
RANDOM,6200,LastQuickSort,2,0.466045
RANDOM,6200,LastQuickSort,3,0.394710
RANDOM,6200,LastQuickSort,4,0.401149
RANDOM,6200,LastQuickSort,5,0.394609
RANDOM,6300,InsertionSort,1,5.234050
RANDOM,6300,InsertionSort,2,5.411433
RANDOM,6300,InsertionSort,3,5.274900
RANDOM,6300,InsertionSort,4,5.331746
RANDOM,6300,InsertionSort,5,5.541628
RANDOM,6300,LastQuickSort,1,0.634172
RANDOM,6300,LastQuickSort,2,0.381629
RANDOM,6300,LastQuickSort,3,0.570985
RANDOM,6300,LastQuickSort,4,0.373480
RANDOM,6300,LastQuickSort,5,0.324582
RANDOM,6400,InsertionSort,1,3.538903
RANDOM,6400,InsertionSort,2,3.729969
RANDOM,6400,InsertionSort,3,3.716487
RANDOM,6400,InsertionSort,4,4.726653
RANDOM,6400,InsertionSort,5,3.531659
RANDOM,6400,LastQuickSort,1,0.337158
RANDOM,6400,LastQuickSort,2,0.330517
RANDOM,6400,LastQuickSort,3,0.344603
RANDOM,6400,LastQuickSort,4,0.324380
RANDOM,6400,LastQuickSort,5,0.324380
RANDOM,6500,InsertionSort,1,3.651188
RANDOM,6500,InsertionSort,2,4.092080
RANDOM,6500,InsertionSort,3,5.629967
RANDOM,6500,InsertionSort,4,5.671722
RANDOM,6500,InsertionSort,5,6.115128
RANDOM,6500,LastQuickSort,1,0.383139
RANDOM,6500,LastQuickSort,2,0.333637
RANDOM,6500,LastQuickSort,3,0.325889
RANDOM,6500,LastQuickSort,4,0.328304
RANDOM,6500,LastQuickSort,5,0.395615
RANDOM,6600,InsertionSort,1,3.613960
RANDOM,6600,InsertionSort,2,5.393323
RANDOM,6600,InsertionSort,3,6.025582
RANDOM,6600,InsertionSort,4,3.739527
RANDOM,6600,InsertionSort,5,5.079709
RANDOM,6600,LastQuickSort,1,0.355671
RANDOM,6600,LastQuickSort,2,0.348125
RANDOM,6600,LastQuickSort,3,0.339171
RANDOM,6600,LastQuickSort,4,0.341384
RANDOM,6600,LastQuickSort,5,0.336453
RANDOM,6700,InsertionSort,1,4.885925
RANDOM,6700,InsertionSort,2,4.236259
RANDOM,6700,InsertionSort,3,3.981403
RANDOM,6700,InsertionSort,4,4.031711
RANDOM,6700,InsertionSort,5,3.742949
RANDOM,6700,LastQuickSort,1,0.367242
RANDOM,6700,LastQuickSort,2,0.365129
RANDOM,6700,LastQuickSort,3,0.370562
RANDOM,6700,LastQuickSort,4,0.351043
RANDOM,6700,LastQuickSort,5,0.416845
RANDOM,6800,InsertionSort,1,4.208189
RANDOM,6800,InsertionSort,2,3.849197
RANDOM,6800,InsertionSort,3,4.166333
RANDOM,6800,InsertionSort,4,4.173879
RANDOM,6800,InsertionSort,5,3.777861
RANDOM,6800,LastQuickSort,1,0.366035
RANDOM,6800,LastQuickSort,2,0.356074
RANDOM,6800,LastQuickSort,3,0.350741
RANDOM,6800,LastQuickSort,4,0.368248
RANDOM,6800,LastQuickSort,5,0.384850
RANDOM,6900,InsertionSort,1,4.268355
RANDOM,6900,InsertionSort,2,4.310614
RANDOM,6900,InsertionSort,3,3.962186
RANDOM,6900,InsertionSort,4,4.090068
RANDOM,6900,InsertionSort,5,4.431049
RANDOM,6900,LastQuickSort,1,0.410908
RANDOM,6900,LastQuickSort,2,0.380623
RANDOM,6900,LastQuickSort,3,0.457493
RANDOM,6900,LastQuickSort,4,0.369455
RANDOM,6900,LastQuickSort,5,0.365129
RANDOM,7000,InsertionSort,1,4.173275
RANDOM,7000,InsertionSort,2,4.140777
RANDOM,7000,InsertionSort,3,4.326410
RANDOM,7000,InsertionSort,4,4.441815
RANDOM,7000,InsertionSort,5,4.041169
RANDOM,7000,LastQuickSort,1,0.387466
RANDOM,7000,LastQuickSort,2,0.370159
RANDOM,7000,LastQuickSort,3,0.366940
RANDOM,7000,LastQuickSort,4,0.367544
RANDOM,7000,LastQuickSort,5,0.412518
RANDOM,7100,InsertionSort,1,5.230831
RANDOM,7100,InsertionSort,2,4.372793
RANDOM,7100,InsertionSort,3,4.276103
RANDOM,7100,InsertionSort,4,5.711968
RANDOM,7100,InsertionSort,5,4.740940
RANDOM,7100,LastQuickSort,1,0.405274
RANDOM,7100,LastQuickSort,2,0.395414
RANDOM,7100,LastQuickSort,3,0.377404
RANDOM,7100,LastQuickSort,4,0.369958
RANDOM,7100,LastQuickSort,5,0.369354
RANDOM,7200,InsertionSort,1,4.400361
RANDOM,7200,InsertionSort,2,4.319522
RANDOM,7200,InsertionSort,3,4.432378
RANDOM,7200,InsertionSort,4,4.287782
RANDOM,7200,InsertionSort,5,4.423322
RANDOM,7200,LastQuickSort,1,0.388307
RANDOM,7200,LastQuickSort,2,0.385289
RANDOM,7200,LastQuickSort,3,0.420003
RANDOM,7200,LastQuickSort,4,0.599014
RANDOM,7200,LastQuickSort,5,0.453109
RANDOM,7300,InsertionSort,1,7.907421
RANDOM,7300,InsertionSort,2,6.901787
RANDOM,7300,InsertionSort,3,4.536020
RANDOM,7300,InsertionSort,4,4.391726
RANDOM,7300,InsertionSort,5,4.407826
RANDOM,7300,LastQuickSort,1,0.404106
RANDOM,7300,LastQuickSort,2,0.387704
RANDOM,7300,LastQuickSort,3,0.414872
RANDOM,7300,LastQuickSort,4,0.385390
RANDOM,7300,LastQuickSort,5,0.381565
RANDOM,7400,InsertionSort,1,4.653851
RANDOM,7400,InsertionSort,2,4.581000
RANDOM,7400,InsertionSort,3,4.507544
RANDOM,7400,InsertionSort,4,4.575565
RANDOM,7400,InsertionSort,5,4.814849
RANDOM,7400,LastQuickSort,1,0.411249
RANDOM,7400,LastQuickSort,2,0.392332
RANDOM,7400,LastQuickSort,3,0.391427
RANDOM,7400,LastQuickSort,4,0.418294
RANDOM,7400,LastQuickSort,5,0.428658
RANDOM,7500,InsertionSort,1,4.772688
RANDOM,7500,InsertionSort,2,6.200137
RANDOM,7500,InsertionSort,3,7.885385
RANDOM,7500,InsertionSort,4,7.441433
RANDOM,7500,InsertionSort,5,4.680214
RANDOM,7500,LastQuickSort,1,0.413765
RANDOM,7500,LastQuickSort,2,0.399376
RANDOM,7500,LastQuickSort,3,0.393942
RANDOM,7500,LastQuickSort,4,0.426042
RANDOM,7500,LastQuickSort,5,0.420607
RANDOM,7600,InsertionSort,1,5.753166
RANDOM,7600,InsertionSort,2,7.820986
RANDOM,7600,InsertionSort,3,7.435898
RANDOM,7600,InsertionSort,4,5.178907
RANDOM,7600,InsertionSort,5,5.213621
RANDOM,7600,LastQuickSort,1,0.426645
RANDOM,7600,LastQuickSort,2,0.411853
RANDOM,7600,LastQuickSort,3,0.446870
RANDOM,7600,LastQuickSort,4,0.407929
RANDOM,7600,LastQuickSort,5,0.405011
RANDOM,7700,InsertionSort,1,4.920203
RANDOM,7700,InsertionSort,2,4.915372
RANDOM,7700,InsertionSort,3,4.875324
RANDOM,7700,InsertionSort,4,4.894946
RANDOM,7700,InsertionSort,5,4.845741
RANDOM,7700,LastQuickSort,1,0.418897
RANDOM,7700,LastQuickSort,2,0.420205
RANDOM,7700,LastQuickSort,3,0.413262
RANDOM,7700,LastQuickSort,4,0.404608
RANDOM,7700,LastQuickSort,5,0.402194
RANDOM,7800,InsertionSort,1,6.200942
RANDOM,7800,InsertionSort,2,8.003014
RANDOM,7800,InsertionSort,3,5.493154
RANDOM,7800,InsertionSort,4,5.056146
RANDOM,7800,InsertionSort,5,6.062786
RANDOM,7800,LastQuickSort,1,0.439928
RANDOM,7800,LastQuickSort,2,0.417287
RANDOM,7800,LastQuickSort,3,0.416180
RANDOM,7800,LastQuickSort,4,0.412960
RANDOM,7800,LastQuickSort,5,0.417086
RANDOM,7900,InsertionSort,1,5.651033
RANDOM,7900,InsertionSort,2,8.136240
RANDOM,7900,InsertionSort,3,5.568119
RANDOM,7900,InsertionSort,4,5.218854
RANDOM,7900,InsertionSort,5,6.235155
RANDOM,7900,LastQuickSort,1,0.460053
RANDOM,7900,LastQuickSort,2,0.502314
RANDOM,7900,LastQuickSort,3,0.420909
RANDOM,7900,LastQuickSort,4,0.418192
RANDOM,7900,LastQuickSort,5,0.419299
RANDOM,8000,InsertionSort,1,5.759908
RANDOM,8000,InsertionSort,2,6.529579
RANDOM,8000,InsertionSort,3,5.606256
RANDOM,8000,InsertionSort,4,5.316861
RANDOM,8000,InsertionSort,5,5.788485
RANDOM,8000,LastQuickSort,1,0.456128
RANDOM,8000,LastQuickSort,2,0.448280
RANDOM,8000,LastQuickSort,3,0.429361
RANDOM,8000,LastQuickSort,4,0.472429
RANDOM,8000,LastQuickSort,5,0.424934
RANDOM,8100,InsertionSort,1,7.105148
RANDOM,8100,InsertionSort,2,6.732236
RANDOM,8100,InsertionSort,3,5.643889
RANDOM,8100,InsertionSort,4,5.542963
RANDOM,8100,InsertionSort,5,6.964777
RANDOM,8100,LastQuickSort,1,0.451700
RANDOM,8100,LastQuickSort,2,0.426142
RANDOM,8100,LastQuickSort,3,0.432481
RANDOM,8100,LastQuickSort,4,0.416280
RANDOM,8100,LastQuickSort,5,0.415174
RANDOM,8200,InsertionSort,1,5.839199
RANDOM,8200,InsertionSort,2,6.919094
RANDOM,8200,InsertionSort,3,6.019215
RANDOM,8200,InsertionSort,4,6.085024
RANDOM,8200,InsertionSort,5,5.897662
RANDOM,8200,LastQuickSort,1,0.457034
RANDOM,8200,LastQuickSort,2,0.446569
RANDOM,8200,LastQuickSort,3,0.459952
RANDOM,8200,LastQuickSort,4,0.441336
RANDOM,8200,LastQuickSort,5,0.456430
RANDOM,8300,InsertionSort,1,6.085225
RANDOM,8300,InsertionSort,2,7.222073
RANDOM,8300,InsertionSort,3,5.772285
RANDOM,8300,InsertionSort,4,6.072446
RANDOM,8300,InsertionSort,5,5.973835
RANDOM,8300,LastQuickSort,1,0.470920
RANDOM,8300,LastQuickSort,2,0.457335
RANDOM,8300,LastQuickSort,3,0.439626
RANDOM,8300,LastQuickSort,4,0.459650
RANDOM,8300,LastQuickSort,5,0.436908
RANDOM,8400,InsertionSort,1,6.674679
RANDOM,8400,InsertionSort,2,6.040447
RANDOM,8400,InsertionSort,3,6.147813
RANDOM,8400,InsertionSort,4,7.156164
RANDOM,8400,InsertionSort,5,6.696112
RANDOM,8400,LastQuickSort,1,0.479271
RANDOM,8400,LastQuickSort,2,0.479271
RANDOM,8400,LastQuickSort,3,0.488830
RANDOM,8400,LastQuickSort,4,0.450392
RANDOM,8400,LastQuickSort,5,0.460052
RANDOM,8500,InsertionSort,1,6.862745
RANDOM,8500,InsertionSort,2,5.889210
RANDOM,8500,InsertionSort,3,6.256386
RANDOM,8500,InsertionSort,4,6.331149
RANDOM,8500,InsertionSort,5,6.104343
RANDOM,8500,LastQuickSort,1,0.489736
RANDOM,8500,LastQuickSort,2,0.459549
RANDOM,8500,LastQuickSort,3,0.467901
RANDOM,8500,LastQuickSort,4,0.456732
RANDOM,8500,LastQuickSort,5,0.452706
RANDOM,8600,InsertionSort,1,6.953910
RANDOM,8600,InsertionSort,2,6.137751
RANDOM,8600,InsertionSort,3,8.133624
RANDOM,8600,InsertionSort,4,6.221168
RANDOM,8600,InsertionSort,5,6.017707
RANDOM,8600,LastQuickSort,1,0.676595
RANDOM,8600,LastQuickSort,2,0.503018
RANDOM,8600,LastQuickSort,3,0.669349
RANDOM,8600,LastQuickSort,4,0.604246
RANDOM,8600,LastQuickSort,5,0.520226
RANDOM,8700,InsertionSort,1,6.646505
RANDOM,8700,InsertionSort,2,7.583715
RANDOM,8700,InsertionSort,3,6.806496
RANDOM,8700,InsertionSort,4,6.213118
RANDOM,8700,InsertionSort,5,6.744210
RANDOM,8700,LastQuickSort,1,0.481384
RANDOM,8700,LastQuickSort,2,0.462367
RANDOM,8700,LastQuickSort,3,0.453713
RANDOM,8700,LastQuickSort,4,0.451801
RANDOM,8700,LastQuickSort,5,0.453914
RANDOM,8800,InsertionSort,1,6.878141
RANDOM,8800,InsertionSort,2,7.067112
RANDOM,8800,InsertionSort,3,6.432679
RANDOM,8800,InsertionSort,4,7.079992
RANDOM,8800,InsertionSort,5,6.623865
RANDOM,8800,LastQuickSort,1,0.490038
RANDOM,8800,LastQuickSort,2,0.479070
RANDOM,8800,LastQuickSort,3,0.573254
RANDOM,8800,LastQuickSort,4,0.516904
RANDOM,8800,LastQuickSort,5,0.476655
RANDOM,8900,InsertionSort,1,8.024748
RANDOM,8900,InsertionSort,2,6.626077
RANDOM,8900,InsertionSort,3,7.343626
RANDOM,8900,InsertionSort,4,6.906315
RANDOM,8900,InsertionSort,5,9.198525
RANDOM,8900,LastQuickSort,1,0.547997
RANDOM,8900,LastQuickSort,2,0.521131
RANDOM,8900,LastQuickSort,3,0.528174
RANDOM,8900,LastQuickSort,4,0.550412
RANDOM,8900,LastQuickSort,5,0.485711
RANDOM,9000,InsertionSort,1,12.331246
RANDOM,9000,InsertionSort,2,9.235254
RANDOM,9000,InsertionSort,3,6.913660
RANDOM,9000,InsertionSort,4,6.941936
RANDOM,9000,InsertionSort,5,6.724287
RANDOM,9000,LastQuickSort,1,0.505937
RANDOM,9000,LastQuickSort,2,0.583115
RANDOM,9000,LastQuickSort,3,0.515999
RANDOM,9000,LastQuickSort,4,0.481284
RANDOM,9000,LastQuickSort,5,0.543369
RANDOM,9100,InsertionSort,1,7.082608
RANDOM,9100,InsertionSort,2,7.540647
RANDOM,9100,InsertionSort,3,9.128190
RANDOM,9100,InsertionSort,4,7.552723
RANDOM,9100,InsertionSort,5,6.788787
RANDOM,9100,LastQuickSort,1,0.542161
RANDOM,9100,LastQuickSort,2,0.565103
RANDOM,9100,LastQuickSort,3,0.511973
RANDOM,9100,LastQuickSort,4,0.503220
RANDOM,9100,LastQuickSort,5,0.495170
RANDOM,9200,InsertionSort,1,7.041050
RANDOM,9200,InsertionSort,2,6.841513
RANDOM,9200,InsertionSort,3,8.050609
RANDOM,9200,InsertionSort,4,6.912453
RANDOM,9200,InsertionSort,5,7.541654
RANDOM,9200,LastQuickSort,1,0.538941
RANDOM,9200,LastQuickSort,2,0.507144
RANDOM,9200,LastQuickSort,3,0.566814
RANDOM,9200,LastQuickSort,4,0.499195
RANDOM,9200,LastQuickSort,5,0.496578
RANDOM,9300,InsertionSort,1,7.208992
RANDOM,9300,InsertionSort,2,7.589752
RANDOM,9300,InsertionSort,3,7.534308
RANDOM,9300,InsertionSort,4,7.255177
RANDOM,9300,InsertionSort,5,7.278523
RANDOM,9300,LastQuickSort,1,0.522539
RANDOM,9300,LastQuickSort,2,0.529885
RANDOM,9300,LastQuickSort,3,0.504025
RANDOM,9300,LastQuickSort,4,0.507849
RANDOM,9300,LastQuickSort,5,0.536023
RANDOM,9400,InsertionSort,1,7.632819
RANDOM,9400,InsertionSort,2,7.278120
RANDOM,9400,InsertionSort,3,7.345639
RANDOM,9400,InsertionSort,4,7.461859
RANDOM,9400,InsertionSort,5,7.209193
RANDOM,9400,LastQuickSort,1,0.821795
RANDOM,9400,LastQuickSort,2,0.761622
RANDOM,9400,LastQuickSort,3,0.523043
RANDOM,9400,LastQuickSort,4,0.519622
RANDOM,9400,LastQuickSort,5,0.554337
RANDOM,9500,InsertionSort,1,7.636241
RANDOM,9500,InsertionSort,2,9.207380
RANDOM,9500,InsertionSort,3,7.844934
RANDOM,9500,InsertionSort,4,7.601927
RANDOM,9500,InsertionSort,5,7.331451
RANDOM,9500,LastQuickSort,1,0.534011
RANDOM,9500,LastQuickSort,2,0.510263
RANDOM,9500,LastQuickSort,3,0.507043
RANDOM,9500,LastQuickSort,4,0.507144
RANDOM,9500,LastQuickSort,5,0.503723
RANDOM,9600,InsertionSort,1,8.099512
RANDOM,9600,InsertionSort,2,7.653950
RANDOM,9600,InsertionSort,3,7.828734
RANDOM,9600,InsertionSort,4,7.584016
RANDOM,9600,InsertionSort,5,7.775604
RANDOM,9600,LastQuickSort,1,0.536828
RANDOM,9600,LastQuickSort,2,0.537230
RANDOM,9600,LastQuickSort,3,0.526262
RANDOM,9600,LastQuickSort,4,0.540350
RANDOM,9600,LastQuickSort,5,0.533709
RANDOM,9700,InsertionSort,1,7.699734
RANDOM,9700,InsertionSort,2,7.897661
RANDOM,9700,InsertionSort,3,8.621750
RANDOM,9700,InsertionSort,4,10.678501
RANDOM,9700,InsertionSort,5,9.321790
RANDOM,9700,LastQuickSort,1,0.743811
RANDOM,9700,LastQuickSort,2,0.526967
RANDOM,9700,LastQuickSort,3,0.605051
RANDOM,9700,LastQuickSort,4,0.524653
RANDOM,9700,LastQuickSort,5,0.519621
RANDOM,9800,InsertionSort,1,8.371599
RANDOM,9800,InsertionSort,2,8.728814
RANDOM,9800,InsertionSort,3,9.166426
RANDOM,9800,InsertionSort,4,11.163306
RANDOM,9800,InsertionSort,5,8.759432
RANDOM,9800,LastQuickSort,1,0.653305
RANDOM,9800,LastQuickSort,2,0.531237
RANDOM,9800,LastQuickSort,3,0.595541
RANDOM,9800,LastQuickSort,4,0.755848
RANDOM,9800,LastQuickSort,5,0.647166
RANDOM,9900,InsertionSort,1,13.852831
RANDOM,9900,InsertionSort,2,9.696318
RANDOM,9900,InsertionSort,3,9.971246
RANDOM,9900,InsertionSort,4,9.988353
RANDOM,9900,InsertionSort,5,8.390716
RANDOM,9900,LastQuickSort,1,0.558710
RANDOM,9900,LastQuickSort,2,0.613656
RANDOM,9900,LastQuickSort,3,0.536067
RANDOM,9900,LastQuickSort,4,0.555288
RANDOM,9900,LastQuickSort,5,0.550962
RANDOM,10000,InsertionSort,1,9.689576
RANDOM,10000,InsertionSort,2,8.686474
RANDOM,10000,InsertionSort,3,9.741703
RANDOM,10000,InsertionSort,4,8.585036
RANDOM,10000,InsertionSort,5,8.446566
RANDOM,10000,LastQuickSort,1,0.586082
RANDOM,10000,LastQuickSort,2,0.551968
RANDOM,10000,LastQuickSort,3,0.548445
RANDOM,10000,LastQuickSort,4,0.606712
RANDOM,10000,LastQuickSort,5,0.545125
RANDOM,10,InsertionSort,1,0.001308
RANDOM,10,InsertionSort,2,0.000604
RANDOM,10,InsertionSort,3,0.000100
RANDOM,10,InsertionSort,4,0.000101
RANDOM,10,InsertionSort,5,0.000100
RANDOM,10,LastQuickSort,1,0.001409
RANDOM,10,LastQuickSort,2,0.000301
RANDOM,10,LastQuickSort,3,0.000201
RANDOM,10,LastQuickSort,4,0.000101
RANDOM,10,LastQuickSort,5,0.000101
RANDOM,20,InsertionSort,1,0.000805
RANDOM,20,InsertionSort,2,0.000403
RANDOM,20,InsertionSort,3,0.000201
RANDOM,20,InsertionSort,4,0.000201
RANDOM,20,InsertionSort,5,0.000503
RANDOM,20,LastQuickSort,1,0.002314
RANDOM,20,LastQuickSort,2,0.000806
RANDOM,20,LastQuickSort,3,0.000704
RANDOM,20,LastQuickSort,4,0.000403
RANDOM,20,LastQuickSort,5,0.000201
RANDOM,30,InsertionSort,1,0.001409
RANDOM,30,InsertionSort,2,0.000403
RANDOM,30,InsertionSort,3,0.000604
RANDOM,30,InsertionSort,4,0.000302
RANDOM,30,InsertionSort,5,0.000302
RANDOM,30,LastQuickSort,1,0.002013
RANDOM,30,LastQuickSort,2,0.000705
RANDOM,30,LastQuickSort,3,0.000503
RANDOM,30,LastQuickSort,4,0.000402
RANDOM,30,LastQuickSort,5,0.000906
RANDOM,40,InsertionSort,1,0.002013
RANDOM,40,InsertionSort,2,0.000504
RANDOM,40,InsertionSort,3,0.000503
RANDOM,40,InsertionSort,4,0.000403
RANDOM,40,InsertionSort,5,0.000704
RANDOM,40,LastQuickSort,1,0.002013
RANDOM,40,LastQuickSort,2,0.000805
RANDOM,40,LastQuickSort,3,0.000604
RANDOM,40,LastQuickSort,4,0.000705
RANDOM,40,LastQuickSort,5,0.000906
RANDOM,50,InsertionSort,1,0.002616
RANDOM,50,InsertionSort,2,0.001812
RANDOM,50,InsertionSort,3,0.000704
RANDOM,50,InsertionSort,4,0.000503
RANDOM,50,InsertionSort,5,0.000503
RANDOM,50,LastQuickSort,1,0.003422
RANDOM,50,LastQuickSort,2,0.000805
RANDOM,50,LastQuickSort,3,0.001610
RANDOM,50,LastQuickSort,4,0.002617
RANDOM,50,LastQuickSort,5,0.001812
RANDOM,60,InsertionSort,1,0.003623
RANDOM,60,InsertionSort,2,0.001006
RANDOM,60,InsertionSort,3,0.001107
RANDOM,60,InsertionSort,4,0.000805
RANDOM,60,InsertionSort,5,0.000805
RANDOM,60,LastQuickSort,1,0.003422
RANDOM,60,LastQuickSort,2,0.001308
RANDOM,60,LastQuickSort,3,0.001107
RANDOM,60,LastQuickSort,4,0.001610
RANDOM,60,LastQuickSort,5,0.000906
RANDOM,70,InsertionSort,1,0.004025
RANDOM,70,InsertionSort,2,0.002818
RANDOM,70,InsertionSort,3,0.001912
RANDOM,70,InsertionSort,4,0.000805
RANDOM,70,InsertionSort,5,0.000704
RANDOM,70,LastQuickSort,1,0.003623
RANDOM,70,LastQuickSort,2,0.001811
RANDOM,70,LastQuickSort,3,0.001509
RANDOM,70,LastQuickSort,4,0.001208
RANDOM,70,LastQuickSort,5,0.001610
RANDOM,80,InsertionSort,1,0.002516
RANDOM,80,InsertionSort,2,0.001509
RANDOM,80,InsertionSort,3,0.001107
RANDOM,80,InsertionSort,4,0.001107
RANDOM,80,InsertionSort,5,0.001309
RANDOM,80,LastQuickSort,1,0.004025
RANDOM,80,LastQuickSort,2,0.002315
RANDOM,80,LastQuickSort,3,0.001409
RANDOM,80,LastQuickSort,4,0.001509
RANDOM,80,LastQuickSort,5,0.001107
RANDOM,90,InsertionSort,1,0.003724
RANDOM,90,InsertionSort,2,0.002214
RANDOM,90,InsertionSort,3,0.001811
RANDOM,90,InsertionSort,4,0.001811
RANDOM,90,InsertionSort,5,0.001509
RANDOM,90,LastQuickSort,1,0.004830
RANDOM,90,LastQuickSort,2,0.001811
RANDOM,90,LastQuickSort,3,0.001309
RANDOM,90,LastQuickSort,4,0.001711
RANDOM,90,LastQuickSort,5,0.001006
RANDOM,100,InsertionSort,1,0.004227
RANDOM,100,InsertionSort,2,0.002617
RANDOM,100,InsertionSort,3,0.001812
RANDOM,100,InsertionSort,4,0.001711
RANDOM,100,InsertionSort,5,0.001308
RANDOM,100,LastQuickSort,1,0.004327
RANDOM,100,LastQuickSort,2,0.002214
RANDOM,100,LastQuickSort,3,0.001510
RANDOM,100,LastQuickSort,4,0.001409
RANDOM,100,LastQuickSort,5,0.001409
RANDOM,110,InsertionSort,1,0.005032
RANDOM,110,InsertionSort,2,0.002013
RANDOM,110,InsertionSort,3,0.001711
RANDOM,110,InsertionSort,4,0.001509
RANDOM,110,InsertionSort,5,0.001408
RANDOM,110,LastQuickSort,1,0.004529
RANDOM,110,LastQuickSort,2,0.002818
RANDOM,110,LastQuickSort,3,0.001912
RANDOM,110,LastQuickSort,4,0.001611
RANDOM,110,LastQuickSort,5,0.001409
RANDOM,120,InsertionSort,1,0.004126
RANDOM,120,InsertionSort,2,0.002918
RANDOM,120,InsertionSort,3,0.002717
RANDOM,120,InsertionSort,4,0.001711
RANDOM,120,InsertionSort,5,0.002013
RANDOM,120,LastQuickSort,1,0.006441
RANDOM,120,LastQuickSort,2,0.003019
RANDOM,120,LastQuickSort,3,0.002416
RANDOM,120,LastQuickSort,4,0.001610
RANDOM,120,LastQuickSort,5,0.002515
RANDOM,130,InsertionSort,1,0.004427
RANDOM,130,InsertionSort,2,0.002616
RANDOM,130,InsertionSort,3,0.002113
RANDOM,130,InsertionSort,4,0.002113
RANDOM,130,InsertionSort,5,0.002013
RANDOM,130,LastQuickSort,1,0.005334
RANDOM,130,LastQuickSort,2,0.002717
RANDOM,130,LastQuickSort,3,0.001811
RANDOM,130,LastQuickSort,4,0.002718
RANDOM,130,LastQuickSort,5,0.001811
RANDOM,140,InsertionSort,1,0.005132
RANDOM,140,InsertionSort,2,0.003321
RANDOM,140,InsertionSort,3,0.003723
RANDOM,140,InsertionSort,4,0.002214
RANDOM,140,InsertionSort,5,0.002113
RANDOM,140,LastQuickSort,1,0.006944
RANDOM,140,LastQuickSort,2,0.003120
RANDOM,140,LastQuickSort,3,0.002415
RANDOM,140,LastQuickSort,4,0.001912
RANDOM,140,LastQuickSort,5,0.001711
RANDOM,150,InsertionSort,1,0.005233
RANDOM,150,InsertionSort,2,0.002918
RANDOM,150,InsertionSort,3,0.002616
RANDOM,150,InsertionSort,4,0.002516
RANDOM,150,InsertionSort,5,0.002515
RANDOM,150,LastQuickSort,1,0.006742
RANDOM,150,LastQuickSort,2,0.003321
RANDOM,150,LastQuickSort,3,0.002315
RANDOM,150,LastQuickSort,4,0.002013
RANDOM,150,LastQuickSort,5,0.001912
RANDOM,160,InsertionSort,1,0.006038
RANDOM,160,InsertionSort,2,0.004328
RANDOM,160,InsertionSort,3,0.003824
RANDOM,160,InsertionSort,4,0.004126
RANDOM,160,InsertionSort,5,0.003924
RANDOM,160,LastQuickSort,1,0.007648
RANDOM,160,LastQuickSort,2,0.002918
RANDOM,160,LastQuickSort,3,0.002013
RANDOM,160,LastQuickSort,4,0.001912
RANDOM,160,LastQuickSort,5,0.001912
RANDOM,170,InsertionSort,1,0.006340
RANDOM,170,InsertionSort,2,0.005031
RANDOM,170,InsertionSort,3,0.004830
RANDOM,170,InsertionSort,4,0.003824
RANDOM,170,InsertionSort,5,0.003723
RANDOM,170,LastQuickSort,1,0.008051
RANDOM,170,LastQuickSort,2,0.014189
RANDOM,170,LastQuickSort,3,0.002717
RANDOM,170,LastQuickSort,4,0.002516
RANDOM,170,LastQuickSort,5,0.002516
RANDOM,180,InsertionSort,1,0.008050
RANDOM,180,InsertionSort,2,0.004730
RANDOM,180,InsertionSort,3,0.003522
RANDOM,180,InsertionSort,4,0.003321
RANDOM,180,InsertionSort,5,0.003220
RANDOM,180,LastQuickSort,1,0.008553
RANDOM,180,LastQuickSort,2,0.003924
RANDOM,180,LastQuickSort,3,0.002717
RANDOM,180,LastQuickSort,4,0.002817
RANDOM,180,LastQuickSort,5,0.002314
RANDOM,190,InsertionSort,1,0.007949
RANDOM,190,InsertionSort,2,0.005434
RANDOM,190,InsertionSort,3,0.004830
RANDOM,190,InsertionSort,4,0.004931
RANDOM,190,InsertionSort,5,0.004931
RANDOM,190,LastQuickSort,1,0.009056
RANDOM,190,LastQuickSort,2,0.004025
RANDOM,190,LastQuickSort,3,0.003321
RANDOM,190,LastQuickSort,4,0.002516
RANDOM,190,LastQuickSort,5,0.002416
RANDOM,200,InsertionSort,1,0.008050
RANDOM,200,InsertionSort,2,0.006440
RANDOM,200,InsertionSort,3,0.006139
RANDOM,200,InsertionSort,4,0.006038
RANDOM,200,InsertionSort,5,0.005635
RANDOM,200,LastQuickSort,1,0.009560
RANDOM,200,LastQuickSort,2,0.005534
RANDOM,200,LastQuickSort,3,0.003724
RANDOM,200,LastQuickSort,4,0.003522
RANDOM,200,LastQuickSort,5,0.003019
RANDOM,210,InsertionSort,1,0.009560
RANDOM,210,InsertionSort,2,0.006843
RANDOM,210,InsertionSort,3,0.006441
RANDOM,210,InsertionSort,4,0.006642
RANDOM,210,InsertionSort,5,0.007246
RANDOM,210,LastQuickSort,1,0.010566
RANDOM,210,LastQuickSort,2,0.004629
RANDOM,210,LastQuickSort,3,0.003924
RANDOM,210,LastQuickSort,4,0.003019
RANDOM,210,LastQuickSort,5,0.002616
RANDOM,220,InsertionSort,1,0.010566
RANDOM,220,InsertionSort,2,0.008654
RANDOM,220,InsertionSort,3,0.006642
RANDOM,220,InsertionSort,4,0.006139
RANDOM,220,InsertionSort,5,0.006440
RANDOM,220,LastQuickSort,1,0.009660
RANDOM,220,LastQuickSort,2,0.004831
RANDOM,220,LastQuickSort,3,0.003421
RANDOM,220,LastQuickSort,4,0.003019
RANDOM,220,LastQuickSort,5,0.002918
RANDOM,230,InsertionSort,1,0.009259
RANDOM,230,InsertionSort,2,0.007145
RANDOM,230,InsertionSort,3,0.007346
RANDOM,230,InsertionSort,4,0.008152
RANDOM,230,InsertionSort,5,0.006743
RANDOM,230,LastQuickSort,1,0.010667
RANDOM,230,LastQuickSort,2,0.005937
RANDOM,230,LastQuickSort,3,0.005736
RANDOM,230,LastQuickSort,4,0.003623
RANDOM,230,LastQuickSort,5,0.003321
RANDOM,240,InsertionSort,1,0.012076
RANDOM,240,InsertionSort,2,0.006642
RANDOM,240,InsertionSort,3,0.005937
RANDOM,240,InsertionSort,4,0.005636
RANDOM,240,InsertionSort,5,0.005635
RANDOM,240,LastQuickSort,1,0.010768
RANDOM,240,LastQuickSort,2,0.005535
RANDOM,240,LastQuickSort,3,0.003723
RANDOM,240,LastQuickSort,4,0.003421
RANDOM,240,LastQuickSort,5,0.003421
RANDOM,250,InsertionSort,1,0.011573
RANDOM,250,InsertionSort,2,0.008554
RANDOM,250,InsertionSort,3,0.009762
RANDOM,250,InsertionSort,4,0.009459
RANDOM,250,InsertionSort,5,0.009359
RANDOM,250,LastQuickSort,1,0.011371
RANDOM,250,LastQuickSort,2,0.005836
RANDOM,250,LastQuickSort,3,0.003622
RANDOM,250,LastQuickSort,4,0.003220
RANDOM,250,LastQuickSort,5,0.003120
RANDOM,260,InsertionSort,1,0.015498
RANDOM,260,InsertionSort,2,0.007748
RANDOM,260,InsertionSort,3,0.007648
RANDOM,260,InsertionSort,4,0.009359
RANDOM,260,InsertionSort,5,0.009258
RANDOM,260,LastQuickSort,1,0.012780
RANDOM,260,LastQuickSort,2,0.005736
RANDOM,260,LastQuickSort,3,0.003925
RANDOM,260,LastQuickSort,4,0.003321
RANDOM,260,LastQuickSort,5,0.003220
RANDOM,270,InsertionSort,1,0.014692
RANDOM,270,InsertionSort,2,0.009560
RANDOM,270,InsertionSort,3,0.007044
RANDOM,270,InsertionSort,4,0.006843
RANDOM,270,InsertionSort,5,0.006541
RANDOM,270,LastQuickSort,1,0.011975
RANDOM,270,LastQuickSort,2,0.006340
RANDOM,270,LastQuickSort,3,0.004529
RANDOM,270,LastQuickSort,4,0.003925
RANDOM,270,LastQuickSort,5,0.005636
RANDOM,280,InsertionSort,1,0.015296
RANDOM,280,InsertionSort,2,0.008554
RANDOM,280,InsertionSort,3,0.007749
RANDOM,280,InsertionSort,4,0.007648
RANDOM,280,InsertionSort,5,0.007447
RANDOM,280,LastQuickSort,1,0.012982
RANDOM,280,LastQuickSort,2,0.008151
RANDOM,280,LastQuickSort,3,0.007045
RANDOM,280,LastQuickSort,4,0.006340
RANDOM,280,LastQuickSort,5,0.012881
RANDOM,290,InsertionSort,1,0.013284
RANDOM,290,InsertionSort,2,0.010667
RANDOM,290,InsertionSort,3,0.010567
RANDOM,290,InsertionSort,4,0.010365
RANDOM,290,InsertionSort,5,0.009963
RANDOM,290,LastQuickSort,1,0.014189
RANDOM,290,LastQuickSort,2,0.007547
RANDOM,290,LastQuickSort,3,0.004730
RANDOM,290,LastQuickSort,4,0.004629
RANDOM,290,LastQuickSort,5,0.004529
RANDOM,300,InsertionSort,1,0.017510
RANDOM,300,InsertionSort,2,0.009661
RANDOM,300,InsertionSort,3,0.008755
RANDOM,300,InsertionSort,4,0.009560
RANDOM,300,InsertionSort,5,0.009459
RANDOM,300,LastQuickSort,1,0.016403
RANDOM,300,LastQuickSort,2,0.007447
RANDOM,300,LastQuickSort,3,0.004428
RANDOM,300,LastQuickSort,4,0.004126
RANDOM,300,LastQuickSort,5,0.004025
RANDOM,310,InsertionSort,1,0.011774
RANDOM,310,InsertionSort,2,0.009962
RANDOM,310,InsertionSort,3,0.010063
RANDOM,310,InsertionSort,4,0.009157
RANDOM,310,InsertionSort,5,0.008956
RANDOM,310,LastQuickSort,1,0.016303
RANDOM,310,LastQuickSort,2,0.007849
RANDOM,310,LastQuickSort,3,0.004729
RANDOM,310,LastQuickSort,4,0.004226
RANDOM,310,LastQuickSort,5,0.004126
RANDOM,320,InsertionSort,1,0.015497
RANDOM,320,InsertionSort,2,0.013686
RANDOM,320,InsertionSort,3,0.012378
RANDOM,320,InsertionSort,4,0.013384
RANDOM,320,InsertionSort,5,0.013183
RANDOM,320,LastQuickSort,1,0.015799
RANDOM,320,LastQuickSort,2,0.007648
RANDOM,320,LastQuickSort,3,0.005032
RANDOM,320,LastQuickSort,4,0.004629
RANDOM,320,LastQuickSort,5,0.005837
RANDOM,330,InsertionSort,1,0.016504
RANDOM,330,InsertionSort,2,0.016403
RANDOM,330,InsertionSort,3,0.016202
RANDOM,330,InsertionSort,4,0.010767
RANDOM,330,InsertionSort,5,0.010466
RANDOM,330,LastQuickSort,1,0.016604
RANDOM,330,LastQuickSort,2,0.008151
RANDOM,330,LastQuickSort,3,0.005434
RANDOM,330,LastQuickSort,4,0.005334
RANDOM,330,LastQuickSort,5,0.005132
RANDOM,340,InsertionSort,1,0.020327
RANDOM,340,InsertionSort,2,0.012176
RANDOM,340,InsertionSort,3,0.011573
RANDOM,340,InsertionSort,4,0.013585
RANDOM,340,InsertionSort,5,0.010869
RANDOM,340,LastQuickSort,1,0.014995
RANDOM,340,LastQuickSort,2,0.010365
RANDOM,340,LastQuickSort,3,0.007648
RANDOM,340,LastQuickSort,4,0.006239
RANDOM,340,LastQuickSort,5,0.005636
RANDOM,350,InsertionSort,1,0.020227
RANDOM,350,InsertionSort,2,0.012679
RANDOM,350,InsertionSort,3,0.011874
RANDOM,350,InsertionSort,4,0.012680
RANDOM,350,InsertionSort,5,0.012579
RANDOM,350,LastQuickSort,1,0.014189
RANDOM,350,LastQuickSort,2,0.010466
RANDOM,350,LastQuickSort,3,0.006742
RANDOM,350,LastQuickSort,4,0.005937
RANDOM,350,LastQuickSort,5,0.005535
RANDOM,360,InsertionSort,1,0.015799
RANDOM,360,InsertionSort,2,0.016000
RANDOM,360,InsertionSort,3,0.013485
RANDOM,360,InsertionSort,4,0.013183
RANDOM,360,InsertionSort,5,0.012982
RANDOM,360,LastQuickSort,1,0.014491
RANDOM,360,LastQuickSort,2,0.009057
RANDOM,360,LastQuickSort,3,0.006340
RANDOM,360,LastQuickSort,4,0.005635
RANDOM,360,LastQuickSort,5,0.005232
RANDOM,370,InsertionSort,1,0.014793
RANDOM,370,InsertionSort,2,0.013686
RANDOM,370,InsertionSort,3,0.012680
RANDOM,370,InsertionSort,4,0.012377
RANDOM,370,InsertionSort,5,0.012177
RANDOM,370,LastQuickSort,1,0.014994
RANDOM,370,LastQuickSort,2,0.009157
RANDOM,370,LastQuickSort,3,0.006440
RANDOM,370,LastQuickSort,4,0.005434
RANDOM,370,LastQuickSort,5,0.005031
RANDOM,380,InsertionSort,1,0.016101
RANDOM,380,InsertionSort,2,0.014793
RANDOM,380,InsertionSort,3,0.013988
RANDOM,380,InsertionSort,4,0.013686
RANDOM,380,InsertionSort,5,0.013485
RANDOM,380,LastQuickSort,1,0.015397
RANDOM,380,LastQuickSort,2,0.009660
RANDOM,380,LastQuickSort,3,0.006239
RANDOM,380,LastQuickSort,4,0.005434
RANDOM,380,LastQuickSort,5,0.005132
RANDOM,390,InsertionSort,1,0.016202
RANDOM,390,InsertionSort,2,0.014994
RANDOM,390,InsertionSort,3,0.014290
RANDOM,390,InsertionSort,4,0.013485
RANDOM,390,InsertionSort,5,0.013283
RANDOM,390,LastQuickSort,1,0.016302
RANDOM,390,LastQuickSort,2,0.010365
RANDOM,390,LastQuickSort,3,0.006943
RANDOM,390,LastQuickSort,4,0.006038
RANDOM,390,LastQuickSort,5,0.005535
RANDOM,400,InsertionSort,1,0.016403
RANDOM,400,InsertionSort,2,0.015296
RANDOM,400,InsertionSort,3,0.014290
RANDOM,400,InsertionSort,4,0.013887
RANDOM,400,InsertionSort,5,0.013686
RANDOM,400,LastQuickSort,1,0.017209
RANDOM,400,LastQuickSort,2,0.010667
RANDOM,400,LastQuickSort,3,0.007045
RANDOM,400,LastQuickSort,4,0.006038
RANDOM,400,LastQuickSort,5,0.005434
RANDOM,410,InsertionSort,1,0.023145
RANDOM,410,InsertionSort,2,0.130822
RANDOM,410,InsertionSort,3,0.021837
RANDOM,410,InsertionSort,4,0.020831
RANDOM,410,InsertionSort,5,0.021636
RANDOM,410,LastQuickSort,1,0.019925
RANDOM,410,LastQuickSort,2,0.013988
RANDOM,410,LastQuickSort,3,0.011372
RANDOM,410,LastQuickSort,4,0.008655
RANDOM,410,LastQuickSort,5,0.008855
RANDOM,420,InsertionSort,1,0.024454
RANDOM,420,InsertionSort,2,0.021635
RANDOM,420,InsertionSort,3,0.021234
RANDOM,420,InsertionSort,4,0.025661
RANDOM,420,InsertionSort,5,0.020831
RANDOM,420,LastQuickSort,1,0.023045
RANDOM,420,LastQuickSort,2,0.012680
RANDOM,420,LastQuickSort,3,0.008152
RANDOM,420,LastQuickSort,4,0.007144
RANDOM,420,LastQuickSort,5,0.007446
RANDOM,430,InsertionSort,1,0.027070
RANDOM,430,InsertionSort,2,0.018919
RANDOM,430,InsertionSort,3,0.018215
RANDOM,430,InsertionSort,4,0.018114
RANDOM,430,InsertionSort,5,0.017409
RANDOM,430,LastQuickSort,1,0.018516
RANDOM,430,LastQuickSort,2,0.014994
RANDOM,430,LastQuickSort,3,0.008654
RANDOM,430,LastQuickSort,4,0.007044
RANDOM,430,LastQuickSort,5,0.006339
RANDOM,440,InsertionSort,1,0.027875
RANDOM,440,InsertionSort,2,0.029083
RANDOM,440,InsertionSort,3,0.025661
RANDOM,440,InsertionSort,4,0.025561
RANDOM,440,InsertionSort,5,0.026466
RANDOM,440,LastQuickSort,1,0.022944
RANDOM,440,LastQuickSort,2,0.016000
RANDOM,440,LastQuickSort,3,0.011271
RANDOM,440,LastQuickSort,4,0.009560
RANDOM,440,LastQuickSort,5,0.009358
RANDOM,450,InsertionSort,1,0.030592
RANDOM,450,InsertionSort,2,0.030894
RANDOM,450,InsertionSort,3,0.076480
RANDOM,450,InsertionSort,4,0.031397
RANDOM,450,InsertionSort,5,0.029787
RANDOM,450,LastQuickSort,1,0.021938
RANDOM,450,LastQuickSort,2,0.014793
RANDOM,450,LastQuickSort,3,0.011975
RANDOM,450,LastQuickSort,4,0.009862
RANDOM,450,LastQuickSort,5,0.008855
RANDOM,460,InsertionSort,1,0.034517
RANDOM,460,InsertionSort,2,0.034115
RANDOM,460,InsertionSort,3,0.031900
RANDOM,460,InsertionSort,4,0.029586
RANDOM,460,InsertionSort,5,0.030190
RANDOM,460,LastQuickSort,1,0.023347
RANDOM,460,LastQuickSort,2,0.016907
RANDOM,460,LastQuickSort,3,0.011069
RANDOM,460,LastQuickSort,4,0.009057
RANDOM,460,LastQuickSort,5,0.007749
RANDOM,470,InsertionSort,1,0.035020
RANDOM,470,InsertionSort,2,0.034215
RANDOM,470,InsertionSort,3,0.033611
RANDOM,470,InsertionSort,4,0.033309
RANDOM,470,InsertionSort,5,0.033209
RANDOM,470,LastQuickSort,1,0.024655
RANDOM,470,LastQuickSort,2,0.016906
RANDOM,470,LastQuickSort,3,0.012176
RANDOM,470,LastQuickSort,4,0.009258
RANDOM,470,LastQuickSort,5,0.009358
RANDOM,480,InsertionSort,1,0.034215
RANDOM,480,InsertionSort,2,0.037737
RANDOM,480,InsertionSort,3,0.039448
RANDOM,480,InsertionSort,4,0.035523
RANDOM,480,InsertionSort,5,0.036530
RANDOM,480,LastQuickSort,1,0.023146
RANDOM,480,LastQuickSort,2,0.016303
RANDOM,480,LastQuickSort,3,0.011171
RANDOM,480,LastQuickSort,4,0.009862
RANDOM,480,LastQuickSort,5,0.008252
RANDOM,490,InsertionSort,1,0.035724
RANDOM,490,InsertionSort,2,0.034114
RANDOM,490,InsertionSort,3,0.034215
RANDOM,490,InsertionSort,4,0.031900
RANDOM,490,InsertionSort,5,0.033812
RANDOM,490,LastQuickSort,1,0.025662
RANDOM,490,LastQuickSort,2,0.018416
RANDOM,490,LastQuickSort,3,0.013082
RANDOM,490,LastQuickSort,4,0.011372
RANDOM,490,LastQuickSort,5,0.009560
RANDOM,500,InsertionSort,1,0.039749
RANDOM,500,InsertionSort,2,0.033712
RANDOM,500,InsertionSort,3,0.034718
RANDOM,500,InsertionSort,4,0.038341
RANDOM,500,InsertionSort,5,0.038341
RANDOM,500,LastQuickSort,1,0.026667
RANDOM,500,LastQuickSort,2,0.019623
RANDOM,500,LastQuickSort,3,0.013384
RANDOM,500,LastQuickSort,4,0.011673
RANDOM,500,LastQuickSort,5,0.010265
RANDOM,510,InsertionSort,1,0.039347
RANDOM,510,InsertionSort,2,0.039649
RANDOM,510,InsertionSort,3,0.038844
RANDOM,510,InsertionSort,4,0.038441
RANDOM,510,InsertionSort,5,0.037838
RANDOM,510,LastQuickSort,1,0.025561
RANDOM,510,LastQuickSort,2,0.017208
RANDOM,510,LastQuickSort,3,0.011170
RANDOM,510,LastQuickSort,4,0.011069
RANDOM,510,LastQuickSort,5,0.009460
RANDOM,520,InsertionSort,1,0.035120
RANDOM,520,InsertionSort,2,0.025762
RANDOM,520,InsertionSort,3,0.024756
RANDOM,520,InsertionSort,4,0.025661
RANDOM,520,InsertionSort,5,0.024152
RANDOM,520,LastQuickSort,1,0.022944
RANDOM,520,LastQuickSort,2,0.017510
RANDOM,520,LastQuickSort,3,0.010668
RANDOM,520,LastQuickSort,4,0.008654
RANDOM,520,LastQuickSort,5,0.007648
RANDOM,530,InsertionSort,1,0.028378
RANDOM,530,InsertionSort,2,0.026969
RANDOM,530,InsertionSort,3,0.026064
RANDOM,530,InsertionSort,4,0.025560
RANDOM,530,InsertionSort,5,0.025561
RANDOM,530,LastQuickSort,1,0.022441
RANDOM,530,LastQuickSort,2,0.015598
RANDOM,530,LastQuickSort,3,0.023749
RANDOM,530,LastQuickSort,4,0.009761
RANDOM,530,LastQuickSort,5,0.008453
RANDOM,540,InsertionSort,1,0.038643
RANDOM,540,InsertionSort,2,0.037536
RANDOM,540,InsertionSort,3,0.035624
RANDOM,540,InsertionSort,4,0.038743
RANDOM,540,InsertionSort,5,0.026768
RANDOM,540,LastQuickSort,1,0.032202
RANDOM,540,LastQuickSort,2,0.022139
RANDOM,540,LastQuickSort,3,0.015498
RANDOM,540,LastQuickSort,4,0.014289
RANDOM,540,LastQuickSort,5,0.012679
RANDOM,550,InsertionSort,1,0.046593
RANDOM,550,InsertionSort,2,0.096104
RANDOM,550,InsertionSort,3,0.044680
RANDOM,550,InsertionSort,4,0.045687
RANDOM,550,InsertionSort,5,0.044782
RANDOM,550,LastQuickSort,1,0.027574
RANDOM,550,LastQuickSort,2,0.022441
RANDOM,550,LastQuickSort,3,0.020025
RANDOM,550,LastQuickSort,4,0.016102
RANDOM,550,LastQuickSort,5,0.012881
RANDOM,560,InsertionSort,1,0.360263
RANDOM,560,InsertionSort,2,0.041863
RANDOM,560,InsertionSort,3,0.037033
RANDOM,560,InsertionSort,4,0.039347
RANDOM,560,InsertionSort,5,0.038442
RANDOM,560,LastQuickSort,1,0.028579
RANDOM,560,LastQuickSort,2,0.019321
RANDOM,560,LastQuickSort,3,0.012478
RANDOM,560,LastQuickSort,4,0.010768
RANDOM,560,LastQuickSort,5,0.009962
RANDOM,570,InsertionSort,1,0.041461
RANDOM,570,InsertionSort,2,0.040857
RANDOM,570,InsertionSort,3,0.039347
RANDOM,570,InsertionSort,4,0.039649
RANDOM,570,InsertionSort,5,0.036026
RANDOM,570,LastQuickSort,1,0.030391
RANDOM,570,LastQuickSort,2,0.019020
RANDOM,570,LastQuickSort,3,0.011372
RANDOM,570,LastQuickSort,4,0.009862
RANDOM,570,LastQuickSort,5,0.011673
RANDOM,580,InsertionSort,1,0.046392
RANDOM,580,InsertionSort,2,0.033913
RANDOM,580,InsertionSort,3,0.035020
RANDOM,580,InsertionSort,4,0.038542
RANDOM,580,InsertionSort,5,0.029888
RANDOM,580,LastQuickSort,1,0.028077
RANDOM,580,LastQuickSort,2,0.019120
RANDOM,580,LastQuickSort,3,0.013787
RANDOM,580,LastQuickSort,4,0.010265
RANDOM,580,LastQuickSort,5,0.009660
RANDOM,590,InsertionSort,1,0.041762
RANDOM,590,InsertionSort,2,0.039247
RANDOM,590,InsertionSort,3,0.042467
RANDOM,590,InsertionSort,4,0.044882
RANDOM,590,InsertionSort,5,0.041762
RANDOM,590,LastQuickSort,1,0.031397
RANDOM,590,LastQuickSort,2,0.016705
RANDOM,590,LastQuickSort,3,0.010667
RANDOM,590,LastQuickSort,4,0.009258
RANDOM,590,LastQuickSort,5,0.008554
RANDOM,600,InsertionSort,1,0.048404
RANDOM,600,InsertionSort,2,0.045687
RANDOM,600,InsertionSort,3,0.049712
RANDOM,600,InsertionSort,4,0.033711
RANDOM,600,InsertionSort,5,0.033309
RANDOM,600,LastQuickSort,1,0.028781
RANDOM,600,LastQuickSort,2,0.019322
RANDOM,600,LastQuickSort,3,0.012881
RANDOM,600,LastQuickSort,4,0.010968
RANDOM,600,LastQuickSort,5,0.010466
RANDOM,610,InsertionSort,1,0.046090
RANDOM,610,InsertionSort,2,0.043473
RANDOM,610,InsertionSort,3,0.044077
RANDOM,610,InsertionSort,4,0.040454
RANDOM,610,InsertionSort,5,0.043977
RANDOM,610,LastQuickSort,1,0.030794
RANDOM,610,LastQuickSort,2,0.020630
RANDOM,610,LastQuickSort,3,0.016001
RANDOM,610,LastQuickSort,4,0.013887
RANDOM,610,LastQuickSort,5,0.011170
RANDOM,620,InsertionSort,1,0.051222
RANDOM,620,InsertionSort,2,0.048102
RANDOM,620,InsertionSort,3,0.050819
RANDOM,620,InsertionSort,4,0.048807
RANDOM,620,InsertionSort,5,0.046593
RANDOM,620,LastQuickSort,1,0.030994
RANDOM,620,LastQuickSort,2,0.021535
RANDOM,620,LastQuickSort,3,0.016604
RANDOM,620,LastQuickSort,4,0.014390
RANDOM,620,LastQuickSort,5,0.011371
RANDOM,630,InsertionSort,1,0.040958
RANDOM,630,InsertionSort,2,0.037234
RANDOM,630,InsertionSort,3,0.036127
RANDOM,630,InsertionSort,4,0.035724
RANDOM,630,InsertionSort,5,0.036429
RANDOM,630,LastQuickSort,1,0.030291
RANDOM,630,LastQuickSort,2,0.022441
RANDOM,630,LastQuickSort,3,0.016001
RANDOM,630,LastQuickSort,4,0.013183
RANDOM,630,LastQuickSort,5,0.011271
RANDOM,640,InsertionSort,1,0.060580
RANDOM,640,InsertionSort,2,0.043473
RANDOM,640,InsertionSort,3,0.036831
RANDOM,640,InsertionSort,4,0.036127
RANDOM,640,InsertionSort,5,0.038643
RANDOM,640,LastQuickSort,1,0.030693
RANDOM,640,LastQuickSort,2,0.021635
RANDOM,640,LastQuickSort,3,0.016907
RANDOM,640,LastQuickSort,4,0.015296
RANDOM,640,LastQuickSort,5,0.012881
RANDOM,650,InsertionSort,1,0.064808
RANDOM,650,InsertionSort,2,0.060581
RANDOM,650,InsertionSort,3,0.057059
RANDOM,650,InsertionSort,4,0.058366
RANDOM,650,InsertionSort,5,0.058669
RANDOM,650,LastQuickSort,1,0.036932
RANDOM,650,LastQuickSort,2,0.032101
RANDOM,650,LastQuickSort,3,0.023448
RANDOM,650,LastQuickSort,4,0.020629
RANDOM,650,LastQuickSort,5,0.017007
RANDOM,660,InsertionSort,1,0.058568
RANDOM,660,InsertionSort,2,0.064103
RANDOM,660,InsertionSort,3,0.052530
RANDOM,660,InsertionSort,4,0.048203
RANDOM,660,InsertionSort,5,0.039548
RANDOM,660,LastQuickSort,1,0.031900
RANDOM,660,LastQuickSort,2,0.022240
RANDOM,660,LastQuickSort,3,0.016504
RANDOM,660,LastQuickSort,4,0.015095
RANDOM,660,LastQuickSort,5,0.011673
RANDOM,670,InsertionSort,1,0.041260
RANDOM,670,InsertionSort,2,0.040152
RANDOM,670,InsertionSort,3,0.039045
RANDOM,670,InsertionSort,4,0.038442
RANDOM,670,InsertionSort,5,0.087953
RANDOM,670,LastQuickSort,1,0.028680
RANDOM,670,LastQuickSort,2,0.021032
RANDOM,670,LastQuickSort,3,0.015900
RANDOM,670,LastQuickSort,4,0.013183
RANDOM,670,LastQuickSort,5,0.011271
RANDOM,680,InsertionSort,1,0.063097
RANDOM,680,InsertionSort,2,0.042164
RANDOM,680,InsertionSort,3,0.041260
RANDOM,680,InsertionSort,4,0.040555
RANDOM,680,InsertionSort,5,0.040354
RANDOM,680,LastQuickSort,1,0.032907
RANDOM,680,LastQuickSort,2,0.026265
RANDOM,680,LastQuickSort,3,0.019825
RANDOM,680,LastQuickSort,4,0.016201
RANDOM,680,LastQuickSort,5,0.014894
RANDOM,690,InsertionSort,1,0.059775
RANDOM,690,InsertionSort,2,0.045285
RANDOM,690,InsertionSort,3,0.044178
RANDOM,690,InsertionSort,4,0.043574
RANDOM,690,InsertionSort,5,0.055448
RANDOM,690,LastQuickSort,1,0.035624
RANDOM,690,LastQuickSort,2,0.024252
RANDOM,690,LastQuickSort,3,0.018315
RANDOM,690,LastQuickSort,4,0.016303
RANDOM,690,LastQuickSort,5,0.015900
RANDOM,700,InsertionSort,1,0.065511
RANDOM,700,InsertionSort,2,0.046190
RANDOM,700,InsertionSort,3,0.052731
RANDOM,700,InsertionSort,4,0.056757
RANDOM,700,InsertionSort,5,0.054845
RANDOM,700,LastQuickSort,1,0.035422
RANDOM,700,LastQuickSort,2,0.028277
RANDOM,700,LastQuickSort,3,0.021736
RANDOM,700,LastQuickSort,4,0.016202
RANDOM,700,LastQuickSort,5,0.012982
RANDOM,710,InsertionSort,1,0.062795
RANDOM,710,InsertionSort,2,0.045888
RANDOM,710,InsertionSort,3,0.044882
RANDOM,710,InsertionSort,4,0.044177
RANDOM,710,InsertionSort,5,0.043976
RANDOM,710,LastQuickSort,1,0.035020
RANDOM,710,LastQuickSort,2,0.025661
RANDOM,710,LastQuickSort,3,0.023447
RANDOM,710,LastQuickSort,4,0.015699
RANDOM,710,LastQuickSort,5,0.013485
RANDOM,720,InsertionSort,1,0.065512
RANDOM,720,InsertionSort,2,0.064707
RANDOM,720,InsertionSort,3,0.046592
RANDOM,720,InsertionSort,4,0.046291
RANDOM,720,InsertionSort,5,0.058467
RANDOM,720,LastQuickSort,1,0.033410
RANDOM,720,LastQuickSort,2,0.023044
RANDOM,720,LastQuickSort,3,0.017308
RANDOM,720,LastQuickSort,4,0.014693
RANDOM,720,LastQuickSort,5,0.012680
RANDOM,730,InsertionSort,1,0.050718
RANDOM,730,InsertionSort,2,0.056656
RANDOM,730,InsertionSort,3,0.048505
RANDOM,730,InsertionSort,4,0.047901
RANDOM,730,InsertionSort,5,0.069335
RANDOM,730,LastQuickSort,1,0.031498
RANDOM,730,LastQuickSort,2,0.024454
RANDOM,730,LastQuickSort,3,0.019120
RANDOM,730,LastQuickSort,4,0.019824
RANDOM,730,LastQuickSort,5,0.018013
RANDOM,740,InsertionSort,1,0.067826
RANDOM,740,InsertionSort,2,0.068531
RANDOM,740,InsertionSort,3,0.049712
RANDOM,740,InsertionSort,4,0.048807
RANDOM,740,InsertionSort,5,0.048404
RANDOM,740,LastQuickSort,1,0.034919
RANDOM,740,LastQuickSort,2,0.027272
RANDOM,740,LastQuickSort,3,0.021435
RANDOM,740,LastQuickSort,4,0.018215
RANDOM,740,LastQuickSort,5,0.016604
RANDOM,750,InsertionSort,1,0.090971
RANDOM,750,InsertionSort,2,0.053436
RANDOM,750,InsertionSort,3,0.052832
RANDOM,750,InsertionSort,4,0.051725
RANDOM,750,InsertionSort,5,0.051523
RANDOM,750,LastQuickSort,1,0.035523
RANDOM,750,LastQuickSort,2,0.028982
RANDOM,750,LastQuickSort,3,0.024453
RANDOM,750,LastQuickSort,4,0.019724
RANDOM,750,LastQuickSort,5,0.015095
RANDOM,760,InsertionSort,1,0.069940
RANDOM,760,InsertionSort,2,0.054442
RANDOM,760,InsertionSort,3,0.053537
RANDOM,760,InsertionSort,4,0.052933
RANDOM,760,InsertionSort,5,0.052732
RANDOM,760,LastQuickSort,1,0.032504
RANDOM,760,LastQuickSort,2,0.025158
RANDOM,760,LastQuickSort,3,0.019422
RANDOM,760,LastQuickSort,4,0.016303
RANDOM,760,LastQuickSort,5,0.014189
RANDOM,770,InsertionSort,1,0.072657
RANDOM,770,InsertionSort,2,0.053637
RANDOM,770,InsertionSort,3,0.052328
RANDOM,770,InsertionSort,4,0.051624
RANDOM,770,InsertionSort,5,0.051322
RANDOM,770,LastQuickSort,1,0.037838
RANDOM,770,LastQuickSort,2,0.029887
RANDOM,770,LastQuickSort,3,0.023649
RANDOM,770,LastQuickSort,4,0.020529
RANDOM,770,LastQuickSort,5,0.017812
RANDOM,780,InsertionSort,1,0.077184
RANDOM,780,InsertionSort,2,0.072455
RANDOM,780,InsertionSort,3,0.085839
RANDOM,780,InsertionSort,4,0.074870
RANDOM,780,InsertionSort,5,0.076078
RANDOM,780,LastQuickSort,1,0.044983
RANDOM,780,LastQuickSort,2,0.032303
RANDOM,780,LastQuickSort,3,0.024453
RANDOM,780,LastQuickSort,4,0.040857
RANDOM,780,LastQuickSort,5,0.018416
RANDOM,790,InsertionSort,1,0.081512
RANDOM,790,InsertionSort,2,0.073260
RANDOM,790,InsertionSort,3,0.074267
RANDOM,790,InsertionSort,4,0.075574
RANDOM,790,InsertionSort,5,0.071147
RANDOM,790,LastQuickSort,1,0.038844
RANDOM,790,LastQuickSort,2,0.029787
RANDOM,790,LastQuickSort,3,0.025661
RANDOM,790,LastQuickSort,4,0.022038
RANDOM,790,LastQuickSort,5,0.019724
RANDOM,800,InsertionSort,1,0.079701
RANDOM,800,InsertionSort,2,0.058065
RANDOM,800,InsertionSort,3,0.057159
RANDOM,800,InsertionSort,4,0.057058
RANDOM,800,InsertionSort,5,0.057662
RANDOM,800,LastQuickSort,1,0.034718
RANDOM,800,LastQuickSort,2,0.027775
RANDOM,800,LastQuickSort,3,0.022039
RANDOM,800,LastQuickSort,4,0.018214
RANDOM,800,LastQuickSort,5,0.015598
RANDOM,810,InsertionSort,1,0.062492
RANDOM,810,InsertionSort,2,0.073361
RANDOM,810,InsertionSort,3,0.062291
RANDOM,810,InsertionSort,4,0.060380
RANDOM,810,InsertionSort,5,0.059273
RANDOM,810,LastQuickSort,1,0.040454
RANDOM,810,LastQuickSort,2,0.030995
RANDOM,810,LastQuickSort,3,0.024756
RANDOM,810,LastQuickSort,4,0.021032
RANDOM,810,LastQuickSort,5,0.018617
RANDOM,820,InsertionSort,1,0.087550
RANDOM,820,InsertionSort,2,0.061385
RANDOM,820,InsertionSort,3,0.060078
RANDOM,820,InsertionSort,4,0.059675
RANDOM,820,InsertionSort,5,0.059373
RANDOM,820,LastQuickSort,1,0.040756
RANDOM,820,LastQuickSort,2,0.031397
RANDOM,820,LastQuickSort,3,0.024755
RANDOM,820,LastQuickSort,4,0.021837
RANDOM,820,LastQuickSort,5,0.020227
RANDOM,830,InsertionSort,1,0.083223
RANDOM,830,InsertionSort,2,0.061083
RANDOM,830,InsertionSort,3,0.060279
RANDOM,830,InsertionSort,4,0.059575
RANDOM,830,InsertionSort,5,0.059373
RANDOM,830,LastQuickSort,1,0.040353
RANDOM,830,LastQuickSort,2,0.034819
RANDOM,830,LastQuickSort,3,0.024051
RANDOM,830,LastQuickSort,4,0.019824
RANDOM,830,LastQuickSort,5,0.017812
RANDOM,840,InsertionSort,1,0.087550
RANDOM,840,InsertionSort,2,0.066316
RANDOM,840,InsertionSort,3,0.065310
RANDOM,840,InsertionSort,4,0.064606
RANDOM,840,InsertionSort,5,0.064405
RANDOM,840,LastQuickSort,1,0.040958
RANDOM,840,LastQuickSort,2,0.033209
RANDOM,840,LastQuickSort,3,0.027473
RANDOM,840,LastQuickSort,4,0.020630
RANDOM,840,LastQuickSort,5,0.017510
RANDOM,850,InsertionSort,1,0.080104
RANDOM,850,InsertionSort,2,0.065109
RANDOM,850,InsertionSort,3,0.063700
RANDOM,850,InsertionSort,4,0.063197
RANDOM,850,InsertionSort,5,0.063902
RANDOM,850,LastQuickSort,1,0.043775
RANDOM,850,LastQuickSort,2,0.030894
RANDOM,850,LastQuickSort,3,0.024755
RANDOM,850,LastQuickSort,4,0.021334
RANDOM,850,LastQuickSort,5,0.018617
RANDOM,860,InsertionSort,1,0.086040
RANDOM,860,InsertionSort,2,0.089462
RANDOM,860,InsertionSort,3,0.066014
RANDOM,860,InsertionSort,4,0.065310
RANDOM,860,InsertionSort,5,0.064908
RANDOM,860,LastQuickSort,1,0.041863
RANDOM,860,LastQuickSort,2,0.035624
RANDOM,860,LastQuickSort,3,0.025058
RANDOM,860,LastQuickSort,4,0.021535
RANDOM,860,LastQuickSort,5,0.018416
RANDOM,870,InsertionSort,1,0.082820
RANDOM,870,InsertionSort,2,0.067524
RANDOM,870,InsertionSort,3,0.066921
RANDOM,870,InsertionSort,4,0.066216
RANDOM,870,InsertionSort,5,0.065814
RANDOM,870,LastQuickSort,1,0.038643
RANDOM,870,LastQuickSort,2,0.035926
RANDOM,870,LastQuickSort,3,0.028982
RANDOM,870,LastQuickSort,4,0.025862
RANDOM,870,LastQuickSort,5,0.019120
RANDOM,880,InsertionSort,1,0.070342
RANDOM,880,InsertionSort,2,0.068631
RANDOM,880,InsertionSort,3,0.076983
RANDOM,880,InsertionSort,4,0.067222
RANDOM,880,InsertionSort,5,0.066920
RANDOM,880,LastQuickSort,1,0.037133
RANDOM,880,LastQuickSort,2,0.030391
RANDOM,880,LastQuickSort,3,0.024957
RANDOM,880,LastQuickSort,4,0.022240
RANDOM,880,LastQuickSort,5,0.019724
RANDOM,890,InsertionSort,1,0.071650
RANDOM,890,InsertionSort,2,0.070946
RANDOM,890,InsertionSort,3,0.069939
RANDOM,890,InsertionSort,4,0.069436
RANDOM,890,InsertionSort,5,0.069235
RANDOM,890,LastQuickSort,1,0.038442
RANDOM,890,LastQuickSort,2,0.032504
RANDOM,890,LastQuickSort,3,0.026969
RANDOM,890,LastQuickSort,4,0.023649
RANDOM,890,LastQuickSort,5,0.020428
RANDOM,900,InsertionSort,1,0.123475
RANDOM,900,InsertionSort,2,0.077990
RANDOM,900,InsertionSort,3,0.083726
RANDOM,900,InsertionSort,4,0.084833
RANDOM,900,InsertionSort,5,0.104959
RANDOM,900,LastQuickSort,1,0.047901
RANDOM,900,LastQuickSort,2,0.034818
RANDOM,900,LastQuickSort,3,0.027472
RANDOM,900,LastQuickSort,4,0.021536
RANDOM,900,LastQuickSort,5,0.019321
RANDOM,910,InsertionSort,1,0.106369
RANDOM,910,InsertionSort,2,0.133137
RANDOM,910,InsertionSort,3,0.123677
RANDOM,910,InsertionSort,4,0.130922
RANDOM,910,InsertionSort,5,0.134243
RANDOM,910,LastQuickSort,1,0.050316
RANDOM,910,LastQuickSort,2,0.042769
RANDOM,910,LastQuickSort,3,0.033812
RANDOM,910,LastQuickSort,4,0.028982
RANDOM,910,LastQuickSort,5,0.024655
RANDOM,920,InsertionSort,1,0.109186
RANDOM,920,InsertionSort,2,0.117840
RANDOM,920,InsertionSort,3,0.120054
RANDOM,920,InsertionSort,4,0.127199
RANDOM,920,InsertionSort,5,0.141892
RANDOM,920,LastQuickSort,1,0.049209
RANDOM,920,LastQuickSort,2,0.042768
RANDOM,920,LastQuickSort,3,0.036228
RANDOM,920,LastQuickSort,4,0.033712
RANDOM,920,LastQuickSort,5,0.029988
RANDOM,930,InsertionSort,1,0.124985
RANDOM,930,InsertionSort,2,0.125086
RANDOM,930,InsertionSort,3,0.174597
RANDOM,930,InsertionSort,4,0.129413
RANDOM,930,InsertionSort,5,0.129212
RANDOM,930,LastQuickSort,1,0.052229
RANDOM,930,LastQuickSort,2,0.045184
RANDOM,930,LastQuickSort,3,0.038743
RANDOM,930,LastQuickSort,4,0.032605
RANDOM,930,LastQuickSort,5,0.072556
RANDOM,940,InsertionSort,1,0.145111
RANDOM,940,InsertionSort,2,0.133337
RANDOM,940,InsertionSort,3,0.131627
RANDOM,940,InsertionSort,4,0.127199
RANDOM,940,InsertionSort,5,0.128205
RANDOM,940,LastQuickSort,1,0.161918
RANDOM,940,LastQuickSort,2,0.060480
RANDOM,940,LastQuickSort,3,0.036429
RANDOM,940,LastQuickSort,4,0.033007
RANDOM,940,LastQuickSort,5,0.025661
RANDOM,950,InsertionSort,1,0.132633
RANDOM,950,InsertionSort,2,0.141791
RANDOM,950,InsertionSort,3,0.112205
RANDOM,950,InsertionSort,4,0.109991
RANDOM,950,InsertionSort,5,0.102041
RANDOM,950,LastQuickSort,1,0.049108
RANDOM,950,LastQuickSort,2,0.036731
RANDOM,950,LastQuickSort,3,0.029686
RANDOM,950,LastQuickSort,4,0.025359
RANDOM,950,LastQuickSort,5,0.022340
RANDOM,960,InsertionSort,1,0.099626
RANDOM,960,InsertionSort,2,0.083826
RANDOM,960,InsertionSort,3,0.110494
RANDOM,960,InsertionSort,4,0.082820
RANDOM,960,InsertionSort,5,0.081914
RANDOM,960,LastQuickSort,1,0.050114
RANDOM,960,LastQuickSort,2,0.041360
RANDOM,960,LastQuickSort,3,0.032404
RANDOM,960,LastQuickSort,4,0.027673
RANDOM,960,LastQuickSort,5,0.024051
RANDOM,970,InsertionSort,1,0.105262
RANDOM,970,InsertionSort,2,0.111400
RANDOM,970,InsertionSort,3,0.081613
RANDOM,970,InsertionSort,4,0.081412
RANDOM,970,InsertionSort,5,0.089865
RANDOM,970,LastQuickSort,1,0.049210
RANDOM,970,LastQuickSort,2,0.036630
RANDOM,970,LastQuickSort,3,0.030692
RANDOM,970,LastQuickSort,4,0.027271
RANDOM,970,LastQuickSort,5,0.024353
RANDOM,980,InsertionSort,1,0.095499
RANDOM,980,InsertionSort,2,0.086745
RANDOM,980,InsertionSort,3,0.099123
RANDOM,980,InsertionSort,4,0.088758
RANDOM,980,InsertionSort,5,0.084733
RANDOM,980,LastQuickSort,1,0.042970
RANDOM,980,LastQuickSort,2,0.036731
RANDOM,980,LastQuickSort,3,0.031196
RANDOM,980,LastQuickSort,4,0.027674
RANDOM,980,LastQuickSort,5,0.024856
RANDOM,990,InsertionSort,1,0.109790
RANDOM,990,InsertionSort,2,0.088858
RANDOM,990,InsertionSort,3,0.090569
RANDOM,990,InsertionSort,4,0.090469
RANDOM,990,InsertionSort,5,0.086846
RANDOM,990,LastQuickSort,1,0.045486
RANDOM,990,LastQuickSort,2,0.037636
RANDOM,990,LastQuickSort,3,0.032202
RANDOM,990,LastQuickSort,4,0.029284
RANDOM,990,LastQuickSort,5,0.026366
RANDOM,1000,InsertionSort,1,0.136055
RANDOM,1000,InsertionSort,2,0.089663
RANDOM,1000,InsertionSort,3,0.113412
RANDOM,1000,InsertionSort,4,0.118142
RANDOM,1000,InsertionSort,5,0.102746
RANDOM,1000,LastQuickSort,1,0.050920
RANDOM,1000,LastQuickSort,2,0.041662
RANDOM,1000,LastQuickSort,3,0.036127
RANDOM,1000,LastQuickSort,4,0.032404
RANDOM,1000,LastQuickSort,5,0.030693
RANDOM,10000,LastQuickSort,1,0.573805
RANDOM,10000,LastQuickSort,2,0.643040
RANDOM,10000,LastQuickSort,3,0.612951
RANDOM,10000,LastQuickSort,4,0.614762
RANDOM,10000,LastQuickSort,5,0.834442
RANDOM,10000,TwoPointerQuickSort,1,3.809836
RANDOM,10000,TwoPointerQuickSort,2,1.500528
RANDOM,10000,TwoPointerQuickSort,3,1.722622
RANDOM,10000,TwoPointerQuickSort,4,1.640305
RANDOM,10000,TwoPointerQuickSort,5,0.654512
RANDOM,20000,LastQuickSort,1,1.470237
RANDOM,20000,LastQuickSort,2,1.411971
RANDOM,20000,LastQuickSort,3,1.365579
RANDOM,20000,LastQuickSort,4,1.483420
RANDOM,20000,LastQuickSort,5,1.371316
RANDOM,20000,TwoPointerQuickSort,1,1.500527
RANDOM,20000,TwoPointerQuickSort,2,1.380070
RANDOM,20000,TwoPointerQuickSort,3,1.383190
RANDOM,20000,TwoPointerQuickSort,4,1.505357
RANDOM,20000,TwoPointerQuickSort,5,1.402512
RANDOM,30000,LastQuickSort,1,2.287370
RANDOM,30000,LastQuickSort,2,2.325108
RANDOM,30000,LastQuickSort,3,2.258791
RANDOM,30000,LastQuickSort,4,2.252351
RANDOM,30000,LastQuickSort,5,2.226589
RANDOM,30000,TwoPointerQuickSort,1,2.265131
RANDOM,30000,TwoPointerQuickSort,2,2.349562
RANDOM,30000,TwoPointerQuickSort,3,2.194688
RANDOM,30000,TwoPointerQuickSort,4,1.969171
RANDOM,30000,TwoPointerQuickSort,5,1.860187
RANDOM,40000,LastQuickSort,1,2.565116
RANDOM,40000,LastQuickSort,2,3.402677
RANDOM,40000,LastQuickSort,3,3.197992
RANDOM,40000,LastQuickSort,4,3.318448
RANDOM,40000,LastQuickSort,5,2.716265
RANDOM,40000,TwoPointerQuickSort,1,2.565921
RANDOM,40000,TwoPointerQuickSort,2,2.613922
RANDOM,40000,TwoPointerQuickSort,3,2.526272
RANDOM,40000,TwoPointerQuickSort,4,2.583028
RANDOM,40000,TwoPointerQuickSort,5,2.714353
RANDOM,50000,LastQuickSort,1,3.133587
RANDOM,50000,LastQuickSort,2,4.209849
RANDOM,50000,LastQuickSort,3,3.295806
RANDOM,50000,LastQuickSort,4,3.414653
RANDOM,50000,LastQuickSort,5,3.449371
RANDOM,50000,TwoPointerQuickSort,1,3.168507
RANDOM,50000,TwoPointerQuickSort,2,3.178268
RANDOM,50000,TwoPointerQuickSort,3,3.129562
RANDOM,50000,TwoPointerQuickSort,4,3.314222
RANDOM,50000,TwoPointerQuickSort,5,3.216105
RANDOM,60000,LastQuickSort,1,3.771193
RANDOM,60000,LastQuickSort,2,4.374382
RANDOM,60000,LastQuickSort,3,4.484676
RANDOM,60000,LastQuickSort,4,3.790816
RANDOM,60000,LastQuickSort,5,3.866693
RANDOM,60000,TwoPointerQuickSort,1,4.026497
RANDOM,60000,TwoPointerQuickSort,2,5.292753
RANDOM,60000,TwoPointerQuickSort,3,3.834893
RANDOM,60000,TwoPointerQuickSort,4,3.842239
RANDOM,60000,TwoPointerQuickSort,5,3.849284
RANDOM,70000,LastQuickSort,1,4.731224
RANDOM,70000,LastQuickSort,2,4.463241
RANDOM,70000,LastQuickSort,3,4.475518
RANDOM,70000,LastQuickSort,4,4.526338
RANDOM,70000,LastQuickSort,5,4.484776
RANDOM,70000,TwoPointerQuickSort,1,4.463946
RANDOM,70000,TwoPointerQuickSort,2,4.459819
RANDOM,70000,TwoPointerQuickSort,3,4.447744
RANDOM,70000,TwoPointerQuickSort,4,4.443920
RANDOM,70000,TwoPointerQuickSort,5,4.464549
RANDOM,80000,LastQuickSort,1,5.161829
RANDOM,80000,LastQuickSort,2,5.088469
RANDOM,80000,LastQuickSort,3,5.110708
RANDOM,80000,LastQuickSort,4,5.210033
RANDOM,80000,LastQuickSort,5,5.072669
RANDOM,80000,TwoPointerQuickSort,1,5.082431
RANDOM,80000,TwoPointerQuickSort,2,5.048116
RANDOM,80000,TwoPointerQuickSort,3,5.052141
RANDOM,80000,TwoPointerQuickSort,4,5.138986
RANDOM,80000,TwoPointerQuickSort,5,5.072368
RANDOM,90000,LastQuickSort,1,5.632386
RANDOM,90000,LastQuickSort,2,5.732716
RANDOM,90000,LastQuickSort,3,5.839286
RANDOM,90000,LastQuickSort,4,5.699910
RANDOM,90000,LastQuickSort,5,5.728792
RANDOM,90000,TwoPointerQuickSort,1,5.650902
RANDOM,90000,TwoPointerQuickSort,2,5.692161
RANDOM,90000,TwoPointerQuickSort,3,5.772265
RANDOM,90000,TwoPointerQuickSort,4,5.660664
RANDOM,90000,TwoPointerQuickSort,5,5.728390
RANDOM,100000,LastQuickSort,1,6.372838
RANDOM,100000,LastQuickSort,2,6.467331
RANDOM,100000,LastQuickSort,3,8.236144
RANDOM,100000,LastQuickSort,4,7.714870
RANDOM,100000,LastQuickSort,5,6.390147
RANDOM,100000,TwoPointerQuickSort,1,6.326950
RANDOM,100000,TwoPointerQuickSort,2,6.403228
RANDOM,100000,TwoPointerQuickSort,3,6.503358
RANDOM,100000,TwoPointerQuickSort,4,7.338505
RANDOM,100000,TwoPointerQuickSort,5,6.327352
RANDOM,110000,LastQuickSort,1,7.255986
RANDOM,110000,LastQuickSort,2,7.174675
RANDOM,110000,LastQuickSort,3,7.339612
RANDOM,110000,LastQuickSort,4,7.109465
RANDOM,110000,LastQuickSort,5,7.028960
RANDOM,110000,TwoPointerQuickSort,1,7.027954
RANDOM,110000,TwoPointerQuickSort,2,7.030469
RANDOM,110000,TwoPointerQuickSort,3,7.380871
RANDOM,110000,TwoPointerQuickSort,4,7.045162
RANDOM,110000,TwoPointerQuickSort,5,7.037715
RANDOM,120000,LastQuickSort,1,7.548725
RANDOM,120000,LastQuickSort,2,7.709435
RANDOM,120000,LastQuickSort,3,7.594815
RANDOM,120000,LastQuickSort,4,7.508775
RANDOM,120000,LastQuickSort,5,7.555166
RANDOM,120000,TwoPointerQuickSort,1,7.566034
RANDOM,120000,TwoPointerQuickSort,2,7.693033
RANDOM,120000,TwoPointerQuickSort,3,7.573279
RANDOM,120000,TwoPointerQuickSort,4,7.586061
RANDOM,120000,TwoPointerQuickSort,5,7.545707
RANDOM,130000,LastQuickSort,1,8.404099
RANDOM,130000,LastQuickSort,2,8.419698
RANDOM,130000,LastQuickSort,3,8.366563
RANDOM,130000,LastQuickSort,4,8.302361
RANDOM,130000,LastQuickSort,5,8.320776
RANDOM,130000,TwoPointerQuickSort,1,8.279215
RANDOM,130000,TwoPointerQuickSort,2,8.689593
RANDOM,130000,TwoPointerQuickSort,3,8.336777
RANDOM,130000,TwoPointerQuickSort,4,9.032548
RANDOM,130000,TwoPointerQuickSort,5,8.380149
RANDOM,140000,LastQuickSort,1,10.356566
RANDOM,140000,LastQuickSort,2,9.623561
RANDOM,140000,LastQuickSort,3,9.587635
RANDOM,140000,LastQuickSort,4,9.221132
RANDOM,140000,LastQuickSort,5,9.311098
RANDOM,140000,TwoPointerQuickSort,1,9.404787
RANDOM,140000,TwoPointerQuickSort,2,9.894060
RANDOM,140000,TwoPointerQuickSort,3,9.219522
RANDOM,140000,TwoPointerQuickSort,4,9.234416
RANDOM,140000,TwoPointerQuickSort,5,9.251524
RANDOM,150000,LastQuickSort,1,9.781251
RANDOM,150000,LastQuickSort,2,10.188007
RANDOM,150000,LastQuickSort,3,9.711413
RANDOM,150000,LastQuickSort,4,9.673723
RANDOM,150000,LastQuickSort,5,9.701255
RANDOM,150000,TwoPointerQuickSort,1,9.960100
RANDOM,150000,TwoPointerQuickSort,2,11.230172
RANDOM,150000,TwoPointerQuickSort,3,9.963723
RANDOM,150000,TwoPointerQuickSort,4,9.585519
RANDOM,150000,TwoPointerQuickSort,5,10.258296
RANDOM,160000,LastQuickSort,1,11.018728
RANDOM,160000,LastQuickSort,2,10.761996
RANDOM,160000,LastQuickSort,3,11.184884
RANDOM,160000,LastQuickSort,4,10.732308
RANDOM,160000,LastQuickSort,5,10.674037
RANDOM,160000,TwoPointerQuickSort,1,14.656950
RANDOM,160000,TwoPointerQuickSort,2,11.437892
RANDOM,160000,TwoPointerQuickSort,3,11.435678
RANDOM,160000,TwoPointerQuickSort,4,10.749618
RANDOM,160000,TwoPointerQuickSort,5,12.123751
RANDOM,170000,LastQuickSort,1,13.870653
RANDOM,170000,LastQuickSort,2,14.350704
RANDOM,170000,LastQuickSort,3,12.372733
RANDOM,170000,LastQuickSort,4,12.428287
RANDOM,170000,LastQuickSort,5,12.438854
RANDOM,170000,TwoPointerQuickSort,1,14.506695
RANDOM,170000,TwoPointerQuickSort,2,13.712045
RANDOM,170000,TwoPointerQuickSort,3,13.746565
RANDOM,170000,TwoPointerQuickSort,4,13.332432
RANDOM,170000,TwoPointerQuickSort,5,17.360029
RANDOM,180000,LastQuickSort,1,16.729824
RANDOM,180000,LastQuickSort,2,14.229131
RANDOM,180000,LastQuickSort,3,14.448928
RANDOM,180000,LastQuickSort,4,12.390949
RANDOM,180000,LastQuickSort,5,11.984969
RANDOM,180000,TwoPointerQuickSort,1,12.727790
RANDOM,180000,TwoPointerQuickSort,2,12.008619
RANDOM,180000,TwoPointerQuickSort,3,11.819316
RANDOM,180000,TwoPointerQuickSort,4,11.807441
RANDOM,180000,TwoPointerQuickSort,5,11.728338
RANDOM,190000,LastQuickSort,1,12.705649
RANDOM,190000,LastQuickSort,2,12.843626
RANDOM,190000,LastQuickSort,3,12.926150
RANDOM,190000,LastQuickSort,4,12.613866
RANDOM,190000,LastQuickSort,5,12.612155
RANDOM,190000,TwoPointerQuickSort,1,12.718330
RANDOM,190000,TwoPointerQuickSort,2,12.762913
RANDOM,190000,TwoPointerQuickSort,3,12.604808
RANDOM,190000,TwoPointerQuickSort,4,12.565056
RANDOM,190000,TwoPointerQuickSort,5,12.818063
RANDOM,200000,LastQuickSort,1,13.378123
RANDOM,200000,LastQuickSort,2,14.176497
RANDOM,200000,LastQuickSort,3,13.246889
RANDOM,200000,LastQuickSort,4,13.244272
RANDOM,200000,LastQuickSort,5,13.285837
RANDOM,200000,TwoPointerQuickSort,1,13.248097
RANDOM,200000,TwoPointerQuickSort,2,13.711039
RANDOM,200000,TwoPointerQuickSort,3,13.246386
RANDOM,200000,TwoPointerQuickSort,4,13.589868
RANDOM,200000,TwoPointerQuickSort,5,13.323073
RANDOM,210000,LastQuickSort,1,14.451142
RANDOM,210000,LastQuickSort,2,14.679997
RANDOM,210000,LastQuickSort,3,14.358856
RANDOM,210000,LastQuickSort,4,14.319808
RANDOM,210000,LastQuickSort,5,14.316185
RANDOM,210000,TwoPointerQuickSort,1,14.512130
RANDOM,210000,TwoPointerQuickSort,2,14.387034
RANDOM,210000,TwoPointerQuickSort,3,14.312260
RANDOM,210000,TwoPointerQuickSort,4,14.306524
RANDOM,210000,TwoPointerQuickSort,5,14.264858
RANDOM,220000,LastQuickSort,1,15.908203
RANDOM,220000,LastQuickSort,2,17.256471
RANDOM,220000,LastQuickSort,3,15.976839
RANDOM,220000,LastQuickSort,4,18.470990
RANDOM,220000,LastQuickSort,5,19.899883
RANDOM,220000,TwoPointerQuickSort,1,16.986034
RANDOM,220000,TwoPointerQuickSort,2,16.885086
RANDOM,220000,TwoPointerQuickSort,3,15.096103
RANDOM,220000,TwoPointerQuickSort,4,15.268710
RANDOM,220000,TwoPointerQuickSort,5,15.088151
RANDOM,230000,LastQuickSort,1,15.900969
RANDOM,230000,LastQuickSort,2,16.357198
RANDOM,230000,LastQuickSort,3,15.771538
RANDOM,230000,LastQuickSort,4,15.479061
RANDOM,230000,LastQuickSort,5,15.381938
RANDOM,230000,TwoPointerQuickSort,1,16.253633
RANDOM,230000,TwoPointerQuickSort,2,15.861617
RANDOM,230000,TwoPointerQuickSort,3,15.528780
RANDOM,230000,TwoPointerQuickSort,4,15.591180
RANDOM,230000,TwoPointerQuickSort,5,15.402871
RANDOM,240000,LastQuickSort,1,18.050869
RANDOM,240000,LastQuickSort,2,16.786554
RANDOM,240000,LastQuickSort,3,16.798530
RANDOM,240000,LastQuickSort,4,18.958495
RANDOM,240000,LastQuickSort,5,17.665294
RANDOM,240000,TwoPointerQuickSort,1,23.300064
RANDOM,240000,TwoPointerQuickSort,2,17.376037
RANDOM,240000,TwoPointerQuickSort,3,16.636490
RANDOM,240000,TwoPointerQuickSort,4,16.387593
RANDOM,240000,TwoPointerQuickSort,5,16.336263
RANDOM,250000,LastQuickSort,1,18.020877
RANDOM,250000,LastQuickSort,2,19.874978
RANDOM,250000,LastQuickSort,3,22.758589
RANDOM,250000,LastQuickSort,4,20.196643
RANDOM,250000,LastQuickSort,5,18.961515
RANDOM,250000,TwoPointerQuickSort,1,17.522779
RANDOM,250000,TwoPointerQuickSort,2,18.213212
RANDOM,250000,TwoPointerQuickSort,3,17.205241
RANDOM,250000,TwoPointerQuickSort,4,17.163171
RANDOM,250000,TwoPointerQuickSort,5,17.168103
RANDOM,260000,LastQuickSort,1,17.692267
RANDOM,260000,LastQuickSort,2,18.283261
RANDOM,260000,LastQuickSort,3,17.555590
RANDOM,260000,LastQuickSort,4,17.532844
RANDOM,260000,LastQuickSort,5,17.522880
RANDOM,260000,TwoPointerQuickSort,1,17.821396
RANDOM,260000,TwoPointerQuickSort,2,17.549551
RANDOM,260000,TwoPointerQuickSort,3,17.572800
RANDOM,260000,TwoPointerQuickSort,4,17.989173
RANDOM,260000,TwoPointerQuickSort,5,17.630572
RANDOM,270000,LastQuickSort,1,19.732162
RANDOM,270000,LastQuickSort,2,19.053807
RANDOM,270000,LastQuickSort,3,19.063268
RANDOM,270000,LastQuickSort,4,18.860868
RANDOM,270000,LastQuickSort,5,18.461606
RANDOM,270000,TwoPointerQuickSort,1,19.959018
RANDOM,270000,TwoPointerQuickSort,2,19.960527
RANDOM,270000,TwoPointerQuickSort,3,19.379800
RANDOM,270000,TwoPointerQuickSort,4,19.046158
RANDOM,270000,TwoPointerQuickSort,5,18.233375
RANDOM,280000,LastQuickSort,1,22.635422
RANDOM,280000,LastQuickSort,2,21.119154
RANDOM,280000,LastQuickSort,3,20.997446
RANDOM,280000,LastQuickSort,4,19.312801
RANDOM,280000,LastQuickSort,5,19.918701
RANDOM,280000,TwoPointerQuickSort,1,22.926974
RANDOM,280000,TwoPointerQuickSort,2,21.113479
RANDOM,280000,TwoPointerQuickSort,3,20.572542
RANDOM,280000,TwoPointerQuickSort,4,19.997949
RANDOM,280000,TwoPointerQuickSort,5,19.688102
RANDOM,290000,LastQuickSort,1,23.027060
RANDOM,290000,LastQuickSort,2,21.935501
RANDOM,290000,LastQuickSort,3,21.190379
RANDOM,290000,LastQuickSort,4,20.028963
RANDOM,290000,LastQuickSort,5,19.934258
RANDOM,290000,TwoPointerQuickSort,1,21.064463
RANDOM,290000,TwoPointerQuickSort,2,22.900950
RANDOM,290000,TwoPointerQuickSort,3,20.928764
RANDOM,290000,TwoPointerQuickSort,4,20.901370
RANDOM,290000,TwoPointerQuickSort,5,19.961554
RANDOM,300000,LastQuickSort,1,24.983494
RANDOM,300000,LastQuickSort,2,21.986474
RANDOM,300000,LastQuickSort,3,21.285084
RANDOM,300000,LastQuickSort,4,20.871237
RANDOM,300000,LastQuickSort,5,21.956535
RANDOM,300000,TwoPointerQuickSort,1,25.917147
RANDOM,300000,TwoPointerQuickSort,2,23.195438
RANDOM,300000,TwoPointerQuickSort,3,23.194459
RANDOM,300000,TwoPointerQuickSort,4,21.458744
RANDOM,300000,TwoPointerQuickSort,5,21.686312
RANDOM,310000,LastQuickSort,1,43.830692
RANDOM,310000,LastQuickSort,2,71.519852
RANDOM,310000,LastQuickSort,3,24.391193
RANDOM,310000,LastQuickSort,4,25.294614
RANDOM,310000,LastQuickSort,5,21.425871
RANDOM,310000,TwoPointerQuickSort,1,21.977081
RANDOM,310000,TwoPointerQuickSort,2,21.577908
RANDOM,310000,TwoPointerQuickSort,3,22.588461
RANDOM,310000,TwoPointerQuickSort,4,22.700874
RANDOM,310000,TwoPointerQuickSort,5,22.112878
RANDOM,320000,LastQuickSort,1,23.058223
RANDOM,320000,LastQuickSort,2,22.361051
RANDOM,320000,LastQuickSort,3,22.444025
RANDOM,320000,LastQuickSort,4,22.326684
RANDOM,320000,LastQuickSort,5,25.048697
RANDOM,320000,TwoPointerQuickSort,1,34.604960
RANDOM,320000,TwoPointerQuickSort,2,27.198049
RANDOM,320000,TwoPointerQuickSort,3,25.091706
RANDOM,320000,TwoPointerQuickSort,4,24.050858
RANDOM,320000,TwoPointerQuickSort,5,25.320595
RANDOM,330000,LastQuickSort,1,26.925367
RANDOM,330000,LastQuickSort,2,23.737426
RANDOM,330000,LastQuickSort,3,27.133536
RANDOM,330000,LastQuickSort,4,24.881082
RANDOM,330000,LastQuickSort,5,23.641098
RANDOM,330000,TwoPointerQuickSort,1,30.159950
RANDOM,330000,TwoPointerQuickSort,2,27.325897
RANDOM,330000,TwoPointerQuickSort,3,27.124404
RANDOM,330000,TwoPointerQuickSort,4,24.766981
RANDOM,330000,TwoPointerQuickSort,5,24.541726
RANDOM,340000,LastQuickSort,1,28.448049
RANDOM,340000,LastQuickSort,2,25.503136
RANDOM,340000,LastQuickSort,3,25.774935
RANDOM,340000,LastQuickSort,4,24.782202
RANDOM,340000,LastQuickSort,5,26.602409
RANDOM,340000,TwoPointerQuickSort,1,28.845044
RANDOM,340000,TwoPointerQuickSort,2,26.675269
RANDOM,340000,TwoPointerQuickSort,3,26.362621
RANDOM,340000,TwoPointerQuickSort,4,25.474856
RANDOM,340000,TwoPointerQuickSort,5,24.519043
RANDOM,350000,LastQuickSort,1,29.455904
RANDOM,350000,LastQuickSort,2,26.308714
RANDOM,350000,LastQuickSort,3,26.546046
RANDOM,350000,LastQuickSort,4,24.993022
RANDOM,350000,LastQuickSort,5,26.031808
RANDOM,350000,TwoPointerQuickSort,1,28.751859
RANDOM,350000,TwoPointerQuickSort,2,25.462091
RANDOM,350000,TwoPointerQuickSort,3,26.675047
RANDOM,350000,TwoPointerQuickSort,4,26.157536
RANDOM,350000,TwoPointerQuickSort,5,25.251089
RANDOM,360000,LastQuickSort,1,32.541576
RANDOM,360000,LastQuickSort,2,26.939571
RANDOM,360000,LastQuickSort,3,26.689761
RANDOM,360000,LastQuickSort,4,26.580026
RANDOM,360000,LastQuickSort,5,27.390233
RANDOM,360000,TwoPointerQuickSort,1,27.388756
RANDOM,360000,TwoPointerQuickSort,2,26.484377
RANDOM,360000,TwoPointerQuickSort,3,26.501418
RANDOM,360000,TwoPointerQuickSort,4,26.452264
RANDOM,360000,TwoPointerQuickSort,5,27.162193
RANDOM,370000,LastQuickSort,1,28.091099
RANDOM,370000,LastQuickSort,2,27.252030
RANDOM,370000,LastQuickSort,3,27.759629
RANDOM,370000,LastQuickSort,4,27.218439
RANDOM,370000,LastQuickSort,5,27.540159
RANDOM,370000,TwoPointerQuickSort,1,31.016712
RANDOM,370000,TwoPointerQuickSort,2,27.535332
RANDOM,370000,TwoPointerQuickSort,3,27.570301
RANDOM,370000,TwoPointerQuickSort,4,28.722126
RANDOM,370000,TwoPointerQuickSort,5,34.653140
RANDOM,380000,LastQuickSort,1,31.667735
RANDOM,380000,LastQuickSort,2,29.121172
RANDOM,380000,LastQuickSort,3,29.946056
RANDOM,380000,LastQuickSort,4,28.213049
RANDOM,380000,LastQuickSort,5,28.818956
RANDOM,380000,TwoPointerQuickSort,1,29.037836
RANDOM,380000,TwoPointerQuickSort,2,28.293430
RANDOM,380000,TwoPointerQuickSort,3,29.021090
RANDOM,380000,TwoPointerQuickSort,4,27.996830
RANDOM,380000,TwoPointerQuickSort,5,27.887883
RANDOM,390000,LastQuickSort,1,30.332789
RANDOM,390000,LastQuickSort,2,31.351306
RANDOM,390000,LastQuickSort,3,30.625640
RANDOM,390000,LastQuickSort,4,29.968069
RANDOM,390000,LastQuickSort,5,30.195557
RANDOM,390000,TwoPointerQuickSort,1,32.289665
RANDOM,390000,TwoPointerQuickSort,2,33.099255
RANDOM,390000,TwoPointerQuickSort,3,33.367143
RANDOM,390000,TwoPointerQuickSort,4,34.045160
RANDOM,390000,TwoPointerQuickSort,5,33.909932
RANDOM,400000,LastQuickSort,1,34.377155
RANDOM,400000,LastQuickSort,2,32.887770
RANDOM,400000,LastQuickSort,3,31.439971
RANDOM,400000,LastQuickSort,4,32.807759
RANDOM,400000,LastQuickSort,5,31.080021
RANDOM,400000,TwoPointerQuickSort,1,31.867683
RANDOM,400000,TwoPointerQuickSort,2,31.163884
RANDOM,400000,TwoPointerQuickSort,3,31.069551
RANDOM,400000,TwoPointerQuickSort,4,30.816579
RANDOM,400000,TwoPointerQuickSort,5,29.812836
RANDOM,410000,LastQuickSort,1,31.832830
RANDOM,410000,LastQuickSort,2,30.790429
RANDOM,410000,LastQuickSort,3,30.614110
RANDOM,410000,LastQuickSort,4,30.928223
RANDOM,410000,LastQuickSort,5,30.767314
RANDOM,410000,TwoPointerQuickSort,1,31.570970
RANDOM,410000,TwoPointerQuickSort,2,31.250239
RANDOM,410000,TwoPointerQuickSort,3,32.176183
RANDOM,410000,TwoPointerQuickSort,4,32.045598
RANDOM,410000,TwoPointerQuickSort,5,38.272354
RANDOM,420000,LastQuickSort,1,40.307078
RANDOM,420000,LastQuickSort,2,35.956112
RANDOM,420000,LastQuickSort,3,35.288923
RANDOM,420000,LastQuickSort,4,36.502474
RANDOM,420000,LastQuickSort,5,32.386342
RANDOM,420000,TwoPointerQuickSort,1,38.370427
RANDOM,420000,TwoPointerQuickSort,2,34.465598
RANDOM,420000,TwoPointerQuickSort,3,32.652796
RANDOM,420000,TwoPointerQuickSort,4,34.372818
RANDOM,420000,TwoPointerQuickSort,5,33.512164
RANDOM,430000,LastQuickSort,1,43.431081
RANDOM,430000,LastQuickSort,2,34.111612
RANDOM,430000,LastQuickSort,3,33.267097
RANDOM,430000,LastQuickSort,4,33.414138
RANDOM,430000,LastQuickSort,5,33.410969
RANDOM,430000,TwoPointerQuickSort,1,33.760696
RANDOM,430000,TwoPointerQuickSort,2,33.991406
RANDOM,430000,TwoPointerQuickSort,3,34.393216
RANDOM,430000,TwoPointerQuickSort,4,33.974276
RANDOM,430000,TwoPointerQuickSort,5,34.391830
RANDOM,440000,LastQuickSort,1,39.005620
RANDOM,440000,LastQuickSort,2,35.366750
RANDOM,440000,LastQuickSort,3,34.976425
RANDOM,440000,LastQuickSort,4,35.048609
RANDOM,440000,LastQuickSort,5,35.809454
RANDOM,440000,TwoPointerQuickSort,1,38.087239
RANDOM,440000,TwoPointerQuickSort,2,35.103464
RANDOM,440000,TwoPointerQuickSort,3,35.393682
RANDOM,440000,TwoPointerQuickSort,4,34.233664
RANDOM,440000,TwoPointerQuickSort,5,34.169685
RANDOM,450000,LastQuickSort,1,36.124438
RANDOM,450000,LastQuickSort,2,34.817829
RANDOM,450000,LastQuickSort,3,34.853055
RANDOM,450000,LastQuickSort,4,35.538112
RANDOM,450000,LastQuickSort,5,34.716718
RANDOM,450000,TwoPointerQuickSort,1,38.889373
RANDOM,450000,TwoPointerQuickSort,2,38.911004
RANDOM,450000,TwoPointerQuickSort,3,36.009534
RANDOM,450000,TwoPointerQuickSort,4,37.479668
RANDOM,450000,TwoPointerQuickSort,5,34.837277
RANDOM,460000,LastQuickSort,1,42.001399
RANDOM,460000,LastQuickSort,2,37.191416
RANDOM,460000,LastQuickSort,3,39.514993
RANDOM,460000,LastQuickSort,4,38.018763
RANDOM,460000,LastQuickSort,5,36.467562
RANDOM,460000,TwoPointerQuickSort,1,39.145971
RANDOM,460000,TwoPointerQuickSort,2,38.569964
RANDOM,460000,TwoPointerQuickSort,3,37.821898
RANDOM,460000,TwoPointerQuickSort,4,37.419636
RANDOM,460000,TwoPointerQuickSort,5,37.502192
RANDOM,470000,LastQuickSort,1,39.600427
RANDOM,470000,LastQuickSort,2,40.951389
RANDOM,470000,LastQuickSort,3,40.202133
RANDOM,470000,LastQuickSort,4,38.454961
RANDOM,470000,LastQuickSort,5,40.524996
RANDOM,470000,TwoPointerQuickSort,1,42.954073
RANDOM,470000,TwoPointerQuickSort,2,39.689678
RANDOM,470000,TwoPointerQuickSort,3,37.819096
RANDOM,470000,TwoPointerQuickSort,4,38.273993
RANDOM,470000,TwoPointerQuickSort,5,37.579024
RANDOM,480000,LastQuickSort,1,43.742487
RANDOM,480000,LastQuickSort,2,45.682455
RANDOM,480000,LastQuickSort,3,41.831844
RANDOM,480000,LastQuickSort,4,38.810006
RANDOM,480000,LastQuickSort,5,38.764775
RANDOM,480000,TwoPointerQuickSort,1,41.894472
RANDOM,480000,TwoPointerQuickSort,2,38.742408
RANDOM,480000,TwoPointerQuickSort,3,38.796487
RANDOM,480000,TwoPointerQuickSort,4,39.039940
RANDOM,480000,TwoPointerQuickSort,5,38.492394
RANDOM,490000,LastQuickSort,1,40.609013
RANDOM,490000,LastQuickSort,2,39.391748
RANDOM,490000,LastQuickSort,3,39.278820
RANDOM,490000,LastQuickSort,4,40.400055
RANDOM,490000,LastQuickSort,5,41.039454
RANDOM,490000,TwoPointerQuickSort,1,43.786922
RANDOM,490000,TwoPointerQuickSort,2,42.664992
RANDOM,490000,TwoPointerQuickSort,3,40.320826
RANDOM,490000,TwoPointerQuickSort,4,39.547487
RANDOM,490000,TwoPointerQuickSort,5,40.778287
RANDOM,500000,LastQuickSort,1,45.402084
RANDOM,500000,LastQuickSort,2,43.832475
RANDOM,500000,LastQuickSort,3,40.607027
RANDOM,500000,LastQuickSort,4,43.800513
RANDOM,500000,LastQuickSort,5,42.762702
RANDOM,500000,TwoPointerQuickSort,1,44.049535
RANDOM,500000,TwoPointerQuickSort,2,42.940832
RANDOM,500000,TwoPointerQuickSort,3,40.595278
RANDOM,500000,TwoPointerQuickSort,4,40.907030
RANDOM,500000,TwoPointerQuickSort,5,40.536433
RANDOM,510000,LastQuickSort,1,43.073259
RANDOM,510000,LastQuickSort,2,42.621812
RANDOM,510000,LastQuickSort,3,43.384015
RANDOM,510000,LastQuickSort,4,43.866826
RANDOM,510000,LastQuickSort,5,42.553607
RANDOM,510000,TwoPointerQuickSort,1,46.066210
RANDOM,510000,TwoPointerQuickSort,2,45.583599
RANDOM,510000,TwoPointerQuickSort,3,41.983075
RANDOM,510000,TwoPointerQuickSort,4,42.453440
RANDOM,510000,TwoPointerQuickSort,5,43.961018
RANDOM,520000,LastQuickSort,1,48.128799
RANDOM,520000,LastQuickSort,2,44.610377
RANDOM,520000,LastQuickSort,3,43.319739
RANDOM,520000,LastQuickSort,4,43.532020
RANDOM,520000,LastQuickSort,5,42.343784
RANDOM,520000,TwoPointerQuickSort,1,50.931353
RANDOM,520000,TwoPointerQuickSort,2,49.287744
RANDOM,520000,TwoPointerQuickSort,3,47.758601
RANDOM,520000,TwoPointerQuickSort,4,49.807928
RANDOM,520000,TwoPointerQuickSort,5,46.276521
RANDOM,530000,LastQuickSort,1,47.777645
RANDOM,530000,LastQuickSort,2,44.622940
RANDOM,530000,LastQuickSort,3,45.511650
RANDOM,530000,LastQuickSort,4,44.332686
RANDOM,530000,LastQuickSort,5,43.623254
RANDOM,530000,TwoPointerQuickSort,1,46.909176
RANDOM,530000,TwoPointerQuickSort,2,46.118980
RANDOM,530000,TwoPointerQuickSort,3,44.032262
RANDOM,530000,TwoPointerQuickSort,4,45.058072
RANDOM,530000,TwoPointerQuickSort,5,44.154306
RANDOM,540000,LastQuickSort,1,57.706806
RANDOM,540000,LastQuickSort,2,45.386287
RANDOM,540000,LastQuickSort,3,48.481116
RANDOM,540000,LastQuickSort,4,45.547052
RANDOM,540000,LastQuickSort,5,48.080390
RANDOM,540000,TwoPointerQuickSort,1,60.387579
RANDOM,540000,TwoPointerQuickSort,2,47.232717
RANDOM,540000,TwoPointerQuickSort,3,45.939493
RANDOM,540000,TwoPointerQuickSort,4,48.013901
RANDOM,540000,TwoPointerQuickSort,5,45.474475
RANDOM,550000,LastQuickSort,1,51.419471
RANDOM,550000,LastQuickSort,2,46.591196
RANDOM,550000,LastQuickSort,3,46.538385
RANDOM,550000,LastQuickSort,4,47.469418
RANDOM,550000,LastQuickSort,5,45.454309
RANDOM,550000,TwoPointerQuickSort,1,46.782973
RANDOM,550000,TwoPointerQuickSort,2,46.772989
RANDOM,550000,TwoPointerQuickSort,3,45.529881
RANDOM,550000,TwoPointerQuickSort,4,45.596170
RANDOM,550000,TwoPointerQuickSort,5,45.581694
RANDOM,560000,LastQuickSort,1,48.071704
RANDOM,560000,LastQuickSort,2,49.248743
RANDOM,560000,LastQuickSort,3,47.528529
RANDOM,560000,LastQuickSort,4,46.504751
RANDOM,560000,LastQuickSort,5,47.561609
RANDOM,560000,TwoPointerQuickSort,1,52.303328
RANDOM,560000,TwoPointerQuickSort,2,48.176335
RANDOM,560000,TwoPointerQuickSort,3,48.418288
RANDOM,560000,TwoPointerQuickSort,4,47.524632
RANDOM,560000,TwoPointerQuickSort,5,48.526423
RANDOM,570000,LastQuickSort,1,54.156802
RANDOM,570000,LastQuickSort,2,49.166534
RANDOM,570000,LastQuickSort,3,48.959860
RANDOM,570000,LastQuickSort,4,48.137559
RANDOM,570000,LastQuickSort,5,48.457565
RANDOM,570000,TwoPointerQuickSort,1,49.237591
RANDOM,570000,TwoPointerQuickSort,2,49.450561
RANDOM,570000,TwoPointerQuickSort,3,48.410993
RANDOM,570000,TwoPointerQuickSort,4,48.524324
RANDOM,570000,TwoPointerQuickSort,5,48.214412
RANDOM,580000,LastQuickSort,1,50.116057
RANDOM,580000,LastQuickSort,2,50.261594
RANDOM,580000,LastQuickSort,3,51.140958
RANDOM,580000,LastQuickSort,4,50.738025
RANDOM,580000,LastQuickSort,5,50.391510
RANDOM,580000,TwoPointerQuickSort,1,54.537685
RANDOM,580000,TwoPointerQuickSort,2,51.310115
RANDOM,580000,TwoPointerQuickSort,3,50.549162
RANDOM,580000,TwoPointerQuickSort,4,50.245762
RANDOM,580000,TwoPointerQuickSort,5,49.753898
RANDOM,590000,LastQuickSort,1,60.193161
RANDOM,590000,LastQuickSort,2,54.938218
RANDOM,590000,LastQuickSort,3,51.548394
RANDOM,590000,LastQuickSort,4,51.816365
RANDOM,590000,LastQuickSort,5,50.538771
RANDOM,590000,TwoPointerQuickSort,1,52.754664
RANDOM,590000,TwoPointerQuickSort,2,53.304985
RANDOM,590000,TwoPointerQuickSort,3,51.289573
RANDOM,590000,TwoPointerQuickSort,4,51.784073
RANDOM,590000,TwoPointerQuickSort,5,53.756868
RANDOM,600000,LastQuickSort,1,55.659491
RANDOM,600000,LastQuickSort,2,53.341746
RANDOM,600000,LastQuickSort,3,51.572282
RANDOM,600000,LastQuickSort,4,52.726894
RANDOM,600000,LastQuickSort,5,50.746573
RANDOM,600000,TwoPointerQuickSort,1,58.163645
RANDOM,600000,TwoPointerQuickSort,2,52.214368
RANDOM,600000,TwoPointerQuickSort,3,51.342301
RANDOM,600000,TwoPointerQuickSort,4,51.010295
RANDOM,600000,TwoPointerQuickSort,5,51.453236
RANDOM,610000,LastQuickSort,1,56.999421
RANDOM,610000,LastQuickSort,2,53.474008
RANDOM,610000,LastQuickSort,3,53.268858
RANDOM,610000,LastQuickSort,4,53.635405
RANDOM,610000,LastQuickSort,5,52.931044
RANDOM,610000,TwoPointerQuickSort,1,54.706216
RANDOM,610000,TwoPointerQuickSort,2,53.488727
RANDOM,610000,TwoPointerQuickSort,3,60.602728
RANDOM,610000,TwoPointerQuickSort,4,54.606787
RANDOM,610000,TwoPointerQuickSort,5,54.086710
RANDOM,620000,LastQuickSort,1,61.837344
RANDOM,620000,LastQuickSort,2,60.258282
RANDOM,620000,LastQuickSort,3,59.983448
RANDOM,620000,LastQuickSort,4,60.037052
RANDOM,620000,LastQuickSort,5,66.619720
RANDOM,620000,TwoPointerQuickSort,1,57.849108
RANDOM,620000,TwoPointerQuickSort,2,54.344912
RANDOM,620000,TwoPointerQuickSort,3,54.802098
RANDOM,620000,TwoPointerQuickSort,4,55.065709
RANDOM,620000,TwoPointerQuickSort,5,54.368156
RANDOM,630000,LastQuickSort,1,64.340599
RANDOM,630000,LastQuickSort,2,56.078674
RANDOM,630000,LastQuickSort,3,55.467789
RANDOM,630000,LastQuickSort,4,57.965233
RANDOM,630000,LastQuickSort,5,62.440624
RANDOM,630000,TwoPointerQuickSort,1,66.662440
RANDOM,630000,TwoPointerQuickSort,2,55.202437
RANDOM,630000,TwoPointerQuickSort,3,61.031793
RANDOM,630000,TwoPointerQuickSort,4,57.155146
RANDOM,630000,TwoPointerQuickSort,5,65.294931
RANDOM,640000,LastQuickSort,1,58.228199
RANDOM,640000,LastQuickSort,2,55.722772
RANDOM,640000,LastQuickSort,3,55.672843
RANDOM,640000,LastQuickSort,4,56.050512
RANDOM,640000,LastQuickSort,5,55.654196
RANDOM,640000,TwoPointerQuickSort,1,56.895079
RANDOM,640000,TwoPointerQuickSort,2,56.456955
RANDOM,640000,TwoPointerQuickSort,3,55.603465
RANDOM,640000,TwoPointerQuickSort,4,55.822527
RANDOM,640000,TwoPointerQuickSort,5,55.991861
RANDOM,650000,LastQuickSort,1,57.668363
RANDOM,650000,LastQuickSort,2,58.761959
RANDOM,650000,LastQuickSort,3,58.028941
RANDOM,650000,LastQuickSort,4,56.557460
RANDOM,650000,LastQuickSort,5,59.564220
RANDOM,650000,TwoPointerQuickSort,1,67.583082
RANDOM,650000,TwoPointerQuickSort,2,57.688381
RANDOM,650000,TwoPointerQuickSort,3,57.424459
RANDOM,650000,TwoPointerQuickSort,4,56.415819
RANDOM,650000,TwoPointerQuickSort,5,56.424045
RANDOM,660000,LastQuickSort,1,60.492309
RANDOM,660000,LastQuickSort,2,59.052928
RANDOM,660000,LastQuickSort,3,58.996754
RANDOM,660000,LastQuickSort,4,58.841370
RANDOM,660000,LastQuickSort,5,58.828530
RANDOM,660000,TwoPointerQuickSort,1,64.851780
RANDOM,660000,TwoPointerQuickSort,2,59.297892
RANDOM,660000,TwoPointerQuickSort,3,58.928588
RANDOM,660000,TwoPointerQuickSort,4,58.984326
RANDOM,660000,TwoPointerQuickSort,5,58.985029
RANDOM,670000,LastQuickSort,1,61.784984
RANDOM,670000,LastQuickSort,2,62.373297
RANDOM,670000,LastQuickSort,3,64.168243
RANDOM,670000,LastQuickSort,4,61.292416
RANDOM,670000,LastQuickSort,5,61.443559
RANDOM,670000,TwoPointerQuickSort,1,69.714060
RANDOM,670000,TwoPointerQuickSort,2,120.859034
RANDOM,670000,TwoPointerQuickSort,3,81.005410
RANDOM,670000,TwoPointerQuickSort,4,66.506642
RANDOM,670000,TwoPointerQuickSort,5,60.719057
RANDOM,680000,LastQuickSort,1,64.413023
RANDOM,680000,LastQuickSort,2,62.236506
RANDOM,680000,LastQuickSort,3,62.432414
RANDOM,680000,LastQuickSort,4,61.486120
RANDOM,680000,LastQuickSort,5,61.129993
RANDOM,680000,TwoPointerQuickSort,1,70.140419
RANDOM,680000,TwoPointerQuickSort,2,62.708020
RANDOM,680000,TwoPointerQuickSort,3,62.260124
RANDOM,680000,TwoPointerQuickSort,4,61.810020
RANDOM,680000,TwoPointerQuickSort,5,60.819649
RANDOM,690000,LastQuickSort,1,64.937358
RANDOM,690000,LastQuickSort,2,64.248496
RANDOM,690000,LastQuickSort,3,72.501385
RANDOM,690000,LastQuickSort,4,61.588531
RANDOM,690000,LastQuickSort,5,61.993856
RANDOM,690000,TwoPointerQuickSort,1,65.718490
RANDOM,690000,TwoPointerQuickSort,2,68.728257
RANDOM,690000,TwoPointerQuickSort,3,70.744438
RANDOM,690000,TwoPointerQuickSort,4,64.798289
RANDOM,690000,TwoPointerQuickSort,5,72.202884
RANDOM,700000,LastQuickSort,1,82.200422
RANDOM,700000,LastQuickSort,2,71.597937
RANDOM,700000,LastQuickSort,3,68.866186
RANDOM,700000,LastQuickSort,4,64.861164
RANDOM,700000,LastQuickSort,5,65.930744
RANDOM,700000,TwoPointerQuickSort,1,66.910128
RANDOM,700000,TwoPointerQuickSort,2,64.276807
RANDOM,700000,TwoPointerQuickSort,3,63.821415
RANDOM,700000,TwoPointerQuickSort,4,63.959921
RANDOM,700000,TwoPointerQuickSort,5,67.312589
RANDOM,710000,LastQuickSort,1,66.455439
RANDOM,710000,LastQuickSort,2,64.778280
RANDOM,710000,LastQuickSort,3,64.448360
RANDOM,710000,LastQuickSort,4,67.105735
RANDOM,710000,LastQuickSort,5,76.882332
RANDOM,710000,TwoPointerQuickSort,1,76.050728
RANDOM,710000,TwoPointerQuickSort,2,68.322949
RANDOM,710000,TwoPointerQuickSort,3,65.524612
RANDOM,710000,TwoPointerQuickSort,4,71.071955
RANDOM,710000,TwoPointerQuickSort,5,67.074991
RANDOM,720000,LastQuickSort,1,72.697115
RANDOM,720000,LastQuickSort,2,71.860350
RANDOM,720000,LastQuickSort,3,70.151533
RANDOM,720000,LastQuickSort,4,68.464220
RANDOM,720000,LastQuickSort,5,68.715142
RANDOM,720000,TwoPointerQuickSort,1,73.985410
RANDOM,720000,TwoPointerQuickSort,2,71.189478
RANDOM,720000,TwoPointerQuickSort,3,67.983880
RANDOM,720000,TwoPointerQuickSort,4,67.771487
RANDOM,720000,TwoPointerQuickSort,5,69.928789
RANDOM,730000,LastQuickSort,1,73.409000
RANDOM,730000,LastQuickSort,2,69.792488
RANDOM,730000,LastQuickSort,3,70.854252
RANDOM,730000,LastQuickSort,4,70.891243
RANDOM,730000,LastQuickSort,5,68.579746
RANDOM,730000,TwoPointerQuickSort,1,88.584099
RANDOM,730000,TwoPointerQuickSort,2,71.265066
RANDOM,730000,TwoPointerQuickSort,3,70.710211
RANDOM,730000,TwoPointerQuickSort,4,69.976826
RANDOM,730000,TwoPointerQuickSort,5,71.728279
RANDOM,740000,LastQuickSort,1,76.848079
RANDOM,740000,LastQuickSort,2,78.298196
RANDOM,740000,LastQuickSort,3,94.398793
RANDOM,740000,LastQuickSort,4,94.809708
RANDOM,740000,LastQuickSort,5,82.434596
RANDOM,740000,TwoPointerQuickSort,1,84.994998
RANDOM,740000,TwoPointerQuickSort,2,68.254251
RANDOM,740000,TwoPointerQuickSort,3,68.029439
RANDOM,740000,TwoPointerQuickSort,4,67.262504
RANDOM,740000,TwoPointerQuickSort,5,76.248547
RANDOM,750000,LastQuickSort,1,87.655285
RANDOM,750000,LastQuickSort,2,71.075149
RANDOM,750000,LastQuickSort,3,71.920487
RANDOM,750000,LastQuickSort,4,70.872815
RANDOM,750000,LastQuickSort,5,71.692610
RANDOM,750000,TwoPointerQuickSort,1,78.190930
RANDOM,750000,TwoPointerQuickSort,2,73.553439
RANDOM,750000,TwoPointerQuickSort,3,71.420786
RANDOM,750000,TwoPointerQuickSort,4,72.472179
RANDOM,750000,TwoPointerQuickSort,5,71.675715
RANDOM,760000,LastQuickSort,1,78.612896
RANDOM,760000,LastQuickSort,2,74.361266
RANDOM,760000,LastQuickSort,3,72.810273
RANDOM,760000,LastQuickSort,4,73.059169
RANDOM,760000,LastQuickSort,5,73.577812
RANDOM,760000,TwoPointerQuickSort,1,79.447424
RANDOM,760000,TwoPointerQuickSort,2,76.149323
RANDOM,760000,TwoPointerQuickSort,3,86.353823
RANDOM,760000,TwoPointerQuickSort,4,85.147034
RANDOM,760000,TwoPointerQuickSort,5,74.568568
RANDOM,770000,LastQuickSort,1,78.598407
RANDOM,770000,LastQuickSort,2,72.159818
RANDOM,770000,LastQuickSort,3,72.236161
RANDOM,770000,LastQuickSort,4,72.171385
RANDOM,770000,LastQuickSort,5,71.944370
RANDOM,770000,TwoPointerQuickSort,1,76.574486
RANDOM,770000,TwoPointerQuickSort,2,75.299852
RANDOM,770000,TwoPointerQuickSort,3,74.887058
RANDOM,770000,TwoPointerQuickSort,4,74.455689
RANDOM,770000,TwoPointerQuickSort,5,75.097511
RANDOM,780000,LastQuickSort,1,90.610191
RANDOM,780000,LastQuickSort,2,78.950053
RANDOM,780000,LastQuickSort,3,74.671776
RANDOM,780000,LastQuickSort,4,74.711110
RANDOM,780000,LastQuickSort,5,74.916735
RANDOM,780000,TwoPointerQuickSort,1,79.611392
RANDOM,780000,TwoPointerQuickSort,2,75.390758
RANDOM,780000,TwoPointerQuickSort,3,76.529941
RANDOM,780000,TwoPointerQuickSort,4,76.058132
RANDOM,780000,TwoPointerQuickSort,5,79.690274
RANDOM,790000,LastQuickSort,1,80.335394
RANDOM,790000,LastQuickSort,2,80.699414
RANDOM,790000,LastQuickSort,3,76.723669
RANDOM,790000,LastQuickSort,4,78.414178
RANDOM,790000,LastQuickSort,5,75.626479
RANDOM,790000,TwoPointerQuickSort,1,85.472923
RANDOM,790000,TwoPointerQuickSort,2,78.818544
RANDOM,790000,TwoPointerQuickSort,3,78.517207
RANDOM,790000,TwoPointerQuickSort,4,79.587130
RANDOM,790000,TwoPointerQuickSort,5,77.340631
RANDOM,800000,LastQuickSort,1,85.379051
RANDOM,800000,LastQuickSort,2,77.340692
RANDOM,800000,LastQuickSort,3,81.931378
RANDOM,800000,LastQuickSort,4,87.117351
RANDOM,800000,LastQuickSort,5,77.609381
RANDOM,800000,TwoPointerQuickSort,1,81.579286
RANDOM,800000,TwoPointerQuickSort,2,76.484179
RANDOM,800000,TwoPointerQuickSort,3,79.273638
RANDOM,800000,TwoPointerQuickSort,4,77.845651
RANDOM,800000,TwoPointerQuickSort,5,79.260959
RANDOM,810000,LastQuickSort,1,86.557366
RANDOM,810000,LastQuickSort,2,83.336220
RANDOM,810000,LastQuickSort,3,77.224888
RANDOM,810000,LastQuickSort,4,77.699909
RANDOM,810000,LastQuickSort,5,84.013027
RANDOM,810000,TwoPointerQuickSort,1,81.754324
RANDOM,810000,TwoPointerQuickSort,2,81.038189
RANDOM,810000,TwoPointerQuickSort,3,99.539451
RANDOM,810000,TwoPointerQuickSort,4,79.978981
RANDOM,810000,TwoPointerQuickSort,5,82.483643
RANDOM,820000,LastQuickSort,1,102.106910
RANDOM,820000,LastQuickSort,2,79.829663
RANDOM,820000,LastQuickSort,3,79.125166
RANDOM,820000,LastQuickSort,4,78.658609
RANDOM,820000,LastQuickSort,5,80.957583
RANDOM,820000,TwoPointerQuickSort,1,85.943130
RANDOM,820000,TwoPointerQuickSort,2,79.227683
RANDOM,820000,TwoPointerQuickSort,3,81.611101
RANDOM,820000,TwoPointerQuickSort,4,91.554925
RANDOM,820000,TwoPointerQuickSort,5,90.156833
RANDOM,830000,LastQuickSort,1,84.709666
RANDOM,830000,LastQuickSort,2,83.540095
RANDOM,830000,LastQuickSort,3,86.922122
RANDOM,830000,LastQuickSort,4,83.668895
RANDOM,830000,LastQuickSort,5,85.550393
RANDOM,830000,TwoPointerQuickSort,1,90.314211
RANDOM,830000,TwoPointerQuickSort,2,83.661152
RANDOM,830000,TwoPointerQuickSort,3,84.197337
RANDOM,830000,TwoPointerQuickSort,4,84.502259
RANDOM,830000,TwoPointerQuickSort,5,84.563947
RANDOM,840000,LastQuickSort,1,90.989434
RANDOM,840000,LastQuickSort,2,82.656125
RANDOM,840000,LastQuickSort,3,80.604901
RANDOM,840000,LastQuickSort,4,83.292737
RANDOM,840000,LastQuickSort,5,82.775276
RANDOM,840000,TwoPointerQuickSort,1,94.016508
RANDOM,840000,TwoPointerQuickSort,2,83.893322
RANDOM,840000,TwoPointerQuickSort,3,84.254014
RANDOM,840000,TwoPointerQuickSort,4,82.416861
RANDOM,840000,TwoPointerQuickSort,5,82.238523
RANDOM,850000,LastQuickSort,1,89.040885
RANDOM,850000,LastQuickSort,2,83.569609
RANDOM,850000,LastQuickSort,3,83.650725
RANDOM,850000,LastQuickSort,4,85.274275
RANDOM,850000,LastQuickSort,5,84.103713
RANDOM,850000,TwoPointerQuickSort,1,88.723763
RANDOM,850000,TwoPointerQuickSort,2,85.134484
RANDOM,850000,TwoPointerQuickSort,3,86.726431
RANDOM,850000,TwoPointerQuickSort,4,85.567846
RANDOM,850000,TwoPointerQuickSort,5,92.683245
RANDOM,860000,LastQuickSort,1,88.454420
RANDOM,860000,LastQuickSort,2,84.072910
RANDOM,860000,LastQuickSort,3,86.191047
RANDOM,860000,LastQuickSort,4,84.703671
RANDOM,860000,LastQuickSort,5,86.241673
RANDOM,860000,TwoPointerQuickSort,1,91.809321
RANDOM,860000,TwoPointerQuickSort,2,86.085064
RANDOM,860000,TwoPointerQuickSort,3,85.680359
RANDOM,860000,TwoPointerQuickSort,4,84.897620
RANDOM,860000,TwoPointerQuickSort,5,87.265364
RANDOM,870000,LastQuickSort,1,94.493884
RANDOM,870000,LastQuickSort,2,85.291455
RANDOM,870000,LastQuickSort,3,95.571034
RANDOM,870000,LastQuickSort,4,87.951797
RANDOM,870000,LastQuickSort,5,89.711333
RANDOM,870000,TwoPointerQuickSort,1,92.928110
RANDOM,870000,TwoPointerQuickSort,2,87.719867
RANDOM,870000,TwoPointerQuickSort,3,86.149400
RANDOM,870000,TwoPointerQuickSort,4,87.371973
RANDOM,870000,TwoPointerQuickSort,5,86.319187
RANDOM,880000,LastQuickSort,1,92.199636
RANDOM,880000,LastQuickSort,2,88.655018
RANDOM,880000,LastQuickSort,3,86.981173
RANDOM,880000,LastQuickSort,4,103.318810
RANDOM,880000,LastQuickSort,5,97.783719
RANDOM,880000,TwoPointerQuickSort,1,95.549530
RANDOM,880000,TwoPointerQuickSort,2,88.078331
RANDOM,880000,TwoPointerQuickSort,3,85.851801
RANDOM,880000,TwoPointerQuickSort,4,86.646065
RANDOM,880000,TwoPointerQuickSort,5,87.093335
RANDOM,890000,LastQuickSort,1,96.227703
RANDOM,890000,LastQuickSort,2,89.559476
RANDOM,890000,LastQuickSort,3,89.133356
RANDOM,890000,LastQuickSort,4,89.097888
RANDOM,890000,LastQuickSort,5,89.673370
RANDOM,890000,TwoPointerQuickSort,1,99.928206
RANDOM,890000,TwoPointerQuickSort,2,86.974879
RANDOM,890000,TwoPointerQuickSort,3,88.366046
RANDOM,890000,TwoPointerQuickSort,4,95.651647
RANDOM,890000,TwoPointerQuickSort,5,91.211635
RANDOM,900000,LastQuickSort,1,97.861948
RANDOM,900000,LastQuickSort,2,96.554231
RANDOM,900000,LastQuickSort,3,90.120224
RANDOM,900000,LastQuickSort,4,93.226620
RANDOM,900000,LastQuickSort,5,90.729558
RANDOM,900000,TwoPointerQuickSort,1,98.060399
RANDOM,900000,TwoPointerQuickSort,2,92.257928
RANDOM,900000,TwoPointerQuickSort,3,89.340391
RANDOM,900000,TwoPointerQuickSort,4,95.866837
RANDOM,900000,TwoPointerQuickSort,5,92.426011
RANDOM,910000,LastQuickSort,1,97.968057
RANDOM,910000,LastQuickSort,2,90.781175
RANDOM,910000,LastQuickSort,3,91.719483
RANDOM,910000,LastQuickSort,4,91.301302
RANDOM,910000,LastQuickSort,5,91.119480
RANDOM,910000,TwoPointerQuickSort,1,100.842581
RANDOM,910000,TwoPointerQuickSort,2,89.177871
RANDOM,910000,TwoPointerQuickSort,3,90.173137
RANDOM,910000,TwoPointerQuickSort,4,90.097575
RANDOM,910000,TwoPointerQuickSort,5,92.713292
RANDOM,920000,LastQuickSort,1,100.793065
RANDOM,920000,LastQuickSort,2,93.666172
RANDOM,920000,LastQuickSort,3,92.888082
RANDOM,920000,LastQuickSort,4,97.187529
RANDOM,920000,LastQuickSort,5,93.779333
RANDOM,920000,TwoPointerQuickSort,1,104.187119
RANDOM,920000,TwoPointerQuickSort,2,105.316855
RANDOM,920000,TwoPointerQuickSort,3,100.003005
RANDOM,920000,TwoPointerQuickSort,4,95.554222
RANDOM,920000,TwoPointerQuickSort,5,95.068844
RANDOM,930000,LastQuickSort,1,102.836377
RANDOM,930000,LastQuickSort,2,94.898054
RANDOM,930000,LastQuickSort,3,93.632151
RANDOM,930000,LastQuickSort,4,95.386497
RANDOM,930000,LastQuickSort,5,98.611403
RANDOM,930000,TwoPointerQuickSort,1,124.326339
RANDOM,930000,TwoPointerQuickSort,2,108.129433
RANDOM,930000,TwoPointerQuickSort,3,96.883872
RANDOM,930000,TwoPointerQuickSort,4,93.903143
RANDOM,930000,TwoPointerQuickSort,5,94.425597
RANDOM,940000,LastQuickSort,1,109.262629
RANDOM,940000,LastQuickSort,2,98.434633
RANDOM,940000,LastQuickSort,3,96.115584
RANDOM,940000,LastQuickSort,4,97.670568
RANDOM,940000,LastQuickSort,5,96.399635
RANDOM,940000,TwoPointerQuickSort,1,106.525477
RANDOM,940000,TwoPointerQuickSort,2,107.598745
RANDOM,940000,TwoPointerQuickSort,3,97.049790
RANDOM,940000,TwoPointerQuickSort,4,95.296793
RANDOM,940000,TwoPointerQuickSort,5,96.088649
RANDOM,950000,LastQuickSort,1,106.250339
RANDOM,950000,LastQuickSort,2,100.708142
RANDOM,950000,LastQuickSort,3,99.556526
RANDOM,950000,LastQuickSort,4,98.961799
RANDOM,950000,LastQuickSort,5,102.287413
RANDOM,950000,TwoPointerQuickSort,1,104.597593
RANDOM,950000,TwoPointerQuickSort,2,98.631431
RANDOM,950000,TwoPointerQuickSort,3,98.216802
RANDOM,950000,TwoPointerQuickSort,4,98.166344
RANDOM,950000,TwoPointerQuickSort,5,98.971371
RANDOM,960000,LastQuickSort,1,106.488157
RANDOM,960000,LastQuickSort,2,99.046239
RANDOM,960000,LastQuickSort,3,99.089637
RANDOM,960000,LastQuickSort,4,101.785622
RANDOM,960000,LastQuickSort,5,100.998283
RANDOM,960000,TwoPointerQuickSort,1,105.148442
RANDOM,960000,TwoPointerQuickSort,2,100.711242
RANDOM,960000,TwoPointerQuickSort,3,99.900739
RANDOM,960000,TwoPointerQuickSort,4,103.334744
RANDOM,960000,TwoPointerQuickSort,5,105.412819
RANDOM,970000,LastQuickSort,1,108.137858
RANDOM,970000,LastQuickSort,2,103.253154
RANDOM,970000,LastQuickSort,3,99.837559
RANDOM,970000,LastQuickSort,4,101.540650
RANDOM,970000,LastQuickSort,5,100.826931
RANDOM,970000,TwoPointerQuickSort,1,108.498839
RANDOM,970000,TwoPointerQuickSort,2,111.085959
RANDOM,970000,TwoPointerQuickSort,3,100.934873
RANDOM,970000,TwoPointerQuickSort,4,98.972020
RANDOM,970000,TwoPointerQuickSort,5,100.272526
RANDOM,980000,LastQuickSort,1,106.411686
RANDOM,980000,LastQuickSort,2,104.138489
RANDOM,980000,LastQuickSort,3,104.209717
RANDOM,980000,LastQuickSort,4,119.067937
RANDOM,980000,LastQuickSort,5,109.999825
RANDOM,980000,TwoPointerQuickSort,1,108.725116
RANDOM,980000,TwoPointerQuickSort,2,102.940912
RANDOM,980000,TwoPointerQuickSort,3,105.875203
RANDOM,980000,TwoPointerQuickSort,4,105.416131
RANDOM,980000,TwoPointerQuickSort,5,102.377703
RANDOM,990000,LastQuickSort,1,118.163106
RANDOM,990000,LastQuickSort,2,105.386874
RANDOM,990000,LastQuickSort,3,104.796027
RANDOM,990000,LastQuickSort,4,103.994415
RANDOM,990000,LastQuickSort,5,104.671069
RANDOM,990000,TwoPointerQuickSort,1,112.805841
RANDOM,990000,TwoPointerQuickSort,2,112.034867
RANDOM,990000,TwoPointerQuickSort,3,108.497001
RANDOM,990000,TwoPointerQuickSort,4,103.400631
RANDOM,990000,TwoPointerQuickSort,5,107.742744
RANDOM,1000000,LastQuickSort,1,111.781615
RANDOM,1000000,LastQuickSort,2,119.115289
RANDOM,1000000,LastQuickSort,3,109.936975
RANDOM,1000000,LastQuickSort,4,103.847256
RANDOM,1000000,LastQuickSort,5,103.769102
RANDOM,1000000,TwoPointerQuickSort,1,106.580450
RANDOM,1000000,TwoPointerQuickSort,2,105.434990
RANDOM,1000000,TwoPointerQuickSort,3,105.088381
RANDOM,1000000,TwoPointerQuickSort,4,107.006065
RANDOM,1000000,TwoPointerQuickSort,5,109.446398
RANDOM,10000,LastQuickSort,1,0.618805
RANDOM,10000,LastQuickSort,2,0.553537
RANDOM,10000,LastQuickSort,3,0.547822
RANDOM,10000,LastQuickSort,4,0.544714
RANDOM,10000,LastQuickSort,5,0.556444
RANDOM,10000,MiddleQuickSort,1,3.337059
RANDOM,10000,MiddleQuickSort,2,1.343286
RANDOM,10000,MiddleQuickSort,3,1.351807
RANDOM,10000,MiddleQuickSort,4,0.631739
RANDOM,10000,MiddleQuickSort,5,0.625122
RANDOM,10000,MedianOf3QuickSort,1,2.790742
RANDOM,10000,MedianOf3QuickSort,2,1.017540
RANDOM,10000,MedianOf3QuickSort,3,1.208937
RANDOM,10000,MedianOf3QuickSort,4,1.338072
RANDOM,10000,MedianOf3QuickSort,5,6.523427
RANDOM,20000,LastQuickSort,1,1.442844
RANDOM,20000,LastQuickSort,2,1.606468
RANDOM,20000,LastQuickSort,3,1.341982
RANDOM,20000,LastQuickSort,4,1.317820
RANDOM,20000,LastQuickSort,5,1.442243
RANDOM,20000,MiddleQuickSort,1,1.547215
RANDOM,20000,MiddleQuickSort,2,1.504404
RANDOM,20000,MiddleQuickSort,3,1.610178
RANDOM,20000,MiddleQuickSort,4,1.273805
RANDOM,20000,MiddleQuickSort,5,1.426802
RANDOM,20000,MedianOf3QuickSort,1,1.089928
RANDOM,20000,MedianOf3QuickSort,2,1.060051
RANDOM,20000,MedianOf3QuickSort,3,1.146575
RANDOM,20000,MedianOf3QuickSort,4,4.784516
RANDOM,20000,MedianOf3QuickSort,5,1.338673
RANDOM,30000,LastQuickSort,1,2.130528
RANDOM,30000,LastQuickSort,2,8.691854
RANDOM,30000,LastQuickSort,3,6.444022
RANDOM,30000,LastQuickSort,4,2.016632
RANDOM,30000,LastQuickSort,5,2.123109
RANDOM,30000,MiddleQuickSort,1,2.273500
RANDOM,30000,MiddleQuickSort,2,2.275705
RANDOM,30000,MiddleQuickSort,3,2.415368
RANDOM,30000,MiddleQuickSort,4,2.362831
RANDOM,30000,MiddleQuickSort,5,2.255152
RANDOM,30000,MedianOf3QuickSort,1,2.148174
RANDOM,30000,MedianOf3QuickSort,2,1.978935
RANDOM,30000,MedianOf3QuickSort,3,1.833057
RANDOM,30000,MedianOf3QuickSort,4,1.718760
RANDOM,30000,MedianOf3QuickSort,5,1.758163
RANDOM,40000,LastQuickSort,1,2.935116
RANDOM,40000,LastQuickSort,2,2.663812
RANDOM,40000,LastQuickSort,3,2.937522
RANDOM,40000,LastQuickSort,4,2.535379
RANDOM,40000,LastQuickSort,5,2.612278
RANDOM,40000,MiddleQuickSort,1,2.703114
RANDOM,40000,MiddleQuickSort,2,2.671833
RANDOM,40000,MiddleQuickSort,3,2.990860
RANDOM,40000,MiddleQuickSort,4,2.525353
RANDOM,40000,MiddleQuickSort,5,2.548213
RANDOM,40000,MedianOf3QuickSort,1,3.117690
RANDOM,40000,MedianOf3QuickSort,2,2.532571
RANDOM,40000,MedianOf3QuickSort,3,2.379575
RANDOM,40000,MedianOf3QuickSort,4,2.764775
RANDOM,40000,MedianOf3QuickSort,5,2.865034
RANDOM,50000,LastQuickSort,1,3.824023
RANDOM,50000,LastQuickSort,2,4.256646
RANDOM,50000,LastQuickSort,3,3.267078
RANDOM,50000,LastQuickSort,4,3.233992
RANDOM,50000,LastQuickSort,5,3.074980
RANDOM,50000,MiddleQuickSort,1,4.011810
RANDOM,50000,MiddleQuickSort,2,3.219754
RANDOM,50000,MiddleQuickSort,3,3.279610
RANDOM,50000,MiddleQuickSort,4,3.364029
RANDOM,50000,MiddleQuickSort,5,3.866533
RANDOM,50000,MedianOf3QuickSort,1,3.025149
RANDOM,50000,MedianOf3QuickSort,2,3.101949
RANDOM,50000,MedianOf3QuickSort,3,3.465794
RANDOM,50000,MedianOf3QuickSort,4,3.806477
RANDOM,50000,MedianOf3QuickSort,5,4.263463
RANDOM,60000,LastQuickSort,1,3.837658
RANDOM,60000,LastQuickSort,2,4.219349
RANDOM,60000,LastQuickSort,3,4.822714
RANDOM,60000,LastQuickSort,4,4.624399
RANDOM,60000,LastQuickSort,5,4.007499
RANDOM,60000,MiddleQuickSort,1,3.817506
RANDOM,60000,MiddleQuickSort,2,3.882975
RANDOM,60000,MiddleQuickSort,3,4.208521
RANDOM,60000,MiddleQuickSort,4,3.852697
RANDOM,60000,MiddleQuickSort,5,3.781312
RANDOM,60000,MedianOf3QuickSort,1,4.847378
RANDOM,60000,MedianOf3QuickSort,2,3.687669
RANDOM,60000,MedianOf3QuickSort,3,3.820113
RANDOM,60000,MedianOf3QuickSort,4,4.451952
RANDOM,60000,MedianOf3QuickSort,5,4.303166
RANDOM,70000,LastQuickSort,1,4.839057
RANDOM,70000,LastQuickSort,2,4.569657
RANDOM,70000,LastQuickSort,3,4.557025
RANDOM,70000,LastQuickSort,4,4.384878
RANDOM,70000,LastQuickSort,5,4.624700
RANDOM,70000,MiddleQuickSort,1,4.694782
RANDOM,70000,MiddleQuickSort,2,5.927281
RANDOM,70000,MiddleQuickSort,3,4.813590
RANDOM,70000,MiddleQuickSort,4,4.628912
RANDOM,70000,MiddleQuickSort,5,4.780304
RANDOM,70000,MedianOf3QuickSort,1,4.332442
RANDOM,70000,MedianOf3QuickSort,2,4.504790
RANDOM,70000,MedianOf3QuickSort,3,4.419468
RANDOM,70000,MedianOf3QuickSort,4,4.216742
RANDOM,70000,MedianOf3QuickSort,5,4.368134
RANDOM,80000,LastQuickSort,1,5.113870
RANDOM,80000,LastQuickSort,2,5.493956
RANDOM,80000,LastQuickSort,3,5.143847
RANDOM,80000,LastQuickSort,4,5.090610
RANDOM,80000,LastQuickSort,5,5.682947
RANDOM,80000,MiddleQuickSort,1,5.332436
RANDOM,80000,MiddleQuickSort,2,5.401517
RANDOM,80000,MiddleQuickSort,3,5.383871
RANDOM,80000,MiddleQuickSort,4,5.502880
RANDOM,80000,MiddleQuickSort,5,6.471593
RANDOM,80000,MedianOf3QuickSort,1,5.271379
RANDOM,80000,MedianOf3QuickSort,2,5.239897
RANDOM,80000,MedianOf3QuickSort,3,5.138935
RANDOM,80000,MedianOf3QuickSort,4,5.016116
RANDOM,80000,MedianOf3QuickSort,5,5.000475
RANDOM,90000,LastQuickSort,1,5.745509
RANDOM,90000,LastQuickSort,2,5.633919
RANDOM,90000,LastQuickSort,3,5.700392
RANDOM,90000,LastQuickSort,4,5.739293
RANDOM,90000,LastQuickSort,5,5.614569
RANDOM,90000,MiddleQuickSort,1,6.152665
RANDOM,90000,MiddleQuickSort,2,5.874543
RANDOM,90000,MiddleQuickSort,3,5.935502
RANDOM,90000,MiddleQuickSort,4,7.334733
RANDOM,90000,MiddleQuickSort,5,6.519618
RANDOM,90000,MedianOf3QuickSort,1,5.700793
RANDOM,90000,MedianOf3QuickSort,2,5.742100
RANDOM,90000,MedianOf3QuickSort,3,5.720945
RANDOM,90000,MedianOf3QuickSort,4,6.055814
RANDOM,90000,MedianOf3QuickSort,5,6.790019
RANDOM,100000,LastQuickSort,1,6.646747
RANDOM,100000,LastQuickSort,2,6.310474
RANDOM,100000,LastQuickSort,3,6.385269
RANDOM,100000,LastQuickSort,4,6.755229
RANDOM,100000,LastQuickSort,5,6.404819
RANDOM,100000,MiddleQuickSort,1,6.545184
RANDOM,100000,MiddleQuickSort,2,6.507787
RANDOM,100000,MiddleQuickSort,3,6.893488
RANDOM,100000,MiddleQuickSort,4,8.079765
RANDOM,100000,MiddleQuickSort,5,6.514905
RANDOM,100000,MedianOf3QuickSort,1,6.254830
RANDOM,100000,MedianOf3QuickSort,2,6.271674
RANDOM,100000,MedianOf3QuickSort,3,6.446126
RANDOM,100000,MedianOf3QuickSort,4,6.534757
RANDOM,100000,MedianOf3QuickSort,5,6.233174
RANDOM,110000,LastQuickSort,1,7.145141
RANDOM,110000,LastQuickSort,2,7.313076
RANDOM,110000,LastQuickSort,3,7.154364
RANDOM,110000,LastQuickSort,4,7.954240
RANDOM,110000,LastQuickSort,5,7.448227
RANDOM,110000,MiddleQuickSort,1,7.131906
RANDOM,110000,MiddleQuickSort,2,7.781592
RANDOM,110000,MiddleQuickSort,3,7.601124
RANDOM,110000,MiddleQuickSort,4,7.357492
RANDOM,110000,MiddleQuickSort,5,7.156269
RANDOM,110000,MedianOf3QuickSort,1,6.974297
RANDOM,110000,MedianOf3QuickSort,2,7.099522
RANDOM,110000,MedianOf3QuickSort,3,7.601825
RANDOM,110000,MedianOf3QuickSort,4,7.046986
RANDOM,110000,MedianOf3QuickSort,5,7.111152
RANDOM,120000,LastQuickSort,1,7.678327
RANDOM,120000,LastQuickSort,2,7.862972
RANDOM,120000,LastQuickSort,3,11.198438
RANDOM,120000,LastQuickSort,4,7.988467
RANDOM,120000,LastQuickSort,5,7.580185
RANDOM,120000,MiddleQuickSort,1,11.596888
RANDOM,120000,MiddleQuickSort,2,13.690658
RANDOM,120000,MiddleQuickSort,3,8.709228
RANDOM,120000,MiddleQuickSort,4,7.784024
RANDOM,120000,MiddleQuickSort,5,8.579922
RANDOM,120000,MedianOf3QuickSort,1,7.847524
RANDOM,120000,MedianOf3QuickSort,2,10.465739
RANDOM,120000,MedianOf3QuickSort,3,8.811649
RANDOM,120000,MedianOf3QuickSort,4,9.818909
RANDOM,120000,MedianOf3QuickSort,5,8.053671
RANDOM,130000,LastQuickSort,1,9.579057
RANDOM,130000,LastQuickSort,2,9.824527
RANDOM,130000,LastQuickSort,3,8.431256
RANDOM,130000,LastQuickSort,4,8.458943
RANDOM,130000,LastQuickSort,5,8.476598
RANDOM,130000,MiddleQuickSort,1,8.551433
RANDOM,130000,MiddleQuickSort,2,8.780652
RANDOM,130000,MiddleQuickSort,3,8.458741
RANDOM,130000,MiddleQuickSort,4,8.527458
RANDOM,130000,MiddleQuickSort,5,8.472986
RANDOM,130000,MedianOf3QuickSort,1,8.609013
RANDOM,130000,MedianOf3QuickSort,2,8.486529
RANDOM,130000,MedianOf3QuickSort,3,8.558856
RANDOM,130000,MedianOf3QuickSort,4,9.186927
RANDOM,130000,MedianOf3QuickSort,5,9.938686
RANDOM,140000,LastQuickSort,1,9.101358
RANDOM,140000,LastQuickSort,2,9.569226
RANDOM,140000,LastQuickSort,3,9.555082
RANDOM,140000,LastQuickSort,4,9.065846
RANDOM,140000,LastQuickSort,5,9.189033
RANDOM,140000,MiddleQuickSort,1,9.456472
RANDOM,140000,MiddleQuickSort,2,10.732878
RANDOM,140000,MiddleQuickSort,3,9.683685
RANDOM,140000,MiddleQuickSort,4,9.391368
RANDOM,140000,MiddleQuickSort,5,9.505125
RANDOM,140000,MedianOf3QuickSort,1,9.631622
RANDOM,140000,MedianOf3QuickSort,2,9.294464
RANDOM,140000,MedianOf3QuickSort,3,9.277812
RANDOM,140000,MedianOf3QuickSort,4,9.590192
RANDOM,140000,MedianOf3QuickSort,5,9.491884
RANDOM,150000,LastQuickSort,1,9.924542
RANDOM,150000,LastQuickSort,2,11.486542
RANDOM,150000,LastQuickSort,3,10.183655
RANDOM,150000,LastQuickSort,4,9.859237
RANDOM,150000,LastQuickSort,5,9.727222
RANDOM,150000,MiddleQuickSort,1,10.139616
RANDOM,150000,MiddleQuickSort,2,10.044217
RANDOM,150000,MiddleQuickSort,3,10.177936
RANDOM,150000,MiddleQuickSort,4,9.994561
RANDOM,150000,MiddleQuickSort,5,9.914410
RANDOM,150000,MedianOf3QuickSort,1,9.939087
RANDOM,150000,MedianOf3QuickSort,2,10.354992
RANDOM,150000,MedianOf3QuickSort,3,9.792627
RANDOM,150000,MedianOf3QuickSort,4,9.918322
RANDOM,150000,MedianOf3QuickSort,5,9.795335
RANDOM,160000,LastQuickSort,1,10.966811
RANDOM,160000,LastQuickSort,2,10.934711
RANDOM,160000,LastQuickSort,3,10.874322
RANDOM,160000,LastQuickSort,4,10.589227
RANDOM,160000,LastQuickSort,5,10.609992
RANDOM,160000,MiddleQuickSort,1,13.060581
RANDOM,160000,MiddleQuickSort,2,13.868717
RANDOM,160000,MiddleQuickSort,3,10.940228
RANDOM,160000,MiddleQuickSort,4,11.115177
RANDOM,160000,MiddleQuickSort,5,10.974135
RANDOM,160000,MedianOf3QuickSort,1,11.144670
RANDOM,160000,MedianOf3QuickSort,2,11.310691
RANDOM,160000,MedianOf3QuickSort,3,10.457212
RANDOM,160000,MedianOf3QuickSort,4,10.671686
RANDOM,160000,MedianOf3QuickSort,5,10.593741
RANDOM,170000,LastQuickSort,1,11.080970
RANDOM,170000,LastQuickSort,2,11.346604
RANDOM,170000,LastQuickSort,3,10.985269
RANDOM,170000,LastQuickSort,4,10.963401
RANDOM,170000,LastQuickSort,5,10.956579
RANDOM,170000,MiddleQuickSort,1,11.364961
RANDOM,170000,MiddleQuickSort,2,11.332459
RANDOM,170000,MiddleQuickSort,3,11.394955
RANDOM,170000,MiddleQuickSort,4,11.297148
RANDOM,170000,MiddleQuickSort,5,11.261035
RANDOM,170000,MedianOf3QuickSort,1,11.825005
RANDOM,170000,MedianOf3QuickSort,2,11.432573
RANDOM,170000,MedianOf3QuickSort,3,11.368974
RANDOM,170000,MedianOf3QuickSort,4,11.291230
RANDOM,170000,MedianOf3QuickSort,5,11.219906
RANDOM,180000,LastQuickSort,1,11.755285
RANDOM,180000,LastQuickSort,2,11.537703
RANDOM,180000,LastQuickSort,3,12.218540
RANDOM,180000,LastQuickSort,4,12.417965
RANDOM,180000,LastQuickSort,5,11.702062
RANDOM,180000,MiddleQuickSort,1,12.357942
RANDOM,180000,MiddleQuickSort,2,12.091880
RANDOM,180000,MiddleQuickSort,3,12.390057
RANDOM,180000,MiddleQuickSort,4,12.109243
RANDOM,180000,MiddleQuickSort,5,12.253866
RANDOM,180000,MedianOf3QuickSort,1,12.355834
RANDOM,180000,MedianOf3QuickSort,2,12.737714
RANDOM,180000,MedianOf3QuickSort,3,12.378616
RANDOM,180000,MedianOf3QuickSort,4,12.367476
RANDOM,180000,MedianOf3QuickSort,5,12.432310
RANDOM,190000,LastQuickSort,1,12.729584
RANDOM,190000,LastQuickSort,2,13.264717
RANDOM,190000,LastQuickSort,3,12.797328
RANDOM,190000,LastQuickSort,4,12.687131
RANDOM,190000,LastQuickSort,5,16.137294
RANDOM,190000,MiddleQuickSort,1,13.408737
RANDOM,190000,MiddleQuickSort,2,14.332073
RANDOM,190000,MiddleQuickSort,3,12.994240
RANDOM,190000,MiddleQuickSort,4,13.164756
RANDOM,190000,MiddleQuickSort,5,13.625119
RANDOM,190000,MedianOf3QuickSort,1,14.815820
RANDOM,190000,MedianOf3QuickSort,2,16.068445
RANDOM,190000,MedianOf3QuickSort,3,14.520754
RANDOM,190000,MedianOf3QuickSort,4,14.290623
RANDOM,190000,MedianOf3QuickSort,5,15.677031
RANDOM,200000,LastQuickSort,1,13.871108
RANDOM,200000,LastQuickSort,2,15.782111
RANDOM,200000,LastQuickSort,3,13.434731
RANDOM,200000,LastQuickSort,4,14.522260
RANDOM,200000,LastQuickSort,5,13.435735
RANDOM,200000,MiddleQuickSort,1,13.299643
RANDOM,200000,MiddleQuickSort,2,13.418272
RANDOM,200000,MiddleQuickSort,3,13.250165
RANDOM,200000,MiddleQuickSort,4,13.186936
RANDOM,200000,MiddleQuickSort,5,13.228788
RANDOM,200000,MedianOf3QuickSort,1,13.844210
RANDOM,200000,MedianOf3QuickSort,2,14.241445
RANDOM,200000,MedianOf3QuickSort,3,13.911152
RANDOM,200000,MedianOf3QuickSort,4,14.059488
RANDOM,200000,MedianOf3QuickSort,5,14.154331
RANDOM,210000,LastQuickSort,1,14.556384
RANDOM,210000,LastQuickSort,2,14.001779
RANDOM,210000,LastQuickSort,3,13.888671
RANDOM,210000,LastQuickSort,4,15.209543
RANDOM,210000,LastQuickSort,5,15.255810
RANDOM,210000,MiddleQuickSort,1,16.936883
RANDOM,210000,MiddleQuickSort,2,15.818342
RANDOM,210000,MiddleQuickSort,3,14.931639
RANDOM,210000,MiddleQuickSort,4,18.251029
RANDOM,210000,MiddleQuickSort,5,14.660459
RANDOM,210000,MedianOf3QuickSort,1,18.939015
RANDOM,210000,MedianOf3QuickSort,2,15.652442
RANDOM,210000,MedianOf3QuickSort,3,14.882461
RANDOM,210000,MedianOf3QuickSort,4,15.733435
RANDOM,210000,MedianOf3QuickSort,5,15.641001
RANDOM,220000,LastQuickSort,1,16.329589
RANDOM,220000,LastQuickSort,2,15.243866
RANDOM,220000,LastQuickSort,3,15.393708
RANDOM,220000,LastQuickSort,4,14.742255
RANDOM,220000,LastQuickSort,5,15.895019
RANDOM,220000,MiddleQuickSort,1,17.365029
RANDOM,220000,MiddleQuickSort,2,21.233604
RANDOM,220000,MiddleQuickSort,3,16.084804
RANDOM,220000,MiddleQuickSort,4,15.352860
RANDOM,220000,MiddleQuickSort,5,15.347341
RANDOM,220000,MedianOf3QuickSort,1,15.738253
RANDOM,220000,MedianOf3QuickSort,2,16.499704
RANDOM,220000,MedianOf3QuickSort,3,15.481000
RANDOM,220000,MedianOf3QuickSort,4,15.820012
RANDOM,220000,MedianOf3QuickSort,5,16.066303
RANDOM,230000,LastQuickSort,1,15.407852
RANDOM,230000,LastQuickSort,2,15.854550
RANDOM,230000,LastQuickSort,3,15.373212
RANDOM,230000,LastQuickSort,4,15.272908
RANDOM,230000,LastQuickSort,5,16.112991
RANDOM,230000,MiddleQuickSort,1,16.555373
RANDOM,230000,MiddleQuickSort,2,16.686501
RANDOM,230000,MiddleQuickSort,3,16.333981
RANDOM,230000,MiddleQuickSort,4,16.439004
RANDOM,230000,MiddleQuickSort,5,16.796444
RANDOM,230000,MedianOf3QuickSort,1,16.687204
RANDOM,230000,MedianOf3QuickSort,2,17.219347
RANDOM,230000,MedianOf3QuickSort,3,16.460189
RANDOM,230000,MedianOf3QuickSort,4,18.292369
RANDOM,230000,MedianOf3QuickSort,5,16.606479
RANDOM,240000,LastQuickSort,1,19.362679
RANDOM,240000,LastQuickSort,2,18.786559
RANDOM,240000,LastQuickSort,3,17.983424
RANDOM,240000,LastQuickSort,4,18.616875
RANDOM,240000,LastQuickSort,5,16.671942
RANDOM,240000,MiddleQuickSort,1,16.963517
RANDOM,240000,MiddleQuickSort,2,16.932592
RANDOM,240000,MiddleQuickSort,3,16.658488
RANDOM,240000,MiddleQuickSort,4,16.740920
RANDOM,240000,MiddleQuickSort,5,16.649854
RANDOM,240000,MedianOf3QuickSort,1,17.630402
RANDOM,240000,MedianOf3QuickSort,2,17.721770
RANDOM,240000,MedianOf3QuickSort,3,18.699910
RANDOM,240000,MedianOf3QuickSort,4,17.666046
RANDOM,240000,MedianOf3QuickSort,5,17.459313
RANDOM,250000,LastQuickSort,1,17.253585
RANDOM,250000,LastQuickSort,2,17.466442
RANDOM,250000,LastQuickSort,3,17.189526
RANDOM,250000,LastQuickSort,4,17.291337
RANDOM,250000,LastQuickSort,5,18.641374
RANDOM,250000,MiddleQuickSort,1,19.609071
RANDOM,250000,MiddleQuickSort,2,19.697929
RANDOM,250000,MiddleQuickSort,3,17.518452
RANDOM,250000,MiddleQuickSort,4,18.151803
RANDOM,250000,MiddleQuickSort,5,17.448169
RANDOM,250000,MedianOf3QuickSort,1,23.178245
RANDOM,250000,MedianOf3QuickSort,2,19.169099
RANDOM,250000,MedianOf3QuickSort,3,20.331079
RANDOM,250000,MedianOf3QuickSort,4,20.217321
RANDOM,250000,MedianOf3QuickSort,5,20.915934
RANDOM,260000,LastQuickSort,1,22.393786
RANDOM,260000,LastQuickSort,2,20.042115
RANDOM,260000,LastQuickSort,3,20.396944
RANDOM,260000,LastQuickSort,4,20.182681
RANDOM,260000,LastQuickSort,5,18.624606
RANDOM,260000,MiddleQuickSort,1,20.289780
RANDOM,260000,MiddleQuickSort,2,19.822421
RANDOM,260000,MiddleQuickSort,3,18.393247
RANDOM,260000,MiddleQuickSort,4,18.687639
RANDOM,260000,MiddleQuickSort,5,18.811583
RANDOM,260000,MedianOf3QuickSort,1,19.223492
RANDOM,260000,MedianOf3QuickSort,2,19.731622
RANDOM,260000,MedianOf3QuickSort,3,19.223591
RANDOM,260000,MedianOf3QuickSort,4,19.464851
RANDOM,260000,MedianOf3QuickSort,5,20.683301
RANDOM,270000,LastQuickSort,1,21.167224
RANDOM,270000,LastQuickSort,2,19.500106
RANDOM,270000,LastQuickSort,3,19.328051
RANDOM,270000,LastQuickSort,4,19.604464
RANDOM,270000,LastQuickSort,5,20.973674
RANDOM,270000,MiddleQuickSort,1,23.299485
RANDOM,270000,MiddleQuickSort,2,21.696849
RANDOM,270000,MiddleQuickSort,3,20.470164
RANDOM,270000,MiddleQuickSort,4,21.752493
RANDOM,270000,MiddleQuickSort,5,19.005435
RANDOM,270000,MedianOf3QuickSort,1,21.288858
RANDOM,270000,MedianOf3QuickSort,2,25.229357
RANDOM,270000,MedianOf3QuickSort,3,26.181236
RANDOM,270000,MedianOf3QuickSort,4,25.837427
RANDOM,270000,MedianOf3QuickSort,5,25.855908
RANDOM,280000,LastQuickSort,1,27.657317
RANDOM,280000,LastQuickSort,2,27.683631
RANDOM,280000,LastQuickSort,3,25.712378
RANDOM,280000,LastQuickSort,4,22.665301
RANDOM,280000,LastQuickSort,5,19.957313
RANDOM,280000,MiddleQuickSort,1,19.806250
RANDOM,280000,MiddleQuickSort,2,19.900262
RANDOM,280000,MiddleQuickSort,3,19.949880
RANDOM,280000,MiddleQuickSort,4,19.706311
RANDOM,280000,MiddleQuickSort,5,19.603359
RANDOM,280000,MedianOf3QuickSort,1,24.052390
RANDOM,280000,MedianOf3QuickSort,2,22.371411
RANDOM,280000,MedianOf3QuickSort,3,22.738522
RANDOM,280000,MedianOf3QuickSort,4,22.017658
RANDOM,280000,MedianOf3QuickSort,5,24.522353
RANDOM,290000,LastQuickSort,1,25.105212
RANDOM,290000,LastQuickSort,2,20.889204
RANDOM,290000,LastQuickSort,3,21.101335
RANDOM,290000,LastQuickSort,4,20.636997
RANDOM,290000,LastQuickSort,5,20.776509
RANDOM,290000,MiddleQuickSort,1,23.762607
RANDOM,290000,MiddleQuickSort,2,20.685069
RANDOM,290000,MiddleQuickSort,3,21.517688
RANDOM,290000,MiddleQuickSort,4,23.577183
RANDOM,290000,MiddleQuickSort,5,20.925802
RANDOM,290000,MedianOf3QuickSort,1,23.156000
RANDOM,290000,MedianOf3QuickSort,2,24.238295
RANDOM,290000,MedianOf3QuickSort,3,22.633239
RANDOM,290000,MedianOf3QuickSort,4,23.064670
RANDOM,290000,MedianOf3QuickSort,5,23.592555
RANDOM,300000,LastQuickSort,1,25.840336
RANDOM,300000,LastQuickSort,2,22.352920
RANDOM,300000,LastQuickSort,3,23.335143
RANDOM,300000,LastQuickSort,4,23.981285
RANDOM,300000,LastQuickSort,5,21.863818
RANDOM,300000,MiddleQuickSort,1,25.647930
RANDOM,300000,MiddleQuickSort,2,22.449675
RANDOM,300000,MiddleQuickSort,3,22.882915
RANDOM,300000,MiddleQuickSort,4,22.451785
RANDOM,300000,MiddleQuickSort,5,22.705479
RANDOM,300000,MedianOf3QuickSort,1,25.479738
RANDOM,300000,MedianOf3QuickSort,2,24.610748
RANDOM,300000,MedianOf3QuickSort,3,24.379961
RANDOM,300000,MedianOf3QuickSort,4,24.283005
RANDOM,300000,MedianOf3QuickSort,5,31.457276
RANDOM,310000,LastQuickSort,1,29.960329
RANDOM,310000,LastQuickSort,2,29.951890
RANDOM,310000,LastQuickSort,3,29.451233
RANDOM,310000,LastQuickSort,4,23.393016
RANDOM,310000,LastQuickSort,5,22.866739
RANDOM,310000,MiddleQuickSort,1,23.205588
RANDOM,310000,MiddleQuickSort,2,22.267173
RANDOM,310000,MiddleQuickSort,3,22.326579
RANDOM,310000,MiddleQuickSort,4,22.130869
RANDOM,310000,MiddleQuickSort,5,22.100614
RANDOM,310000,MedianOf3QuickSort,1,25.314092
RANDOM,310000,MedianOf3QuickSort,2,25.013541
RANDOM,310000,MedianOf3QuickSort,3,24.821248
RANDOM,310000,MedianOf3QuickSort,4,25.540158
RANDOM,310000,MedianOf3QuickSort,5,26.341190
RANDOM,320000,LastQuickSort,1,26.749862
RANDOM,320000,LastQuickSort,2,22.949654
RANDOM,320000,LastQuickSort,3,24.840834
RANDOM,320000,LastQuickSort,4,22.996006
RANDOM,320000,LastQuickSort,5,23.011891
RANDOM,320000,MiddleQuickSort,1,28.848922
RANDOM,320000,MiddleQuickSort,2,24.947111
RANDOM,320000,MiddleQuickSort,3,24.884572
RANDOM,320000,MiddleQuickSort,4,24.133489
RANDOM,320000,MiddleQuickSort,5,24.267618
RANDOM,320000,MedianOf3QuickSort,1,28.582473
RANDOM,320000,MedianOf3QuickSort,2,27.114292
RANDOM,320000,MedianOf3QuickSort,3,27.313878
RANDOM,320000,MedianOf3QuickSort,4,25.415357
RANDOM,320000,MedianOf3QuickSort,5,25.382981
RANDOM,330000,LastQuickSort,1,25.648122
RANDOM,330000,LastQuickSort,2,23.993226
RANDOM,330000,LastQuickSort,3,25.547274
RANDOM,330000,LastQuickSort,4,24.621743
RANDOM,330000,LastQuickSort,5,23.455001
RANDOM,330000,MiddleQuickSort,1,30.284023
RANDOM,330000,MiddleQuickSort,2,25.039413
RANDOM,330000,MiddleQuickSort,3,25.108489
RANDOM,330000,MiddleQuickSort,4,25.973190
RANDOM,330000,MiddleQuickSort,5,25.041424
RANDOM,330000,MedianOf3QuickSort,1,31.402101
RANDOM,330000,MedianOf3QuickSort,2,27.666594
RANDOM,330000,MedianOf3QuickSort,3,29.581102
RANDOM,330000,MedianOf3QuickSort,4,27.109567
RANDOM,330000,MedianOf3QuickSort,5,28.549594
RANDOM,340000,LastQuickSort,1,36.199479
RANDOM,340000,LastQuickSort,2,30.130790
RANDOM,340000,LastQuickSort,3,27.735268
RANDOM,340000,LastQuickSort,4,25.892953
RANDOM,340000,LastQuickSort,5,26.277845
RANDOM,340000,MiddleQuickSort,1,26.624832
RANDOM,340000,MiddleQuickSort,2,25.588900
RANDOM,340000,MiddleQuickSort,3,25.568993
RANDOM,340000,MiddleQuickSort,4,25.447800
RANDOM,340000,MiddleQuickSort,5,25.447700
RANDOM,340000,MedianOf3QuickSort,1,29.070170
RANDOM,340000,MedianOf3QuickSort,2,28.027349
RANDOM,340000,MedianOf3QuickSort,3,28.037406
RANDOM,340000,MedianOf3QuickSort,4,29.776782
RANDOM,340000,MedianOf3QuickSort,5,29.931762
RANDOM,350000,LastQuickSort,1,32.106310
RANDOM,350000,LastQuickSort,2,29.994820
RANDOM,350000,LastQuickSort,3,29.978528
RANDOM,350000,LastQuickSort,4,27.669014
RANDOM,350000,LastQuickSort,5,28.362954
RANDOM,350000,MiddleQuickSort,1,31.887467
RANDOM,350000,MiddleQuickSort,2,28.605029
RANDOM,350000,MiddleQuickSort,3,29.961934
RANDOM,350000,MiddleQuickSort,4,27.936332
RANDOM,350000,MiddleQuickSort,5,26.069431
RANDOM,350000,MedianOf3QuickSort,1,29.726597
RANDOM,350000,MedianOf3QuickSort,2,29.181803
RANDOM,350000,MedianOf3QuickSort,3,29.232089
RANDOM,350000,MedianOf3QuickSort,4,29.414626
RANDOM,350000,MedianOf3QuickSort,5,28.645961
RANDOM,360000,LastQuickSort,1,28.860379
RANDOM,360000,LastQuickSort,2,32.258272
RANDOM,360000,LastQuickSort,3,28.248202
RANDOM,360000,LastQuickSort,4,26.651536
RANDOM,360000,LastQuickSort,5,26.642786
RANDOM,360000,MiddleQuickSort,1,26.821703
RANDOM,360000,MiddleQuickSort,2,26.720126
RANDOM,360000,MiddleQuickSort,3,26.518883
RANDOM,360000,MiddleQuickSort,4,26.474933
RANDOM,360000,MiddleQuickSort,5,26.541913
RANDOM,360000,MedianOf3QuickSort,1,30.405351
RANDOM,360000,MedianOf3QuickSort,2,34.320431
RANDOM,360000,MedianOf3QuickSort,3,30.018618
RANDOM,360000,MedianOf3QuickSort,4,30.312650
RANDOM,360000,MedianOf3QuickSort,5,29.352897
RANDOM,370000,LastQuickSort,1,28.860094
RANDOM,370000,LastQuickSort,2,27.559835
RANDOM,370000,LastQuickSort,3,27.901447
RANDOM,370000,LastQuickSort,4,27.734766
RANDOM,370000,LastQuickSort,5,27.903962
RANDOM,370000,MiddleQuickSort,1,29.016516
RANDOM,370000,MiddleQuickSort,2,29.398063
RANDOM,370000,MiddleQuickSort,3,31.608986
RANDOM,370000,MiddleQuickSort,4,30.808270
RANDOM,370000,MiddleQuickSort,5,30.115589
RANDOM,370000,MedianOf3QuickSort,1,32.386264
RANDOM,370000,MedianOf3QuickSort,2,32.766202
RANDOM,370000,MedianOf3QuickSort,3,32.279938
RANDOM,370000,MedianOf3QuickSort,4,32.196044
RANDOM,370000,MedianOf3QuickSort,5,31.445423
RANDOM,380000,LastQuickSort,1,31.814899
RANDOM,380000,LastQuickSort,2,28.839774
RANDOM,380000,LastQuickSort,3,29.199091
RANDOM,380000,LastQuickSort,4,28.898822
RANDOM,380000,LastQuickSort,5,30.226945
RANDOM,380000,MiddleQuickSort,1,32.924736
RANDOM,380000,MiddleQuickSort,2,29.449265
RANDOM,380000,MiddleQuickSort,3,28.963000
RANDOM,380000,MiddleQuickSort,4,31.647915
RANDOM,380000,MiddleQuickSort,5,29.141955
RANDOM,380000,MedianOf3QuickSort,1,36.163312
RANDOM,380000,MedianOf3QuickSort,2,34.410789
RANDOM,380000,MedianOf3QuickSort,3,33.765861
RANDOM,380000,MedianOf3QuickSort,4,32.647154
RANDOM,380000,MedianOf3QuickSort,5,34.261059
RANDOM,390000,LastQuickSort,1,34.289432
RANDOM,390000,LastQuickSort,2,31.949113
RANDOM,390000,LastQuickSort,3,30.950948
RANDOM,390000,LastQuickSort,4,31.206601
RANDOM,390000,LastQuickSort,5,31.383979
RANDOM,390000,MiddleQuickSort,1,33.384131
RANDOM,390000,MiddleQuickSort,2,30.989583
RANDOM,390000,MiddleQuickSort,3,35.778378
RANDOM,390000,MiddleQuickSort,4,31.504109
RANDOM,390000,MiddleQuickSort,5,29.998360
RANDOM,390000,MedianOf3QuickSort,1,37.280102
RANDOM,390000,MedianOf3QuickSort,2,34.708578
RANDOM,390000,MedianOf3QuickSort,3,35.221092
RANDOM,390000,MedianOf3QuickSort,4,34.444172
RANDOM,390000,MedianOf3QuickSort,5,36.247327
RANDOM,400000,LastQuickSort,1,31.267873
RANDOM,400000,LastQuickSort,2,30.507554
RANDOM,400000,LastQuickSort,3,35.033654
RANDOM,400000,LastQuickSort,4,31.917017
RANDOM,400000,LastQuickSort,5,30.365793
RANDOM,400000,MiddleQuickSort,1,36.089468
RANDOM,400000,MiddleQuickSort,2,34.792690
RANDOM,400000,MiddleQuickSort,3,31.529563
RANDOM,400000,MiddleQuickSort,4,32.395726
RANDOM,400000,MiddleQuickSort,5,31.313450
RANDOM,400000,MedianOf3QuickSort,1,40.884803
RANDOM,400000,MedianOf3QuickSort,2,38.352515
RANDOM,400000,MedianOf3QuickSort,3,36.916479
RANDOM,400000,MedianOf3QuickSort,4,36.513667
RANDOM,400000,MedianOf3QuickSort,5,36.239053
RANDOM,410000,LastQuickSort,1,33.210964
RANDOM,410000,LastQuickSort,2,32.246750
RANDOM,410000,LastQuickSort,3,31.526759
RANDOM,410000,LastQuickSort,4,32.024866
RANDOM,410000,LastQuickSort,5,32.733285
RANDOM,410000,MiddleQuickSort,1,38.118276
RANDOM,410000,MiddleQuickSort,2,34.725714
RANDOM,410000,MiddleQuickSort,3,32.431603
RANDOM,410000,MiddleQuickSort,4,35.984465
RANDOM,410000,MiddleQuickSort,5,41.248703
RANDOM,410000,MedianOf3QuickSort,1,44.102404
RANDOM,410000,MedianOf3QuickSort,2,40.690923
RANDOM,410000,MedianOf3QuickSort,3,36.789990
RANDOM,410000,MedianOf3QuickSort,4,39.917901
RANDOM,410000,MedianOf3QuickSort,5,38.643955
RANDOM,420000,LastQuickSort,1,39.139043
RANDOM,420000,LastQuickSort,2,35.065634
RANDOM,420000,LastQuickSort,3,33.087293
RANDOM,420000,LastQuickSort,4,32.969459
RANDOM,420000,LastQuickSort,5,33.094640
RANDOM,420000,MiddleQuickSort,1,37.390938
RANDOM,420000,MiddleQuickSort,2,35.317908
RANDOM,420000,MiddleQuickSort,3,34.525867
RANDOM,420000,MiddleQuickSort,4,33.102265
RANDOM,420000,MiddleQuickSort,5,32.655230
RANDOM,420000,MedianOf3QuickSort,1,38.181586
RANDOM,420000,MedianOf3QuickSort,2,37.978995
RANDOM,420000,MedianOf3QuickSort,3,37.081368
RANDOM,420000,MedianOf3QuickSort,4,39.534720
RANDOM,420000,MedianOf3QuickSort,5,38.471738
RANDOM,430000,LastQuickSort,1,38.961664
RANDOM,430000,LastQuickSort,2,35.247870
RANDOM,430000,LastQuickSort,3,34.560687
RANDOM,430000,LastQuickSort,4,34.810984
RANDOM,430000,LastQuickSort,5,33.973440
RANDOM,430000,MiddleQuickSort,1,41.950732
RANDOM,430000,MiddleQuickSort,2,34.660221
RANDOM,430000,MiddleQuickSort,3,34.751001
RANDOM,430000,MiddleQuickSort,4,34.449175
RANDOM,430000,MiddleQuickSort,5,35.130924
RANDOM,430000,MedianOf3QuickSort,1,42.598868
RANDOM,430000,MedianOf3QuickSort,2,42.468939
RANDOM,430000,MedianOf3QuickSort,3,39.943930
RANDOM,430000,MedianOf3QuickSort,4,39.402576
RANDOM,430000,MedianOf3QuickSort,5,38.776381
RANDOM,440000,LastQuickSort,1,40.017600
RANDOM,440000,LastQuickSort,2,35.919656
RANDOM,440000,LastQuickSort,3,36.661590
RANDOM,440000,LastQuickSort,4,40.361393
RANDOM,440000,LastQuickSort,5,40.389244
RANDOM,440000,MiddleQuickSort,1,39.240311
RANDOM,440000,MiddleQuickSort,2,36.669490
RANDOM,440000,MiddleQuickSort,3,35.378091
RANDOM,440000,MiddleQuickSort,4,34.956952
RANDOM,440000,MiddleQuickSort,5,35.131890
RANDOM,440000,MedianOf3QuickSort,1,45.942802
RANDOM,440000,MedianOf3QuickSort,2,45.084520
RANDOM,440000,MedianOf3QuickSort,3,43.903639
RANDOM,440000,MedianOf3QuickSort,4,43.127794
RANDOM,440000,MedianOf3QuickSort,5,47.475370
RANDOM,450000,LastQuickSort,1,40.791700
RANDOM,450000,LastQuickSort,2,35.536521
RANDOM,450000,LastQuickSort,3,35.338030
RANDOM,450000,LastQuickSort,4,35.374367
RANDOM,450000,LastQuickSort,5,37.002154
RANDOM,450000,MiddleQuickSort,1,39.211825
RANDOM,450000,MiddleQuickSort,2,36.630839
RANDOM,450000,MiddleQuickSort,3,37.042013
RANDOM,450000,MiddleQuickSort,4,37.197323
RANDOM,450000,MiddleQuickSort,5,35.992890
RANDOM,450000,MedianOf3QuickSort,1,45.540586
RANDOM,450000,MedianOf3QuickSort,2,42.663372
RANDOM,450000,MedianOf3QuickSort,3,41.972379
RANDOM,450000,MedianOf3QuickSort,4,42.526785
RANDOM,450000,MedianOf3QuickSort,5,42.059309
RANDOM,460000,LastQuickSort,1,43.322663
RANDOM,460000,LastQuickSort,2,36.819361
RANDOM,460000,LastQuickSort,3,36.933214
RANDOM,460000,LastQuickSort,4,36.803054
RANDOM,460000,LastQuickSort,5,36.474179
RANDOM,460000,MiddleQuickSort,1,39.212989
RANDOM,460000,MiddleQuickSort,2,37.758270
RANDOM,460000,MiddleQuickSort,3,37.490701
RANDOM,460000,MiddleQuickSort,4,36.675208
RANDOM,460000,MiddleQuickSort,5,37.614217
RANDOM,460000,MedianOf3QuickSort,1,45.875041
RANDOM,460000,MedianOf3QuickSort,2,43.795087
RANDOM,460000,MedianOf3QuickSort,3,42.968824
RANDOM,460000,MedianOf3QuickSort,4,45.113706
RANDOM,460000,MedianOf3QuickSort,5,43.706603
RANDOM,470000,LastQuickSort,1,42.224905
RANDOM,470000,LastQuickSort,2,40.586773
RANDOM,470000,LastQuickSort,3,37.565886
RANDOM,470000,LastQuickSort,4,37.611295
RANDOM,470000,LastQuickSort,5,38.883804
RANDOM,470000,MiddleQuickSort,1,43.178961
RANDOM,470000,MiddleQuickSort,2,40.287920
RANDOM,470000,MiddleQuickSort,3,39.693976
RANDOM,470000,MiddleQuickSort,4,38.290566
RANDOM,470000,MiddleQuickSort,5,39.334911
RANDOM,470000,MedianOf3QuickSort,1,47.766753
RANDOM,470000,MedianOf3QuickSort,2,44.943561
RANDOM,470000,MedianOf3QuickSort,3,46.223939
RANDOM,470000,MedianOf3QuickSort,4,43.577850
RANDOM,470000,MedianOf3QuickSort,5,45.454947
RANDOM,480000,LastQuickSort,1,44.029968
RANDOM,480000,LastQuickSort,2,39.373250
RANDOM,480000,LastQuickSort,3,39.820436
RANDOM,480000,LastQuickSort,4,38.795650
RANDOM,480000,LastQuickSort,5,38.745136
RANDOM,480000,MiddleQuickSort,1,45.439048
RANDOM,480000,MiddleQuickSort,2,40.557127
RANDOM,480000,MiddleQuickSort,3,39.008477
RANDOM,480000,MiddleQuickSort,4,38.798267
RANDOM,480000,MiddleQuickSort,5,38.586749
RANDOM,480000,MedianOf3QuickSort,1,46.680585
RANDOM,480000,MedianOf3QuickSort,2,47.081282
RANDOM,480000,MedianOf3QuickSort,3,47.584819
RANDOM,480000,MedianOf3QuickSort,4,46.562750
RANDOM,480000,MedianOf3QuickSort,5,47.524744
RANDOM,490000,LastQuickSort,1,45.507846
RANDOM,490000,LastQuickSort,2,41.480933
RANDOM,490000,LastQuickSort,3,42.669941
RANDOM,490000,LastQuickSort,4,41.012475
RANDOM,490000,LastQuickSort,5,41.036929
RANDOM,490000,MiddleQuickSort,1,43.021058
RANDOM,490000,MiddleQuickSort,2,42.318018
RANDOM,490000,MiddleQuickSort,3,40.273609
RANDOM,490000,MiddleQuickSort,4,40.167740
RANDOM,490000,MiddleQuickSort,5,40.535865
RANDOM,490000,MedianOf3QuickSort,1,48.354838
RANDOM,490000,MedianOf3QuickSort,2,51.069178
RANDOM,490000,MedianOf3QuickSort,3,47.797921
RANDOM,490000,MedianOf3QuickSort,4,49.606743
RANDOM,490000,MedianOf3QuickSort,5,49.351330
RANDOM,500000,LastQuickSort,1,48.671236
RANDOM,500000,LastQuickSort,2,42.009169
RANDOM,500000,LastQuickSort,3,41.658655
RANDOM,500000,LastQuickSort,4,41.369328
RANDOM,500000,LastQuickSort,5,41.194424
RANDOM,500000,MiddleQuickSort,1,48.472381
RANDOM,500000,MiddleQuickSort,2,41.537188
RANDOM,500000,MiddleQuickSort,3,42.299641
RANDOM,500000,MiddleQuickSort,4,40.946236
RANDOM,500000,MiddleQuickSort,5,42.452455
RANDOM,500000,MedianOf3QuickSort,1,52.706149
RANDOM,500000,MedianOf3QuickSort,2,50.568596
RANDOM,500000,MedianOf3QuickSort,3,49.055029
RANDOM,500000,MedianOf3QuickSort,4,48.844282
RANDOM,500000,MedianOf3QuickSort,5,50.062966
RANDOM,510000,LastQuickSort,1,43.707573
RANDOM,510000,LastQuickSort,2,43.672247
RANDOM,510000,LastQuickSort,3,42.165926
RANDOM,510000,LastQuickSort,4,42.242918
RANDOM,510000,LastQuickSort,5,42.536190
RANDOM,510000,MiddleQuickSort,1,46.673215
RANDOM,510000,MiddleQuickSort,2,42.759417
RANDOM,510000,MiddleQuickSort,3,41.536706
RANDOM,510000,MiddleQuickSort,4,41.417043
RANDOM,510000,MiddleQuickSort,5,41.552709
RANDOM,510000,MedianOf3QuickSort,1,51.660471
RANDOM,510000,MedianOf3QuickSort,2,53.122911
RANDOM,510000,MedianOf3QuickSort,3,52.291400
RANDOM,510000,MedianOf3QuickSort,4,53.103693
RANDOM,510000,MedianOf3QuickSort,5,52.469980
RANDOM,520000,LastQuickSort,1,58.288716
RANDOM,520000,LastQuickSort,2,47.532932
RANDOM,520000,LastQuickSort,3,45.018814
RANDOM,520000,LastQuickSort,4,50.687280
RANDOM,520000,LastQuickSort,5,54.018872
RANDOM,520000,MiddleQuickSort,1,50.127268
RANDOM,520000,MiddleQuickSort,2,47.195857
RANDOM,520000,MiddleQuickSort,3,49.380249
RANDOM,520000,MiddleQuickSort,4,45.081921
RANDOM,520000,MiddleQuickSort,5,43.327201
RANDOM,520000,MedianOf3QuickSort,1,55.490968
RANDOM,520000,MedianOf3QuickSort,2,52.942629
RANDOM,520000,MedianOf3QuickSort,3,51.752552
RANDOM,520000,MedianOf3QuickSort,4,50.000953
RANDOM,520000,MedianOf3QuickSort,5,50.587738
RANDOM,530000,LastQuickSort,1,60.388260
RANDOM,530000,LastQuickSort,2,47.461672
RANDOM,530000,LastQuickSort,3,44.147694
RANDOM,530000,LastQuickSort,4,43.563574
RANDOM,530000,LastQuickSort,5,43.710126
RANDOM,530000,MiddleQuickSort,1,45.307417
RANDOM,530000,MiddleQuickSort,2,44.315897
RANDOM,530000,MiddleQuickSort,3,45.623412
RANDOM,530000,MiddleQuickSort,4,53.436412
RANDOM,530000,MiddleQuickSort,5,44.666916
RANDOM,530000,MedianOf3QuickSort,1,57.954846
RANDOM,530000,MedianOf3QuickSort,2,51.865241
RANDOM,530000,MedianOf3QuickSort,3,50.913735
RANDOM,530000,MedianOf3QuickSort,4,54.084250
RANDOM,530000,MedianOf3QuickSort,5,52.227902
RANDOM,540000,LastQuickSort,1,43.877417
RANDOM,540000,LastQuickSort,2,43.234862
RANDOM,540000,LastQuickSort,3,43.139476
RANDOM,540000,LastQuickSort,4,43.319094
RANDOM,540000,LastQuickSort,5,43.178218
RANDOM,540000,MiddleQuickSort,1,45.922580
RANDOM,540000,MiddleQuickSort,2,45.510808
RANDOM,540000,MiddleQuickSort,3,47.333991
RANDOM,540000,MiddleQuickSort,4,46.293250
RANDOM,540000,MiddleQuickSort,5,47.212585
RANDOM,540000,MedianOf3QuickSort,1,60.182979
RANDOM,540000,MedianOf3QuickSort,2,53.319950
RANDOM,540000,MedianOf3QuickSort,3,52.500365
RANDOM,540000,MedianOf3QuickSort,4,52.386465
RANDOM,540000,MedianOf3QuickSort,5,52.461482
RANDOM,550000,LastQuickSort,1,50.651463
RANDOM,550000,LastQuickSort,2,45.855807
RANDOM,550000,LastQuickSort,3,46.072412
RANDOM,550000,LastQuickSort,4,45.663160
RANDOM,550000,LastQuickSort,5,45.710389
RANDOM,550000,MiddleQuickSort,1,47.004915
RANDOM,550000,MiddleQuickSort,2,46.531840
RANDOM,550000,MiddleQuickSort,3,47.187056
RANDOM,550000,MiddleQuickSort,4,49.497938
RANDOM,550000,MiddleQuickSort,5,47.061472
RANDOM,550000,MedianOf3QuickSort,1,57.945150
RANDOM,550000,MedianOf3QuickSort,2,56.891679
RANDOM,550000,MedianOf3QuickSort,3,57.247811
RANDOM,550000,MedianOf3QuickSort,4,54.517965
RANDOM,550000,MedianOf3QuickSort,5,55.095790
RANDOM,560000,LastQuickSort,1,51.795371
RANDOM,560000,LastQuickSort,2,48.820503
RANDOM,560000,LastQuickSort,3,49.651173
RANDOM,560000,LastQuickSort,4,47.489146
RANDOM,560000,LastQuickSort,5,49.188803
RANDOM,560000,MiddleQuickSort,1,56.852776
RANDOM,560000,MiddleQuickSort,2,47.217575
RANDOM,560000,MiddleQuickSort,3,49.001648
RANDOM,560000,MiddleQuickSort,4,47.746828
RANDOM,560000,MiddleQuickSort,5,52.819795
RANDOM,560000,MedianOf3QuickSort,1,61.758880
RANDOM,560000,MedianOf3QuickSort,2,58.700285
RANDOM,560000,MedianOf3QuickSort,3,55.773091
RANDOM,560000,MedianOf3QuickSort,4,55.764423
RANDOM,560000,MedianOf3QuickSort,5,57.967329
RANDOM,570000,LastQuickSort,1,48.915952
RANDOM,570000,LastQuickSort,2,47.255193
RANDOM,570000,LastQuickSort,3,47.386459
RANDOM,570000,LastQuickSort,4,47.259531
RANDOM,570000,LastQuickSort,5,47.761612
RANDOM,570000,MiddleQuickSort,1,48.323945
RANDOM,570000,MiddleQuickSort,2,50.992981
RANDOM,570000,MiddleQuickSort,3,49.924418
RANDOM,570000,MiddleQuickSort,4,49.578405
RANDOM,570000,MiddleQuickSort,5,48.652772
RANDOM,570000,MedianOf3QuickSort,1,60.681555
RANDOM,570000,MedianOf3QuickSort,2,58.331567
RANDOM,570000,MedianOf3QuickSort,3,57.403366
RANDOM,570000,MedianOf3QuickSort,4,58.706522
RANDOM,570000,MedianOf3QuickSort,5,57.550148
RANDOM,580000,LastQuickSort,1,54.378243
RANDOM,580000,LastQuickSort,2,52.365149
RANDOM,580000,LastQuickSort,3,51.509535
RANDOM,580000,LastQuickSort,4,49.997280
RANDOM,580000,LastQuickSort,5,50.241947
RANDOM,580000,MiddleQuickSort,1,53.333549
RANDOM,580000,MiddleQuickSort,2,52.824930
RANDOM,580000,MiddleQuickSort,3,50.173296
RANDOM,580000,MiddleQuickSort,4,51.736651
RANDOM,580000,MiddleQuickSort,5,63.845149
RANDOM,580000,MedianOf3QuickSort,1,77.743944
RANDOM,580000,MedianOf3QuickSort,2,62.568246
RANDOM,580000,MedianOf3QuickSort,3,65.077693
RANDOM,580000,MedianOf3QuickSort,4,59.664816
RANDOM,580000,MedianOf3QuickSort,5,61.848898
RANDOM,590000,LastQuickSort,1,50.119630
RANDOM,590000,LastQuickSort,2,50.660254
RANDOM,590000,LastQuickSort,3,50.212308
RANDOM,590000,LastQuickSort,4,49.480089
RANDOM,590000,LastQuickSort,5,50.848581
RANDOM,590000,MiddleQuickSort,1,54.159756
RANDOM,590000,MiddleQuickSort,2,51.427623
RANDOM,590000,MiddleQuickSort,3,50.382317
RANDOM,590000,MiddleQuickSort,4,51.411960
RANDOM,590000,MiddleQuickSort,5,51.910766
RANDOM,590000,MedianOf3QuickSort,1,64.041644
RANDOM,590000,MedianOf3QuickSort,2,62.002962
RANDOM,590000,MedianOf3QuickSort,3,62.148625
RANDOM,590000,MedianOf3QuickSort,4,68.000234
RANDOM,590000,MedianOf3QuickSort,5,62.952846
RANDOM,600000,LastQuickSort,1,56.473339
RANDOM,600000,LastQuickSort,2,52.638781
RANDOM,600000,LastQuickSort,3,50.672237
RANDOM,600000,LastQuickSort,4,50.569935
RANDOM,600000,LastQuickSort,5,50.473885
RANDOM,600000,MiddleQuickSort,1,53.125579
RANDOM,600000,MiddleQuickSort,2,58.424206
RANDOM,600000,MiddleQuickSort,3,53.376222
RANDOM,600000,MiddleQuickSort,4,53.087775
RANDOM,600000,MiddleQuickSort,5,53.005791
RANDOM,600000,MedianOf3QuickSort,1,67.964992
RANDOM,600000,MedianOf3QuickSort,2,63.049825
RANDOM,600000,MedianOf3QuickSort,3,62.761340
RANDOM,600000,MedianOf3QuickSort,4,62.964332
RANDOM,600000,MedianOf3QuickSort,5,63.978004
RANDOM,610000,LastQuickSort,1,59.045937
RANDOM,610000,LastQuickSort,2,54.531883
RANDOM,610000,LastQuickSort,3,58.323533
RANDOM,610000,LastQuickSort,4,54.006210
RANDOM,610000,LastQuickSort,5,53.309851
RANDOM,610000,MiddleQuickSort,1,60.283477
RANDOM,610000,MiddleQuickSort,2,54.099256
RANDOM,610000,MiddleQuickSort,3,53.326452
RANDOM,610000,MiddleQuickSort,4,54.628210
RANDOM,610000,MiddleQuickSort,5,53.482822
RANDOM,610000,MedianOf3QuickSort,1,65.773227
RANDOM,610000,MedianOf3QuickSort,2,63.967103
RANDOM,610000,MedianOf3QuickSort,3,66.289628
RANDOM,610000,MedianOf3QuickSort,4,64.422503
RANDOM,610000,MedianOf3QuickSort,5,65.773858
RANDOM,620000,LastQuickSort,1,59.534043
RANDOM,620000,LastQuickSort,2,53.036840
RANDOM,620000,LastQuickSort,3,52.886490
RANDOM,620000,LastQuickSort,4,52.765514
RANDOM,620000,LastQuickSort,5,53.190277
RANDOM,620000,MiddleQuickSort,1,56.413438
RANDOM,620000,MiddleQuickSort,2,56.377394
RANDOM,620000,MiddleQuickSort,3,54.522715
RANDOM,620000,MiddleQuickSort,4,57.001794
RANDOM,620000,MiddleQuickSort,5,55.427700
RANDOM,620000,MedianOf3QuickSort,1,72.622640
RANDOM,620000,MedianOf3QuickSort,2,66.359924
RANDOM,620000,MedianOf3QuickSort,3,65.514688
RANDOM,620000,MedianOf3QuickSort,4,66.770570
RANDOM,620000,MedianOf3QuickSort,5,69.865866
RANDOM,630000,LastQuickSort,1,62.072237
RANDOM,630000,LastQuickSort,2,56.287664
RANDOM,630000,LastQuickSort,3,55.309808
RANDOM,630000,LastQuickSort,4,56.653898
RANDOM,630000,LastQuickSort,5,54.591996
RANDOM,630000,MiddleQuickSort,1,59.201587
RANDOM,630000,MiddleQuickSort,2,57.384274
RANDOM,630000,MiddleQuickSort,3,57.144371
RANDOM,630000,MiddleQuickSort,4,55.441425
RANDOM,630000,MiddleQuickSort,5,56.475218
RANDOM,630000,MedianOf3QuickSort,1,76.093749
RANDOM,630000,MedianOf3QuickSort,2,69.508605
RANDOM,630000,MedianOf3QuickSort,3,72.586552
RANDOM,630000,MedianOf3QuickSort,4,71.767826
RANDOM,630000,MedianOf3QuickSort,5,69.511970
RANDOM,640000,LastQuickSort,1,60.466908
RANDOM,640000,LastQuickSort,2,65.225443
RANDOM,640000,LastQuickSort,3,66.115854
RANDOM,640000,LastQuickSort,4,63.817500
RANDOM,640000,LastQuickSort,5,64.885313
RANDOM,640000,MiddleQuickSort,1,62.196912
RANDOM,640000,MiddleQuickSort,2,56.789662
RANDOM,640000,MiddleQuickSort,3,56.678847
RANDOM,640000,MiddleQuickSort,4,56.398016
RANDOM,640000,MiddleQuickSort,5,58.551812
RANDOM,640000,MedianOf3QuickSort,1,73.822656
RANDOM,640000,MedianOf3QuickSort,2,70.654857
RANDOM,640000,MedianOf3QuickSort,3,73.187219
RANDOM,640000,MedianOf3QuickSort,4,68.422027
RANDOM,640000,MedianOf3QuickSort,5,75.950306
RANDOM,650000,LastQuickSort,1,57.781218
RANDOM,650000,LastQuickSort,2,56.717051
RANDOM,650000,LastQuickSort,3,56.706358
RANDOM,650000,LastQuickSort,4,58.478902
RANDOM,650000,LastQuickSort,5,58.043562
RANDOM,650000,MiddleQuickSort,1,62.812024
RANDOM,650000,MiddleQuickSort,2,63.419262
RANDOM,650000,MiddleQuickSort,3,60.197979
RANDOM,650000,MiddleQuickSort,4,58.349079
RANDOM,650000,MiddleQuickSort,5,66.228591
RANDOM,650000,MedianOf3QuickSort,1,74.314380
RANDOM,650000,MedianOf3QuickSort,2,70.816861
RANDOM,650000,MedianOf3QuickSort,3,71.371031
RANDOM,650000,MedianOf3QuickSort,4,72.089745
RANDOM,650000,MedianOf3QuickSort,5,71.521098
RANDOM,660000,LastQuickSort,1,74.089788
RANDOM,660000,LastQuickSort,2,72.577465
RANDOM,660000,LastQuickSort,3,66.760447
RANDOM,660000,LastQuickSort,4,74.700400
RANDOM,660000,LastQuickSort,5,62.614510
RANDOM,660000,MiddleQuickSort,1,69.171383
RANDOM,660000,MiddleQuickSort,2,62.466758
RANDOM,660000,MiddleQuickSort,3,61.068674
RANDOM,660000,MiddleQuickSort,4,59.229236
RANDOM,660000,MiddleQuickSort,5,59.134303
RANDOM,660000,MedianOf3QuickSort,1,75.801624
RANDOM,660000,MedianOf3QuickSort,2,74.082340
RANDOM,660000,MedianOf3QuickSort,3,75.318908
RANDOM,660000,MedianOf3QuickSort,4,74.772516
RANDOM,660000,MedianOf3QuickSort,5,73.768291
RANDOM,670000,LastQuickSort,1,67.872098
RANDOM,670000,LastQuickSort,2,62.648025
RANDOM,670000,LastQuickSort,3,60.688135
RANDOM,670000,LastQuickSort,4,61.328015
RANDOM,670000,LastQuickSort,5,64.297938
RANDOM,670000,MiddleQuickSort,1,111.041662
RANDOM,670000,MiddleQuickSort,2,78.581863
RANDOM,670000,MiddleQuickSort,3,61.952276
RANDOM,670000,MiddleQuickSort,4,59.321066
RANDOM,670000,MiddleQuickSort,5,59.892063
RANDOM,670000,MedianOf3QuickSort,1,78.857199
RANDOM,670000,MedianOf3QuickSort,2,76.089777
RANDOM,670000,MedianOf3QuickSort,3,77.578986
RANDOM,670000,MedianOf3QuickSort,4,74.320571
RANDOM,670000,MedianOf3QuickSort,5,76.543079
RANDOM,680000,LastQuickSort,1,70.586632
RANDOM,680000,LastQuickSort,2,64.174302
RANDOM,680000,LastQuickSort,3,61.973937
RANDOM,680000,LastQuickSort,4,70.432734
RANDOM,680000,LastQuickSort,5,65.395168
RANDOM,680000,MiddleQuickSort,1,66.967417
RANDOM,680000,MiddleQuickSort,2,62.074331
RANDOM,680000,MiddleQuickSort,3,62.031247
RANDOM,680000,MiddleQuickSort,4,63.154726
RANDOM,680000,MiddleQuickSort,5,63.146309
RANDOM,680000,MedianOf3QuickSort,1,79.076177
RANDOM,680000,MedianOf3QuickSort,2,78.545180
RANDOM,680000,MedianOf3QuickSort,3,78.397300
RANDOM,680000,MedianOf3QuickSort,4,90.484621
RANDOM,680000,MedianOf3QuickSort,5,83.554536
RANDOM,690000,LastQuickSort,1,74.072701
RANDOM,690000,LastQuickSort,2,62.380594
RANDOM,690000,LastQuickSort,3,64.328694
RANDOM,690000,LastQuickSort,4,68.859622
RANDOM,690000,LastQuickSort,5,68.362546
RANDOM,690000,MiddleQuickSort,1,67.381429
RANDOM,690000,MiddleQuickSort,2,64.310147
RANDOM,690000,MiddleQuickSort,3,70.875797
RANDOM,690000,MiddleQuickSort,4,62.924691
RANDOM,690000,MiddleQuickSort,5,64.249579
RANDOM,690000,MedianOf3QuickSort,1,86.032407
RANDOM,690000,MedianOf3QuickSort,2,79.368949
RANDOM,690000,MedianOf3QuickSort,3,79.637687
RANDOM,690000,MedianOf3QuickSort,4,82.756804
RANDOM,690000,MedianOf3QuickSort,5,79.881646
RANDOM,700000,LastQuickSort,1,74.124813
RANDOM,700000,LastQuickSort,2,66.607896
RANDOM,700000,LastQuickSort,3,65.685723
RANDOM,700000,LastQuickSort,4,67.941651
RANDOM,700000,LastQuickSort,5,65.010119
RANDOM,700000,MiddleQuickSort,1,72.482297
RANDOM,700000,MiddleQuickSort,2,66.760071
RANDOM,700000,MiddleQuickSort,3,65.599572
RANDOM,700000,MiddleQuickSort,4,65.908733
RANDOM,700000,MiddleQuickSort,5,64.158542
RANDOM,700000,MedianOf3QuickSort,1,87.044715
RANDOM,700000,MedianOf3QuickSort,2,81.400725
RANDOM,700000,MedianOf3QuickSort,3,81.778484
RANDOM,700000,MedianOf3QuickSort,4,85.720053
RANDOM,700000,MedianOf3QuickSort,5,81.971377
RANDOM,710000,LastQuickSort,1,73.625274
RANDOM,710000,LastQuickSort,2,66.772238
RANDOM,710000,LastQuickSort,3,68.066892
RANDOM,710000,LastQuickSort,4,65.637157
RANDOM,710000,LastQuickSort,5,65.685330
RANDOM,710000,MiddleQuickSort,1,71.351084
RANDOM,710000,MiddleQuickSort,2,66.162189
RANDOM,710000,MiddleQuickSort,3,66.594926
RANDOM,710000,MiddleQuickSort,4,66.750853
RANDOM,710000,MiddleQuickSort,5,67.995248
RANDOM,710000,MedianOf3QuickSort,1,85.220896
RANDOM,710000,MedianOf3QuickSort,2,82.262520
RANDOM,710000,MedianOf3QuickSort,3,81.970347
RANDOM,710000,MedianOf3QuickSort,4,82.913032
RANDOM,710000,MedianOf3QuickSort,5,83.958629
RANDOM,720000,LastQuickSort,1,74.090014
RANDOM,720000,LastQuickSort,2,66.755772
RANDOM,720000,LastQuickSort,3,66.583079
RANDOM,720000,LastQuickSort,4,67.111948
RANDOM,720000,LastQuickSort,5,70.565136
RANDOM,720000,MiddleQuickSort,1,73.380269
RANDOM,720000,MiddleQuickSort,2,67.691246
RANDOM,720000,MiddleQuickSort,3,68.558043
RANDOM,720000,MiddleQuickSort,4,66.814003
RANDOM,720000,MiddleQuickSort,5,69.989916
RANDOM,720000,MedianOf3QuickSort,1,89.739035
RANDOM,720000,MedianOf3QuickSort,2,84.645822
RANDOM,720000,MedianOf3QuickSort,3,85.540742
RANDOM,720000,MedianOf3QuickSort,4,86.051882
RANDOM,720000,MedianOf3QuickSort,5,86.337733
RANDOM,730000,LastQuickSort,1,72.775921
RANDOM,730000,LastQuickSort,2,71.787558
RANDOM,730000,LastQuickSort,3,68.896112
RANDOM,730000,LastQuickSort,4,70.783586
RANDOM,730000,LastQuickSort,5,75.237324
RANDOM,730000,MiddleQuickSort,1,101.776597
RANDOM,730000,MiddleQuickSort,2,82.909796
RANDOM,730000,MiddleQuickSort,3,73.317498
RANDOM,730000,MiddleQuickSort,4,67.298400
RANDOM,730000,MiddleQuickSort,5,68.267155
RANDOM,730000,MedianOf3QuickSort,1,87.648675
RANDOM,730000,MedianOf3QuickSort,2,86.792504
RANDOM,730000,MedianOf3QuickSort,3,85.922980
RANDOM,730000,MedianOf3QuickSort,4,84.522937
RANDOM,730000,MedianOf3QuickSort,5,86.133450
RANDOM,740000,LastQuickSort,1,72.979648
RANDOM,740000,LastQuickSort,2,70.352608
RANDOM,740000,LastQuickSort,3,90.460719
RANDOM,740000,LastQuickSort,4,83.837127
RANDOM,740000,LastQuickSort,5,70.119195
RANDOM,740000,MiddleQuickSort,1,70.770779
RANDOM,740000,MiddleQuickSort,2,71.084006
RANDOM,740000,MiddleQuickSort,3,69.485002
RANDOM,740000,MiddleQuickSort,4,72.803132
RANDOM,740000,MiddleQuickSort,5,72.853493
RANDOM,740000,MedianOf3QuickSort,1,91.716037
RANDOM,740000,MedianOf3QuickSort,2,88.076538
RANDOM,740000,MedianOf3QuickSort,3,89.493127
RANDOM,740000,MedianOf3QuickSort,4,92.551959
RANDOM,740000,MedianOf3QuickSort,5,90.296194
RANDOM,750000,LastQuickSort,1,76.419338
RANDOM,750000,LastQuickSort,2,71.905493
RANDOM,750000,LastQuickSort,3,71.655534
RANDOM,750000,LastQuickSort,4,74.405286
RANDOM,750000,LastQuickSort,5,72.534011
RANDOM,750000,MiddleQuickSort,1,78.941753
RANDOM,750000,MiddleQuickSort,2,73.082392
RANDOM,750000,MiddleQuickSort,3,73.816886
RANDOM,750000,MiddleQuickSort,4,78.372689
RANDOM,750000,MiddleQuickSort,5,93.350309
RANDOM,750000,MedianOf3QuickSort,1,97.087028
RANDOM,750000,MedianOf3QuickSort,2,96.487138
RANDOM,750000,MedianOf3QuickSort,3,95.428857
RANDOM,750000,MedianOf3QuickSort,4,94.292032
RANDOM,750000,MedianOf3QuickSort,5,94.643015
RANDOM,760000,LastQuickSort,1,74.005172
RANDOM,760000,LastQuickSort,2,74.214254
RANDOM,760000,LastQuickSort,3,77.395836
RANDOM,760000,LastQuickSort,4,78.085735
RANDOM,760000,LastQuickSort,5,73.948351
RANDOM,760000,MiddleQuickSort,1,74.461229
RANDOM,760000,MiddleQuickSort,2,75.031941
RANDOM,760000,MiddleQuickSort,3,74.263654
RANDOM,760000,MiddleQuickSort,4,72.155746
RANDOM,760000,MiddleQuickSort,5,72.803025
RANDOM,760000,MedianOf3QuickSort,1,96.577756
RANDOM,760000,MedianOf3QuickSort,2,97.756841
RANDOM,760000,MedianOf3QuickSort,3,97.378230
RANDOM,760000,MedianOf3QuickSort,4,95.841154
RANDOM,760000,MedianOf3QuickSort,5,91.480994
RANDOM,770000,LastQuickSort,1,97.854813
RANDOM,770000,LastQuickSort,2,97.492702
RANDOM,770000,LastQuickSort,3,93.461384
RANDOM,770000,LastQuickSort,4,75.587379
RANDOM,770000,LastQuickSort,5,78.824311
RANDOM,770000,MiddleQuickSort,1,87.640539
RANDOM,770000,MiddleQuickSort,2,75.413033
RANDOM,770000,MiddleQuickSort,3,73.716649
RANDOM,770000,MiddleQuickSort,4,75.864643
RANDOM,770000,MiddleQuickSort,5,90.906244
RANDOM,770000,MedianOf3QuickSort,1,111.614060
RANDOM,770000,MedianOf3QuickSort,2,101.668957
RANDOM,770000,MedianOf3QuickSort,3,96.564267
RANDOM,770000,MedianOf3QuickSort,4,100.097682
RANDOM,770000,MedianOf3QuickSort,5,92.460537
RANDOM,780000,LastQuickSort,1,84.061610
RANDOM,780000,LastQuickSort,2,78.711827
RANDOM,780000,LastQuickSort,3,83.374285
RANDOM,780000,LastQuickSort,4,76.994672
RANDOM,780000,LastQuickSort,5,75.415867
RANDOM,780000,MiddleQuickSort,1,79.320467
RANDOM,780000,MiddleQuickSort,2,75.081713
RANDOM,780000,MiddleQuickSort,3,84.038468
RANDOM,780000,MiddleQuickSort,4,84.663913
RANDOM,780000,MiddleQuickSort,5,104.193486
RANDOM,780000,MedianOf3QuickSort,1,109.591891
RANDOM,780000,MedianOf3QuickSort,2,113.810350
RANDOM,780000,MedianOf3QuickSort,3,104.464027
RANDOM,780000,MedianOf3QuickSort,4,102.035697
RANDOM,780000,MedianOf3QuickSort,5,106.198809
RANDOM,790000,LastQuickSort,1,100.678986
RANDOM,790000,LastQuickSort,2,101.649575
RANDOM,790000,LastQuickSort,3,85.723280
RANDOM,790000,LastQuickSort,4,77.130584
RANDOM,790000,LastQuickSort,5,80.022347
RANDOM,790000,MiddleQuickSort,1,77.743462
RANDOM,790000,MiddleQuickSort,2,77.848029
RANDOM,790000,MiddleQuickSort,3,79.285302
RANDOM,790000,MiddleQuickSort,4,84.465361
RANDOM,790000,MiddleQuickSort,5,78.172298
RANDOM,790000,MedianOf3QuickSort,1,96.792735
RANDOM,790000,MedianOf3QuickSort,2,98.312635
RANDOM,790000,MedianOf3QuickSort,3,102.351914
RANDOM,790000,MedianOf3QuickSort,4,102.593234
RANDOM,790000,MedianOf3QuickSort,5,103.404644
RANDOM,800000,LastQuickSort,1,84.005976
RANDOM,800000,LastQuickSort,2,80.984001
RANDOM,800000,LastQuickSort,3,80.959850
RANDOM,800000,LastQuickSort,4,84.483649
RANDOM,800000,LastQuickSort,5,83.462273
RANDOM,800000,MiddleQuickSort,1,84.082747
RANDOM,800000,MiddleQuickSort,2,80.769864
RANDOM,800000,MiddleQuickSort,3,81.166741
RANDOM,800000,MiddleQuickSort,4,81.625708
RANDOM,800000,MiddleQuickSort,5,79.515432
RANDOM,800000,MedianOf3QuickSort,1,107.393280
RANDOM,800000,MedianOf3QuickSort,2,107.002693
RANDOM,800000,MedianOf3QuickSort,3,127.927631
RANDOM,800000,MedianOf3QuickSort,4,111.713239
RANDOM,800000,MedianOf3QuickSort,5,111.347323
RANDOM,810000,LastQuickSort,1,82.957191
RANDOM,810000,LastQuickSort,2,81.651430
RANDOM,810000,LastQuickSort,3,81.139591
RANDOM,810000,LastQuickSort,4,83.593820
RANDOM,810000,LastQuickSort,5,90.999679
RANDOM,810000,MiddleQuickSort,1,93.061927
RANDOM,810000,MiddleQuickSort,2,86.194737
RANDOM,810000,MiddleQuickSort,3,80.832793
RANDOM,810000,MiddleQuickSort,4,78.369628
RANDOM,810000,MiddleQuickSort,5,80.975004
RANDOM,810000,MedianOf3QuickSort,1,109.663634
RANDOM,810000,MedianOf3QuickSort,2,106.942516
RANDOM,810000,MedianOf3QuickSort,3,105.181042
RANDOM,810000,MedianOf3QuickSort,4,100.867732
RANDOM,810000,MedianOf3QuickSort,5,105.059765
RANDOM,820000,LastQuickSort,1,83.936862
RANDOM,820000,LastQuickSort,2,79.179914
RANDOM,820000,LastQuickSort,3,79.098572
RANDOM,820000,LastQuickSort,4,80.001820
RANDOM,820000,LastQuickSort,5,88.152818
RANDOM,820000,MiddleQuickSort,1,83.331246
RANDOM,820000,MiddleQuickSort,2,77.908186
RANDOM,820000,MiddleQuickSort,3,77.686854
RANDOM,820000,MiddleQuickSort,4,78.716713
RANDOM,820000,MiddleQuickSort,5,95.445969
RANDOM,820000,MedianOf3QuickSort,1,104.646452
RANDOM,820000,MedianOf3QuickSort,2,105.533084
RANDOM,820000,MedianOf3QuickSort,3,116.493645
RANDOM,820000,MedianOf3QuickSort,4,107.489053
RANDOM,820000,MedianOf3QuickSort,5,106.379543
RANDOM,830000,LastQuickSort,1,87.169265
RANDOM,830000,LastQuickSort,2,93.196068
RANDOM,830000,LastQuickSort,3,96.880697
RANDOM,830000,LastQuickSort,4,80.158646
RANDOM,830000,LastQuickSort,5,81.503517
RANDOM,830000,MiddleQuickSort,1,82.299508
RANDOM,830000,MiddleQuickSort,2,82.199455
RANDOM,830000,MiddleQuickSort,3,83.415083
RANDOM,830000,MiddleQuickSort,4,84.714356
RANDOM,830000,MiddleQuickSort,5,84.109614
RANDOM,830000,MedianOf3QuickSort,1,108.408029
RANDOM,830000,MedianOf3QuickSort,2,109.354718
RANDOM,830000,MedianOf3QuickSort,3,103.261194
RANDOM,830000,MedianOf3QuickSort,4,103.961790
RANDOM,830000,MedianOf3QuickSort,5,100.315406
RANDOM,840000,LastQuickSort,1,84.696450
RANDOM,840000,LastQuickSort,2,80.031133
RANDOM,840000,LastQuickSort,3,79.546287
RANDOM,840000,LastQuickSort,4,79.397200
RANDOM,840000,LastQuickSort,5,79.399161
RANDOM,840000,MiddleQuickSort,1,81.592549
RANDOM,840000,MiddleQuickSort,2,79.977576
RANDOM,840000,MiddleQuickSort,3,83.579362
RANDOM,840000,MiddleQuickSort,4,96.122887
RANDOM,840000,MiddleQuickSort,5,88.415538
RANDOM,840000,MedianOf3QuickSort,1,109.298197
RANDOM,840000,MedianOf3QuickSort,2,105.392750
RANDOM,840000,MedianOf3QuickSort,3,105.258652
RANDOM,840000,MedianOf3QuickSort,4,106.949958
RANDOM,840000,MedianOf3QuickSort,5,112.552900
RANDOM,850000,LastQuickSort,1,103.887245
RANDOM,850000,LastQuickSort,2,91.796370
RANDOM,850000,LastQuickSort,3,85.136047
RANDOM,850000,LastQuickSort,4,83.974273
RANDOM,850000,LastQuickSort,5,87.009531
RANDOM,850000,MiddleQuickSort,1,89.726580
RANDOM,850000,MiddleQuickSort,2,84.302139
RANDOM,850000,MiddleQuickSort,3,87.243482
RANDOM,850000,MiddleQuickSort,4,87.004800
RANDOM,850000,MiddleQuickSort,5,84.092811
RANDOM,850000,MedianOf3QuickSort,1,108.665456
RANDOM,850000,MedianOf3QuickSort,2,115.696124
RANDOM,850000,MedianOf3QuickSort,3,109.569669
RANDOM,850000,MedianOf3QuickSort,4,109.765419
RANDOM,850000,MedianOf3QuickSort,5,123.918815
RANDOM,860000,LastQuickSort,1,107.709104
RANDOM,860000,LastQuickSort,2,82.263961
RANDOM,860000,LastQuickSort,3,82.392517
RANDOM,860000,LastQuickSort,4,82.340048
RANDOM,860000,LastQuickSort,5,91.604235
RANDOM,860000,MiddleQuickSort,1,86.047193
RANDOM,860000,MiddleQuickSort,2,84.168033
RANDOM,860000,MiddleQuickSort,3,86.441600
RANDOM,860000,MiddleQuickSort,4,85.472902
RANDOM,860000,MiddleQuickSort,5,92.851347
RANDOM,860000,MedianOf3QuickSort,1,113.071176
RANDOM,860000,MedianOf3QuickSort,2,110.418450
RANDOM,860000,MedianOf3QuickSort,3,109.892500
RANDOM,860000,MedianOf3QuickSort,4,109.943411
RANDOM,860000,MedianOf3QuickSort,5,108.056927
RANDOM,870000,LastQuickSort,1,87.062875
RANDOM,870000,LastQuickSort,2,85.838167
RANDOM,870000,LastQuickSort,3,84.955397
RANDOM,870000,LastQuickSort,4,94.587053
RANDOM,870000,LastQuickSort,5,96.752489
RANDOM,870000,MiddleQuickSort,1,95.024368
RANDOM,870000,MiddleQuickSort,2,86.882621
RANDOM,870000,MiddleQuickSort,3,86.949420
RANDOM,870000,MiddleQuickSort,4,86.842026
RANDOM,870000,MiddleQuickSort,5,87.360234
RANDOM,870000,MedianOf3QuickSort,1,121.111031
RANDOM,870000,MedianOf3QuickSort,2,121.502453
RANDOM,870000,MedianOf3QuickSort,3,116.580730
RANDOM,870000,MedianOf3QuickSort,4,121.545989
RANDOM,870000,MedianOf3QuickSort,5,115.725891
RANDOM,880000,LastQuickSort,1,87.725747
RANDOM,880000,LastQuickSort,2,89.228798
RANDOM,880000,LastQuickSort,3,92.423030
RANDOM,880000,LastQuickSort,4,89.783742
RANDOM,880000,LastQuickSort,5,89.160089
RANDOM,880000,MiddleQuickSort,1,96.951783
RANDOM,880000,MiddleQuickSort,2,87.825726
RANDOM,880000,MiddleQuickSort,3,97.943268
RANDOM,880000,MiddleQuickSort,4,91.711703
RANDOM,880000,MiddleQuickSort,5,97.107094
RANDOM,880000,MedianOf3QuickSort,1,120.439787
RANDOM,880000,MedianOf3QuickSort,2,118.071591
RANDOM,880000,MedianOf3QuickSort,3,115.784661
RANDOM,880000,MedianOf3QuickSort,4,116.906266
RANDOM,880000,MedianOf3QuickSort,5,118.317161
RANDOM,890000,LastQuickSort,1,106.074893
RANDOM,890000,LastQuickSort,2,101.388296
RANDOM,890000,LastQuickSort,3,93.817217
RANDOM,890000,LastQuickSort,4,89.883180
RANDOM,890000,LastQuickSort,5,88.620802
RANDOM,890000,MiddleQuickSort,1,88.675153
RANDOM,890000,MiddleQuickSort,2,87.886392
RANDOM,890000,MiddleQuickSort,3,89.746948
RANDOM,890000,MiddleQuickSort,4,90.776558
RANDOM,890000,MiddleQuickSort,5,90.890350
RANDOM,890000,MedianOf3QuickSort,1,120.065490
RANDOM,890000,MedianOf3QuickSort,2,117.956692
RANDOM,890000,MedianOf3QuickSort,3,119.348705
RANDOM,890000,MedianOf3QuickSort,4,116.639268
RANDOM,890000,MedianOf3QuickSort,5,119.897681
RANDOM,900000,LastQuickSort,1,98.462529
RANDOM,900000,LastQuickSort,2,90.094379
RANDOM,900000,LastQuickSort,3,91.497175
RANDOM,900000,LastQuickSort,4,91.743307
RANDOM,900000,LastQuickSort,5,90.602948
RANDOM,900000,MiddleQuickSort,1,98.442504
RANDOM,900000,MiddleQuickSort,2,94.087634
RANDOM,900000,MiddleQuickSort,3,100.850938
RANDOM,900000,MiddleQuickSort,4,100.850738
RANDOM,900000,MiddleQuickSort,5,96.819423
RANDOM,900000,MedianOf3QuickSort,1,124.492668
RANDOM,900000,MedianOf3QuickSort,2,127.159587
RANDOM,900000,MedianOf3QuickSort,3,124.478349
RANDOM,900000,MedianOf3QuickSort,4,120.043687
RANDOM,900000,MedianOf3QuickSort,5,128.311375
RANDOM,910000,LastQuickSort,1,98.760458
RANDOM,910000,LastQuickSort,2,100.522365
RANDOM,910000,LastQuickSort,3,98.632892
RANDOM,910000,LastQuickSort,4,93.462030
RANDOM,910000,LastQuickSort,5,93.156972
RANDOM,910000,MiddleQuickSort,1,99.591686
RANDOM,910000,MiddleQuickSort,2,90.362834
RANDOM,910000,MiddleQuickSort,3,95.523491
RANDOM,910000,MiddleQuickSort,4,91.263665
RANDOM,910000,MiddleQuickSort,5,93.255802
RANDOM,910000,MedianOf3QuickSort,1,122.430945
RANDOM,910000,MedianOf3QuickSort,2,128.310312
RANDOM,910000,MedianOf3QuickSort,3,122.219065
RANDOM,910000,MedianOf3QuickSort,4,124.507288
RANDOM,910000,MedianOf3QuickSort,5,121.041609
RANDOM,920000,LastQuickSort,1,103.007985
RANDOM,920000,LastQuickSort,2,94.309642
RANDOM,920000,LastQuickSort,3,92.918901
RANDOM,920000,LastQuickSort,4,95.774485
RANDOM,920000,LastQuickSort,5,98.610829
RANDOM,920000,MiddleQuickSort,1,100.923614
RANDOM,920000,MiddleQuickSort,2,100.974216
RANDOM,920000,MiddleQuickSort,3,93.776137
RANDOM,920000,MiddleQuickSort,4,93.673128
RANDOM,920000,MiddleQuickSort,5,96.358868
RANDOM,920000,MedianOf3QuickSort,1,128.961602
RANDOM,920000,MedianOf3QuickSort,2,133.008714
RANDOM,920000,MedianOf3QuickSort,3,123.084352
RANDOM,920000,MedianOf3QuickSort,4,124.164505
RANDOM,920000,MedianOf3QuickSort,5,123.027101
RANDOM,930000,LastQuickSort,1,105.567292
RANDOM,930000,LastQuickSort,2,96.074221
RANDOM,930000,LastQuickSort,3,97.791456
RANDOM,930000,LastQuickSort,4,95.583426
RANDOM,930000,LastQuickSort,5,96.360176
RANDOM,930000,MiddleQuickSort,1,106.597915
RANDOM,930000,MiddleQuickSort,2,97.334607
RANDOM,930000,MiddleQuickSort,3,97.439340
RANDOM,930000,MiddleQuickSort,4,97.055921
RANDOM,930000,MiddleQuickSort,5,99.046148
RANDOM,930000,MedianOf3QuickSort,1,133.972070
RANDOM,930000,MedianOf3QuickSort,2,126.221633
RANDOM,930000,MedianOf3QuickSort,3,125.643294
RANDOM,930000,MedianOf3QuickSort,4,127.804866
RANDOM,930000,MedianOf3QuickSort,5,126.830643
RANDOM,940000,LastQuickSort,1,106.847084
RANDOM,940000,LastQuickSort,2,115.505177
RANDOM,940000,LastQuickSort,3,106.965014
RANDOM,940000,LastQuickSort,4,95.065693
RANDOM,940000,LastQuickSort,5,101.269531
RANDOM,940000,MiddleQuickSort,1,101.730514
RANDOM,940000,MiddleQuickSort,2,97.896323
RANDOM,940000,MiddleQuickSort,3,96.443923
RANDOM,940000,MiddleQuickSort,4,96.490787
RANDOM,940000,MiddleQuickSort,5,104.221443
RANDOM,940000,MedianOf3QuickSort,1,134.812143
RANDOM,940000,MedianOf3QuickSort,2,137.169614
RANDOM,940000,MedianOf3QuickSort,3,125.528250
RANDOM,940000,MedianOf3QuickSort,4,129.975506
RANDOM,940000,MedianOf3QuickSort,5,129.563333
RANDOM,950000,LastQuickSort,1,106.772501
RANDOM,950000,LastQuickSort,2,100.193691
RANDOM,950000,LastQuickSort,3,98.307866
RANDOM,950000,LastQuickSort,4,102.224877
RANDOM,950000,LastQuickSort,5,101.475465
RANDOM,950000,MiddleQuickSort,1,105.172504
RANDOM,950000,MiddleQuickSort,2,98.853477
RANDOM,950000,MiddleQuickSort,3,96.844197
RANDOM,950000,MiddleQuickSort,4,104.416663
RANDOM,950000,MiddleQuickSort,5,100.179136
RANDOM,950000,MedianOf3QuickSort,1,211.112911
RANDOM,950000,MedianOf3QuickSort,2,134.207353
RANDOM,950000,MedianOf3QuickSort,3,127.585210
RANDOM,950000,MedianOf3QuickSort,4,131.222841
RANDOM,950000,MedianOf3QuickSort,5,134.565720
RANDOM,960000,LastQuickSort,1,103.332259
RANDOM,960000,LastQuickSort,2,98.947847
RANDOM,960000,LastQuickSort,3,105.640538
RANDOM,960000,LastQuickSort,4,111.519666
RANDOM,960000,LastQuickSort,5,105.760181
RANDOM,960000,MiddleQuickSort,1,122.228080
RANDOM,960000,MiddleQuickSort,2,115.516151
RANDOM,960000,MiddleQuickSort,3,122.105642
RANDOM,960000,MiddleQuickSort,4,147.158418
RANDOM,960000,MiddleQuickSort,5,105.821399
RANDOM,960000,MedianOf3QuickSort,1,133.615541
RANDOM,960000,MedianOf3QuickSort,2,140.592219
RANDOM,960000,MedianOf3QuickSort,3,142.546363
RANDOM,960000,MedianOf3QuickSort,4,146.232933
RANDOM,960000,MedianOf3QuickSort,5,136.981667
RANDOM,970000,LastQuickSort,1,105.520685
RANDOM,970000,LastQuickSort,2,100.670579
RANDOM,970000,LastQuickSort,3,102.449966
RANDOM,970000,LastQuickSort,4,102.072612
RANDOM,970000,LastQuickSort,5,104.729813
RANDOM,970000,MiddleQuickSort,1,111.355046
RANDOM,970000,MiddleQuickSort,2,102.562831
RANDOM,970000,MiddleQuickSort,3,104.368441
RANDOM,970000,MiddleQuickSort,4,120.759522
RANDOM,970000,MiddleQuickSort,5,103.192089
RANDOM,970000,MedianOf3QuickSort,1,137.949723
RANDOM,970000,MedianOf3QuickSort,2,136.310152
RANDOM,970000,MedianOf3QuickSort,3,136.574455
RANDOM,970000,MedianOf3QuickSort,4,136.392785
RANDOM,970000,MedianOf3QuickSort,5,134.234686
RANDOM,980000,LastQuickSort,1,110.503238
RANDOM,980000,LastQuickSort,2,104.617375
RANDOM,980000,LastQuickSort,3,105.722930
RANDOM,980000,LastQuickSort,4,102.603920
RANDOM,980000,LastQuickSort,5,103.245667
RANDOM,980000,MiddleQuickSort,1,108.717311
RANDOM,980000,MiddleQuickSort,2,102.310879
RANDOM,980000,MiddleQuickSort,3,101.466088
RANDOM,980000,MiddleQuickSort,4,103.586709
RANDOM,980000,MiddleQuickSort,5,105.695560
RANDOM,980000,MedianOf3QuickSort,1,140.869969
RANDOM,980000,MedianOf3QuickSort,2,140.232646
RANDOM,980000,MedianOf3QuickSort,3,139.696429
RANDOM,980000,MedianOf3QuickSort,4,137.942206
RANDOM,980000,MedianOf3QuickSort,5,137.233253
RANDOM,990000,LastQuickSort,1,115.654063
RANDOM,990000,LastQuickSort,2,113.222334
RANDOM,990000,LastQuickSort,3,108.577516
RANDOM,990000,LastQuickSort,4,107.912735
RANDOM,990000,LastQuickSort,5,109.371492
RANDOM,990000,MiddleQuickSort,1,112.435101
RANDOM,990000,MiddleQuickSort,2,102.808296
RANDOM,990000,MiddleQuickSort,3,106.131901
RANDOM,990000,MiddleQuickSort,4,104.837087
RANDOM,990000,MiddleQuickSort,5,105.301657
RANDOM,990000,MedianOf3QuickSort,1,157.900761
RANDOM,990000,MedianOf3QuickSort,2,148.647412
RANDOM,990000,MedianOf3QuickSort,3,137.492453
RANDOM,990000,MedianOf3QuickSort,4,141.430214
RANDOM,990000,MedianOf3QuickSort,5,143.757790
RANDOM,1000000,LastQuickSort,1,107.480830
RANDOM,1000000,LastQuickSort,2,102.746583
RANDOM,1000000,LastQuickSort,3,102.917433
RANDOM,1000000,LastQuickSort,4,111.804295
RANDOM,1000000,LastQuickSort,5,106.375705
RANDOM,1000000,MiddleQuickSort,1,116.499575
RANDOM,1000000,MiddleQuickSort,2,104.655826
RANDOM,1000000,MiddleQuickSort,3,105.060113
RANDOM,1000000,MiddleQuickSort,4,105.498006
RANDOM,1000000,MiddleQuickSort,5,107.238269
RANDOM,1000000,MedianOf3QuickSort,1,147.850133
RANDOM,1000000,MedianOf3QuickSort,2,142.106061
RANDOM,1000000,MedianOf3QuickSort,3,144.434099
RANDOM,1000000,MedianOf3QuickSort,4,147.804850
RANDOM,1000000,MedianOf3QuickSort,5,150.970721
Forward-Sorted,10000,LastQuickSort,1,53.089648
Forward-Sorted,10000,LastQuickSort,2,45.390667
Forward-Sorted,10000,LastQuickSort,3,45.002242
Forward-Sorted,10000,LastQuickSort,4,44.952401
Forward-Sorted,10000,LastQuickSort,5,44.889939
Random,10000,LastQuickSort,1,0.582184
Random,10000,LastQuickSort,2,0.550785
Random,10000,LastQuickSort,3,0.558434
Random,10000,LastQuickSort,4,0.548269
Random,10000,LastQuickSort,5,0.542332
Reverse-Sorted,10000,LastQuickSort,1,45.470009
Reverse-Sorted,10000,LastQuickSort,2,49.674110
Reverse-Sorted,10000,LastQuickSort,3,42.809676
Reverse-Sorted,10000,LastQuickSort,4,34.603351
Reverse-Sorted,10000,LastQuickSort,5,34.753501
