DataType,ArraySize,Algorithm,TrialNumber,TimeMS
Random,100,InsertionSort,1,0.058960
Random,100,InsertionSort,2,0.073530
Random,100,InsertionSort,3,0.074113
Random,100,InsertionSort,4,0.066438
Random,100,InsertionSort,5,0.055560
Random,100,LastQuickSort,1,0.140939
Random,100,LastQuickSort,2,0.153566
Random,100,LastQuickSort,3,0.042447
Random,100,LastQuickSort,4,0.210001
Random,100,LastQuickSort,5,0.036133
Random,100,MiddleQuickSort,1,0.216508
Random,100,MiddleQuickSort,2,0.233215
Random,100,MiddleQuickSort,3,0.059542
Random,100,MiddleQuickSort,4,0.190186
Random,100,MiddleQuickSort,5,0.039630
Random,100,MedianOf3QuickSort,1,0.167068
Random,100,MedianOf3QuickSort,2,0.201064
Random,100,MedianOf3QuickSort,3,0.046818
Random,100,MedianOf3QuickSort,4,0.163668
Random,100,MedianOf3QuickSort,5,0.132198
Random,100,TwoPointerQuickSort,1,0.735197
Random,100,TwoPointerQuickSort,2,0.191837
Random,100,TwoPointerQuickSort,3,0.037494
Random,100,TwoPointerQuickSort,4,0.174159
Random,100,TwoPointerQuickSort,5,0.030208
Random,500,InsertionSort,1,1.612791
Random,500,InsertionSort,2,0.375515
Random,500,InsertionSort,3,0.383480
Random,500,InsertionSort,4,0.361334
Random,500,InsertionSort,5,0.211458
Random,500,LastQuickSort,1,0.071004
Random,500,LastQuickSort,2,0.043030
Random,500,LastQuickSort,3,0.125301
Random,500,LastQuickSort,4,0.041185
Random,500,LastQuickSort,5,0.041864
Random,500,MiddleQuickSort,1,0.082951
Random,500,MiddleQuickSort,2,0.048081
Random,500,MiddleQuickSort,3,0.057989
Random,500,MiddleQuickSort,4,0.042933
Random,500,MiddleQuickSort,5,0.049246
Random,500,MedianOf3QuickSort,1,0.092179
Random,500,MedianOf3QuickSort,2,0.047400
Random,500,MedianOf3QuickSort,3,0.149488
Random,500,MedianOf3QuickSort,4,0.050120
Random,500,MedianOf3QuickSort,5,0.044001
Random,500,TwoPointerQuickSort,1,0.182707
Random,500,TwoPointerQuickSort,2,0.063622
Random,500,TwoPointerQuickSort,3,0.053131
Random,500,TwoPointerQuickSort,4,0.043807
Random,500,TwoPointerQuickSort,5,0.047789
Random,1000,InsertionSort,1,0.522865
Random,1000,InsertionSort,2,0.390377
Random,1000,InsertionSort,3,0.406695
Random,1000,InsertionSort,4,0.361625
Random,1000,InsertionSort,5,0.363956
Random,1000,LastQuickSort,1,0.080425
Random,1000,LastQuickSort,2,0.041476
Random,1000,LastQuickSort,3,0.035162
Random,1000,LastQuickSort,4,0.045070
Random,1000,LastQuickSort,5,0.237198
Random,1000,MiddleQuickSort,1,0.065468
Random,1000,MiddleQuickSort,2,0.041282
Random,1000,MiddleQuickSort,3,0.077803
Random,1000,MiddleQuickSort,4,0.118793
Random,1000,MiddleQuickSort,5,0.040795
Random,1000,MedianOf3QuickSort,1,0.071198
Random,1000,MedianOf3QuickSort,2,0.038076
Random,1000,MedianOf3QuickSort,3,0.113839
Random,1000,MedianOf3QuickSort,4,0.033316
Random,1000,MedianOf3QuickSort,5,0.032248
Random,1000,TwoPointerQuickSort,1,0.383577
Random,1000,TwoPointerQuickSort,2,0.435543
Random,1000,TwoPointerQuickSort,3,0.295381
Random,1000,TwoPointerQuickSort,4,0.353369
Random,1000,TwoPointerQuickSort,5,0.372018
Random,5000,InsertionSort,1,7.147897
Random,5000,InsertionSort,2,2.454057
Random,5000,InsertionSort,3,2.074560
Random,5000,InsertionSort,4,2.164990
Random,5000,InsertionSort,5,2.204232
Random,5000,LastQuickSort,1,0.267406
Random,5000,LastQuickSort,2,0.255362
Random,5000,LastQuickSort,3,0.293826
Random,5000,LastQuickSort,4,0.261966
Random,5000,LastQuickSort,5,0.245454
Random,5000,MiddleQuickSort,1,0.277314
Random,5000,MiddleQuickSort,2,0.255265
Random,5000,MiddleQuickSort,3,0.249631
Random,5000,MiddleQuickSort,4,0.248951
Random,5000,MiddleQuickSort,5,0.246620
Random,5000,MedianOf3QuickSort,1,0.287609
Random,5000,MedianOf3QuickSort,2,0.235547
Random,5000,MedianOf3QuickSort,3,0.230399
Random,5000,MedianOf3QuickSort,4,0.231176
Random,5000,MedianOf3QuickSort,5,0.230301
Random,5000,TwoPointerQuickSort,1,0.276537
Random,5000,TwoPointerQuickSort,2,0.300529
Random,5000,TwoPointerQuickSort,3,0.253807
Random,5000,TwoPointerQuickSort,4,0.253225
Random,5000,TwoPointerQuickSort,5,0.252254
Random,10000,InsertionSort,1,8.011600
Random,10000,InsertionSort,2,8.153511
Random,10000,InsertionSort,3,8.137484
Random,10000,InsertionSort,4,7.965948
Random,10000,InsertionSort,5,8.073571
Random,10000,LastQuickSort,1,0.543069
Random,10000,LastQuickSort,2,0.554822
Random,10000,LastQuickSort,3,0.562884
Random,10000,LastQuickSort,4,0.611450
Random,10000,LastQuickSort,5,0.554628
Random,10000,MiddleQuickSort,1,0.564535
Random,10000,MiddleQuickSort,2,0.554433
Random,10000,MiddleQuickSort,3,0.574443
Random,10000,MiddleQuickSort,4,0.607371
Random,10000,MiddleQuickSort,5,0.553559
Random,10000,MedianOf3QuickSort,1,0.520728
Random,10000,MedianOf3QuickSort,2,0.544623
Random,10000,MedianOf3QuickSort,3,0.506547
Random,10000,MedianOf3QuickSort,4,0.512569
Random,10000,MedianOf3QuickSort,5,0.506741
Random,10000,TwoPointerQuickSort,1,0.550451
Random,10000,TwoPointerQuickSort,2,0.570752
Random,10000,TwoPointerQuickSort,3,0.546274
Random,10000,TwoPointerQuickSort,4,0.576483
Random,10000,TwoPointerQuickSort,5,0.556473
Random,20000,InsertionSort,1,32.240182
Random,20000,InsertionSort,2,31.863404
Random,20000,InsertionSort,3,31.644467
Random,20000,InsertionSort,4,31.973650
Random,20000,InsertionSort,5,31.811827
Random,20000,LastQuickSort,1,2.994600
Random,20000,LastQuickSort,2,4.125710
Random,20000,LastQuickSort,3,4.110364
Random,20000,LastQuickSort,4,4.170295
Random,20000,LastQuickSort,5,3.924743
Random,20000,MiddleQuickSort,1,2.909027
Random,20000,MiddleQuickSort,2,2.852399
Random,20000,MiddleQuickSort,3,2.931756
Random,20000,MiddleQuickSort,4,2.915340
Random,20000,MiddleQuickSort,5,2.773236
Random,20000,MedianOf3QuickSort,1,2.646186
Random,20000,MedianOf3QuickSort,2,2.785183
Random,20000,MedianOf3QuickSort,3,2.753905
Random,20000,MedianOf3QuickSort,4,2.801792
Random,20000,MedianOf3QuickSort,5,2.764105
Random,20000,TwoPointerQuickSort,1,2.564594
Random,20000,TwoPointerQuickSort,2,2.888046
Random,20000,TwoPointerQuickSort,3,3.099116
Random,20000,TwoPointerQuickSort,4,3.112519
Random,20000,TwoPointerQuickSort,5,3.189643
Random,30000,InsertionSort,1,85.171276
Random,30000,InsertionSort,2,85.427512
Random,30000,InsertionSort,3,111.554066
Random,30000,InsertionSort,4,91.430661
Random,30000,InsertionSort,5,71.732900
Random,30000,LastQuickSort,1,1.742247
Random,30000,LastQuickSort,2,1.801039
Random,30000,LastQuickSort,3,1.712609
Random,30000,LastQuickSort,4,1.737680
Random,30000,LastQuickSort,5,1.702892
Random,30000,MiddleQuickSort,1,1.875085
Random,30000,MiddleQuickSort,2,1.821056
Random,30000,MiddleQuickSort,3,1.868089
Random,30000,MiddleQuickSort,4,1.825818
Random,30000,MiddleQuickSort,5,1.896172
Random,30000,MedianOf3QuickSort,1,1.713775
Random,30000,MedianOf3QuickSort,2,1.752062
Random,30000,MedianOf3QuickSort,3,1.720772
Random,30000,MedianOf3QuickSort,4,1.731267
Random,30000,MedianOf3QuickSort,5,1.716691
Random,30000,TwoPointerQuickSort,1,1.816780
Random,30000,TwoPointerQuickSort,2,1.809104
Random,30000,TwoPointerQuickSort,3,1.831940
Random,30000,TwoPointerQuickSort,4,1.777911
Random,30000,TwoPointerQuickSort,5,1.829802
Random,40000,InsertionSort,1,124.646536
Random,40000,InsertionSort,2,172.536718
Random,40000,InsertionSort,3,204.158961
Random,40000,InsertionSort,4,252.583799
Random,40000,InsertionSort,5,154.357253
Random,40000,LastQuickSort,1,2.405757
Random,40000,LastQuickSort,2,2.370677
Random,40000,LastQuickSort,3,2.411879
Random,40000,LastQuickSort,4,2.504876
Random,40000,LastQuickSort,5,2.494769
Random,40000,MiddleQuickSort,1,2.513622
Random,40000,MiddleQuickSort,2,2.534417
Random,40000,MiddleQuickSort,3,2.533251
Random,40000,MiddleQuickSort,4,2.508860
Random,40000,MiddleQuickSort,5,2.639366
Random,40000,MedianOf3QuickSort,1,2.285455
Random,40000,MedianOf3QuickSort,2,2.412851
Random,40000,MedianOf3QuickSort,3,2.342594
Random,40000,MedianOf3QuickSort,4,2.243184
Random,40000,MedianOf3QuickSort,5,2.428594
Random,40000,TwoPointerQuickSort,1,2.620417
Random,40000,TwoPointerQuickSort,2,2.579797
Random,40000,TwoPointerQuickSort,3,2.484275
Random,40000,TwoPointerQuickSort,4,2.434521
Random,40000,TwoPointerQuickSort,5,2.792416
Random,50000,InsertionSort,1,281.993760
Random,50000,InsertionSort,2,425.575295
Random,50000,InsertionSort,3,237.213269
Random,50000,InsertionSort,4,259.713613
Random,50000,InsertionSort,5,246.117884
Random,50000,LastQuickSort,1,3.056440
Random,50000,LastQuickSort,2,3.049054
Random,50000,LastQuickSort,3,3.388000
Random,50000,LastQuickSort,4,3.822469
Random,50000,LastQuickSort,5,3.889520
Random,50000,MiddleQuickSort,1,3.249914
Random,50000,MiddleQuickSort,2,3.518701
Random,50000,MiddleQuickSort,3,3.529195
Random,50000,MiddleQuickSort,4,3.534832
Random,50000,MiddleQuickSort,5,3.241363
Random,50000,MedianOf3QuickSort,1,2.932833
Random,50000,MedianOf3QuickSort,2,2.871127
Random,50000,MedianOf3QuickSort,3,2.875889
Random,50000,MedianOf3QuickSort,4,3.039337
Random,50000,MedianOf3QuickSort,5,2.864714
Random,50000,TwoPointerQuickSort,1,3.112996
Random,50000,TwoPointerQuickSort,2,2.947313
Random,50000,TwoPointerQuickSort,3,2.961111
Random,50000,TwoPointerQuickSort,4,3.112510
Random,50000,TwoPointerQuickSort,5,2.977243
Random,60000,LastQuickSort,1,3.928390
Random,60000,LastQuickSort,2,3.687201
Random,60000,LastQuickSort,3,3.883106
Random,60000,LastQuickSort,4,4.132651
Random,60000,LastQuickSort,5,3.748519
Random,60000,MiddleQuickSort,1,3.914493
Random,60000,MiddleQuickSort,2,3.753474
Random,60000,MiddleQuickSort,3,3.706928
Random,60000,MiddleQuickSort,4,3.742300
Random,60000,MiddleQuickSort,5,3.895739
Random,60000,MedianOf3QuickSort,1,3.660868
Random,60000,MedianOf3QuickSort,2,3.542509
Random,60000,MedianOf3QuickSort,3,3.571078
Random,60000,MedianOf3QuickSort,4,3.958320
Random,60000,MedianOf3QuickSort,5,3.998064
Random,60000,TwoPointerQuickSort,1,4.536995
Random,60000,TwoPointerQuickSort,2,4.697042
Random,60000,TwoPointerQuickSort,3,3.627828
Random,60000,TwoPointerQuickSort,4,3.875818
Random,60000,TwoPointerQuickSort,5,3.608296
Random,70000,LastQuickSort,1,4.332151
Random,70000,LastQuickSort,2,4.356541
Random,70000,LastQuickSort,3,4.309898
Random,70000,LastQuickSort,4,7.327273
Random,70000,LastQuickSort,5,5.234808
Random,70000,MiddleQuickSort,1,10.139805
Random,70000,MiddleQuickSort,2,4.381905
Random,70000,MiddleQuickSort,3,4.397744
Random,70000,MiddleQuickSort,4,5.155805
Random,70000,MiddleQuickSort,5,5.643622
Random,70000,MedianOf3QuickSort,1,4.296099
Random,70000,MedianOf3QuickSort,2,5.323528
Random,70000,MedianOf3QuickSort,3,4.726972
Random,70000,MedianOf3QuickSort,4,4.421941
Random,70000,MedianOf3QuickSort,5,4.761081
Random,70000,TwoPointerQuickSort,1,5.076412
Random,70000,TwoPointerQuickSort,2,5.611166
Random,70000,TwoPointerQuickSort,3,4.918213
Random,70000,TwoPointerQuickSort,4,4.352752
Random,70000,TwoPointerQuickSort,5,4.327098
Random,80000,LastQuickSort,1,7.379748
Random,80000,LastQuickSort,2,7.416966
Random,80000,LastQuickSort,3,5.404572
Random,80000,LastQuickSort,4,4.829200
Random,80000,LastQuickSort,5,4.959900
Random,80000,MiddleQuickSort,1,5.245594
Random,80000,MiddleQuickSort,2,5.042985
Random,80000,MiddleQuickSort,3,4.974282
Random,80000,MiddleQuickSort,4,5.090892
Random,80000,MiddleQuickSort,5,4.961261
Random,80000,MedianOf3QuickSort,1,5.482215
Random,80000,MedianOf3QuickSort,2,5.531386
Random,80000,MedianOf3QuickSort,3,5.358026
Random,80000,MedianOf3QuickSort,4,4.800631
Random,80000,MedianOf3QuickSort,5,5.342963
Random,80000,TwoPointerQuickSort,1,4.831726
Random,80000,TwoPointerQuickSort,2,4.786346
Random,80000,TwoPointerQuickSort,3,4.853299
Random,80000,TwoPointerQuickSort,4,4.839015
Random,80000,TwoPointerQuickSort,5,4.760497
Random,90000,LastQuickSort,1,5.491057
Random,90000,LastQuickSort,2,5.447135
Random,90000,LastQuickSort,3,5.501456
Random,90000,LastQuickSort,4,5.491641
Random,90000,LastQuickSort,5,5.431003
Random,90000,MiddleQuickSort,1,5.811929
Random,90000,MiddleQuickSort,2,5.862266
Random,90000,MiddleQuickSort,3,5.801628
Random,90000,MiddleQuickSort,4,5.731274
Random,90000,MiddleQuickSort,5,5.751097
Random,90000,MedianOf3QuickSort,1,5.369881
Random,90000,MedianOf3QuickSort,2,5.469777
Random,90000,MedianOf3QuickSort,3,5.380182
Random,90000,MedianOf3QuickSort,4,5.386789
Random,90000,MedianOf3QuickSort,5,5.458893
Random,90000,TwoPointerQuickSort,1,5.485616
Random,90000,TwoPointerQuickSort,2,5.468514
Random,90000,TwoPointerQuickSort,3,5.543533
Random,90000,TwoPointerQuickSort,4,5.470457
Random,90000,TwoPointerQuickSort,5,5.560635
Random,100000,LastQuickSort,1,6.180610
Random,100000,LastQuickSort,2,6.313448
Random,100000,LastQuickSort,3,6.181874
Random,100000,LastQuickSort,4,6.222201
Random,100000,LastQuickSort,5,6.145822
Random,100000,MiddleQuickSort,1,6.387301
Random,100000,MiddleQuickSort,2,6.392257
Random,100000,MiddleQuickSort,3,10.510138
Random,100000,MiddleQuickSort,4,21.927207
Random,100000,MiddleQuickSort,5,26.058984
Random,100000,MedianOf3QuickSort,1,21.007934
Random,100000,MedianOf3QuickSort,2,15.799168
Random,100000,MedianOf3QuickSort,3,18.211437
Random,100000,MedianOf3QuickSort,4,10.705848
Random,100000,MedianOf3QuickSort,5,6.477188
Random,100000,TwoPointerQuickSort,1,11.069767
Random,100000,TwoPointerQuickSort,2,18.085595
Random,100000,TwoPointerQuickSort,3,11.461673
Random,100000,TwoPointerQuickSort,4,10.711483
Random,100000,TwoPointerQuickSort,5,12.200202
Random,110000,LastQuickSort,1,11.410560
Random,110000,LastQuickSort,2,11.335638
Random,110000,LastQuickSort,3,11.237393
Random,110000,LastQuickSort,4,12.561401
Random,110000,LastQuickSort,5,25.514902
Random,110000,MiddleQuickSort,1,19.825218
Random,110000,MiddleQuickSort,2,16.003916
Random,110000,MiddleQuickSort,3,17.637814
Random,110000,MiddleQuickSort,4,15.553511
Random,110000,MiddleQuickSort,5,9.791141
Random,110000,MedianOf3QuickSort,1,9.560254
Random,110000,MedianOf3QuickSort,2,8.140043
Random,110000,MedianOf3QuickSort,3,6.781637
Random,110000,MedianOf3QuickSort,4,6.749569
Random,110000,MedianOf3QuickSort,5,6.693305
Random,110000,TwoPointerQuickSort,1,6.724789
Random,110000,TwoPointerQuickSort,2,6.770462
Random,110000,TwoPointerQuickSort,3,9.197888
Random,110000,TwoPointerQuickSort,4,11.842599
Random,110000,TwoPointerQuickSort,5,11.843667
Random,120000,LastQuickSort,1,12.010031
Random,120000,LastQuickSort,2,7.849491
Random,120000,LastQuickSort,3,8.106032
Random,120000,LastQuickSort,4,9.794153
Random,120000,LastQuickSort,5,9.873254
Random,120000,MiddleQuickSort,1,8.447213
Random,120000,MiddleQuickSort,2,7.724815
Random,120000,MiddleQuickSort,3,7.736087
Random,120000,MiddleQuickSort,4,7.732978
Random,120000,MiddleQuickSort,5,7.745999
Random,120000,MedianOf3QuickSort,1,8.131298
Random,120000,MedianOf3QuickSort,2,9.406717
Random,120000,MedianOf3QuickSort,3,8.855639
Random,120000,MedianOf3QuickSort,4,7.326302
Random,120000,MedianOf3QuickSort,5,7.322511
Random,120000,TwoPointerQuickSort,1,7.403458
Random,120000,TwoPointerQuickSort,2,7.441065
Random,120000,TwoPointerQuickSort,3,7.372848
Random,120000,TwoPointerQuickSort,4,7.417549
Random,120000,TwoPointerQuickSort,5,7.383634
Random,130000,LastQuickSort,1,8.134019
Random,130000,LastQuickSort,2,8.235566
Random,130000,LastQuickSort,3,8.139752
Random,130000,LastQuickSort,4,9.648488
Random,130000,LastQuickSort,5,9.735654
Random,130000,MiddleQuickSort,1,9.700282
Random,130000,MiddleQuickSort,2,9.589115
Random,130000,MiddleQuickSort,3,10.153311
Random,130000,MiddleQuickSort,4,9.755575
Random,130000,MiddleQuickSort,5,9.533045
Random,130000,MedianOf3QuickSort,1,12.073486
Random,130000,MedianOf3QuickSort,2,18.886899
Random,130000,MedianOf3QuickSort,3,9.116165
Random,130000,MedianOf3QuickSort,4,9.028708
Random,130000,MedianOf3QuickSort,5,9.304587
Random,130000,TwoPointerQuickSort,1,9.558699
Random,130000,TwoPointerQuickSort,2,8.408732
Random,130000,TwoPointerQuickSort,3,8.058319
Random,130000,TwoPointerQuickSort,4,8.122455
Random,130000,TwoPointerQuickSort,5,8.182606
Random,140000,LastQuickSort,1,8.971860
Random,140000,LastQuickSort,2,9.133073
Random,140000,LastQuickSort,3,9.171651
Random,140000,LastQuickSort,4,11.175396
Random,140000,LastQuickSort,5,11.241961
Random,140000,MiddleQuickSort,1,10.306945
Random,140000,MiddleQuickSort,2,9.265523
Random,140000,MiddleQuickSort,3,9.317706
Random,140000,MiddleQuickSort,4,11.391805
Random,140000,MiddleQuickSort,5,11.646402
Random,140000,MedianOf3QuickSort,1,12.560818
Random,140000,MedianOf3QuickSort,2,9.261538
Random,140000,MedianOf3QuickSort,3,8.897619
Random,140000,MedianOf3QuickSort,4,8.900728
Random,140000,MedianOf3QuickSort,5,9.485526
Random,140000,TwoPointerQuickSort,1,8.723481
Random,140000,TwoPointerQuickSort,2,8.666536
Random,140000,TwoPointerQuickSort,3,9.313041
Random,140000,TwoPointerQuickSort,4,9.388545
Random,140000,TwoPointerQuickSort,5,9.920189
Random,150000,LastQuickSort,1,9.535377
Random,150000,LastQuickSort,2,9.345303
Random,150000,LastQuickSort,3,9.429165
Random,150000,LastQuickSort,4,9.420614
Random,150000,LastQuickSort,5,9.425472
Random,150000,MiddleQuickSort,1,10.057886
Random,150000,MiddleQuickSort,2,10.014448
Random,150000,MiddleQuickSort,3,11.029731
Random,150000,MiddleQuickSort,4,11.422706
Random,150000,MiddleQuickSort,5,16.514570
Random,150000,MedianOf3QuickSort,1,10.460092
Random,150000,MedianOf3QuickSort,2,9.670742
Random,150000,MedianOf3QuickSort,3,9.460552
Random,150000,MedianOf3QuickSort,4,9.516816
Random,150000,MedianOf3QuickSort,5,9.479016
Random,150000,TwoPointerQuickSort,1,9.657331
Random,150000,TwoPointerQuickSort,2,9.360073
Random,150000,TwoPointerQuickSort,3,9.354243
Random,150000,TwoPointerQuickSort,4,9.390003
Random,150000,TwoPointerQuickSort,5,9.358713
Random,160000,LastQuickSort,1,10.073240
Random,160000,LastQuickSort,2,10.102392
Random,160000,LastQuickSort,3,10.159530
Random,160000,LastQuickSort,4,10.192084
Random,160000,LastQuickSort,5,16.024905
Random,160000,MiddleQuickSort,1,10.762404
Random,160000,MiddleQuickSort,2,10.677083
Random,160000,MiddleQuickSort,3,10.702738
Random,160000,MiddleQuickSort,4,10.793110
Random,160000,MiddleQuickSort,5,24.574250
Random,160000,MedianOf3QuickSort,1,26.245365
Random,160000,MedianOf3QuickSort,2,13.351335
Random,160000,MedianOf3QuickSort,3,12.166288
Random,160000,MedianOf3QuickSort,4,10.191890
Random,160000,MedianOf3QuickSort,5,10.805549
Random,160000,TwoPointerQuickSort,1,11.555447
Random,160000,TwoPointerQuickSort,2,10.887176
Random,160000,TwoPointerQuickSort,3,9.886858
Random,160000,TwoPointerQuickSort,4,11.806643
Random,160000,TwoPointerQuickSort,5,12.374145
Random,170000,LastQuickSort,1,10.965985
Random,170000,LastQuickSort,2,11.078319
Random,170000,LastQuickSort,3,10.959473
Random,170000,LastQuickSort,4,10.825664
Random,170000,LastQuickSort,5,10.786697
Random,170000,MiddleQuickSort,1,11.599078
Random,170000,MiddleQuickSort,2,11.944244
Random,170000,MiddleQuickSort,3,26.435147
Random,170000,MiddleQuickSort,4,15.417271
Random,170000,MiddleQuickSort,5,11.665351
Random,170000,MedianOf3QuickSort,1,11.272183
Random,170000,MedianOf3QuickSort,2,11.354878
Random,170000,MedianOf3QuickSort,3,11.088813
Random,170000,MedianOf3QuickSort,4,12.663920
Random,170000,MedianOf3QuickSort,5,11.353906
Random,170000,TwoPointerQuickSort,1,11.252748
Random,170000,TwoPointerQuickSort,2,11.081136
Random,170000,TwoPointerQuickSort,3,11.311538
Random,170000,TwoPointerQuickSort,4,11.698586
Random,170000,TwoPointerQuickSort,5,11.218347
Random,180000,LastQuickSort,1,12.166580
Random,180000,LastQuickSort,2,11.351089
Random,180000,LastQuickSort,3,11.379561
Random,180000,LastQuickSort,4,11.485870
Random,180000,LastQuickSort,5,11.311538
Random,180000,MiddleQuickSort,1,12.185625
Random,180000,MiddleQuickSort,2,12.171535
Random,180000,MiddleQuickSort,3,12.158806
Random,180000,MiddleQuickSort,4,12.076693
Random,180000,MiddleQuickSort,5,12.122559
Random,180000,MedianOf3QuickSort,1,11.550977
Random,180000,MedianOf3QuickSort,2,11.584211
Random,180000,MedianOf3QuickSort,3,11.652525
Random,180000,MedianOf3QuickSort,4,11.585474
Random,180000,MedianOf3QuickSort,5,11.615598
Random,180000,TwoPointerQuickSort,1,12.617276
Random,180000,TwoPointerQuickSort,2,11.265866
Random,180000,TwoPointerQuickSort,3,11.303959
Random,180000,TwoPointerQuickSort,4,11.268975
Random,180000,TwoPointerQuickSort,5,11.295505
Random,190000,LastQuickSort,1,12.147048
Random,190000,LastQuickSort,2,12.149768
Random,190000,LastQuickSort,3,12.170370
Random,190000,LastQuickSort,4,12.146951
Random,190000,LastQuickSort,5,12.164538
Random,190000,MiddleQuickSort,1,13.975197
Random,190000,MiddleQuickSort,2,14.902051
Random,190000,MiddleQuickSort,3,15.586064
Random,190000,MiddleQuickSort,4,45.993330
Random,190000,MiddleQuickSort,5,39.928552
Random,190000,MedianOf3QuickSort,1,21.715658
Random,190000,MedianOf3QuickSort,2,15.062098
Random,190000,MedianOf3QuickSort,3,13.129096
Random,190000,MedianOf3QuickSort,4,13.679494
Random,190000,MedianOf3QuickSort,5,13.108689
Random,190000,TwoPointerQuickSort,1,22.400449
Random,190000,TwoPointerQuickSort,2,15.765060
Random,190000,TwoPointerQuickSort,3,11.868545
Random,190000,TwoPointerQuickSort,4,12.076207
Random,190000,TwoPointerQuickSort,5,12.048512
Random,200000,LastQuickSort,1,13.284284
Random,200000,LastQuickSort,2,13.131331
Random,200000,LastQuickSort,3,12.999756
Random,200000,LastQuickSort,4,13.209168
Random,200000,LastQuickSort,5,13.566965
Random,200000,MiddleQuickSort,1,13.868208
Random,200000,MiddleQuickSort,2,15.864470
Random,200000,MiddleQuickSort,3,14.462821
Random,200000,MiddleQuickSort,4,13.790274
Random,200000,MiddleQuickSort,5,13.990453
Random,200000,MedianOf3QuickSort,1,13.396133
Random,200000,MedianOf3QuickSort,2,13.362704
Random,200000,MedianOf3QuickSort,3,13.496805
Random,200000,MedianOf3QuickSort,4,14.303260
Random,200000,MedianOf3QuickSort,5,22.129623
Random,200000,TwoPointerQuickSort,1,12.635934
Random,200000,TwoPointerQuickSort,2,12.429729
Random,200000,TwoPointerQuickSort,3,12.672375
Random,200000,TwoPointerQuickSort,4,12.494837
Random,200000,TwoPointerQuickSort,5,12.668099
Random,210000,LastQuickSort,1,15.025948
Random,210000,LastQuickSort,2,22.312991
Random,210000,LastQuickSort,3,24.385730
Random,210000,LastQuickSort,4,19.708900
Random,210000,LastQuickSort,5,16.007123
Random,210000,MiddleQuickSort,1,18.412686
Random,210000,MiddleQuickSort,2,19.714828
Random,210000,MiddleQuickSort,3,14.460974
Random,210000,MiddleQuickSort,4,14.479729
Random,210000,MiddleQuickSort,5,15.812871
Random,210000,MedianOf3QuickSort,1,34.099229
Random,210000,MedianOf3QuickSort,2,22.579930
Random,210000,MedianOf3QuickSort,3,16.604748
Random,210000,MedianOf3QuickSort,4,15.707922
Random,210000,MedianOf3QuickSort,5,21.987553
Random,210000,TwoPointerQuickSort,1,15.728328
Random,210000,TwoPointerQuickSort,2,13.681730
Random,210000,TwoPointerQuickSort,3,13.710202
Random,210000,TwoPointerQuickSort,4,13.203921
Random,210000,TwoPointerQuickSort,5,16.387368
Random,220000,LastQuickSort,1,15.427086
Random,220000,LastQuickSort,2,16.692691
Random,220000,LastQuickSort,3,15.873216
Random,220000,LastQuickSort,4,14.593327
Random,220000,LastQuickSort,5,16.161340
Random,220000,MiddleQuickSort,1,15.862624
Random,220000,MiddleQuickSort,2,16.195934
Random,220000,MiddleQuickSort,3,18.364098
Random,220000,MiddleQuickSort,4,18.170720
Random,220000,MiddleQuickSort,5,17.819531
Random,220000,MedianOf3QuickSort,1,16.386008
Random,220000,MedianOf3QuickSort,2,19.458286
Random,220000,MedianOf3QuickSort,3,17.126480
Random,220000,MedianOf3QuickSort,4,22.568075
Random,220000,MedianOf3QuickSort,5,19.914814
Random,220000,TwoPointerQuickSort,1,17.064482
Random,220000,TwoPointerQuickSort,2,16.533325
Random,220000,TwoPointerQuickSort,3,16.405443
Random,220000,TwoPointerQuickSort,4,14.925373
Random,220000,TwoPointerQuickSort,5,14.833931
Random,230000,LastQuickSort,1,18.548439
Random,230000,LastQuickSort,2,20.270766
Random,230000,LastQuickSort,3,19.977783
Random,230000,LastQuickSort,4,17.591461
Random,230000,LastQuickSort,5,19.303584
Random,230000,MiddleQuickSort,1,19.804910
Random,230000,MiddleQuickSort,2,20.504373
Random,230000,MiddleQuickSort,3,18.285387
Random,230000,MiddleQuickSort,4,17.261941
Random,230000,MiddleQuickSort,5,19.083775
Random,230000,MedianOf3QuickSort,1,16.200695
Random,230000,MedianOf3QuickSort,2,16.852739
Random,230000,MedianOf3QuickSort,3,20.065629
Random,230000,MedianOf3QuickSort,4,18.427942
Random,230000,MedianOf3QuickSort,5,16.397668
Random,230000,TwoPointerQuickSort,1,16.773152
Random,230000,TwoPointerQuickSort,2,15.121472
Random,230000,TwoPointerQuickSort,3,18.129712
Random,230000,TwoPointerQuickSort,4,14.842482
Random,230000,TwoPointerQuickSort,5,16.655085
Random,240000,LastQuickSort,1,27.633022
Random,240000,LastQuickSort,2,20.552961
Random,240000,LastQuickSort,3,16.695510
Random,240000,LastQuickSort,4,16.349373
Random,240000,LastQuickSort,5,16.205748
Random,240000,MiddleQuickSort,1,16.971000
Random,240000,MiddleQuickSort,2,17.713998
Random,240000,MiddleQuickSort,3,18.075878
Random,240000,MiddleQuickSort,4,17.146983
Random,240000,MiddleQuickSort,5,17.160297
Random,240000,MedianOf3QuickSort,1,16.650615
Random,240000,MedianOf3QuickSort,2,16.567530
Random,240000,MedianOf3QuickSort,3,16.953703
Random,240000,MedianOf3QuickSort,4,16.637496
Random,240000,MedianOf3QuickSort,5,16.602707
Random,240000,TwoPointerQuickSort,1,15.085906
Random,240000,TwoPointerQuickSort,2,15.062778
Random,240000,TwoPointerQuickSort,3,17.655986
Random,240000,TwoPointerQuickSort,4,20.894045
Random,240000,TwoPointerQuickSort,5,17.390892
Random,250000,LastQuickSort,1,17.867341
Random,250000,LastQuickSort,2,20.705623
Random,250000,LastQuickSort,3,19.389973
Random,250000,LastQuickSort,4,22.372754
Random,250000,LastQuickSort,5,25.390615
Random,250000,MiddleQuickSort,1,26.700046
Random,250000,MiddleQuickSort,2,22.665347
Random,250000,MiddleQuickSort,3,19.892269
Random,250000,MiddleQuickSort,4,22.136522
Random,250000,MiddleQuickSort,5,20.052996
Random,250000,MedianOf3QuickSort,1,21.778822
Random,250000,MedianOf3QuickSort,2,19.784016
Random,250000,MedianOf3QuickSort,3,23.032474
Random,250000,MedianOf3QuickSort,4,18.039534
Random,250000,MedianOf3QuickSort,5,18.050515
Random,250000,TwoPointerQuickSort,1,15.791881
Random,250000,TwoPointerQuickSort,2,15.775847
Random,250000,TwoPointerQuickSort,3,15.698107
Random,250000,TwoPointerQuickSort,4,15.760493
Random,250000,TwoPointerQuickSort,5,15.701508
Random,260000,LastQuickSort,1,17.403428
Random,260000,LastQuickSort,2,17.390893
Random,260000,LastQuickSort,3,17.379426
Random,260000,LastQuickSort,4,21.006767
Random,260000,LastQuickSort,5,18.029817
Random,260000,MiddleQuickSort,1,19.078528
Random,260000,MiddleQuickSort,2,19.080374
Random,260000,MiddleQuickSort,3,19.051124
Random,260000,MiddleQuickSort,4,18.993499
Random,260000,MiddleQuickSort,5,58.008026
Random,260000,MedianOf3QuickSort,1,85.409673
Random,260000,MedianOf3QuickSort,2,51.352538
Random,260000,MedianOf3QuickSort,3,47.073141
Random,260000,MedianOf3QuickSort,4,33.625379
Random,260000,MedianOf3QuickSort,5,33.958446
Random,260000,TwoPointerQuickSort,1,27.660869
Random,260000,TwoPointerQuickSort,2,24.542041
Random,260000,TwoPointerQuickSort,3,54.307433
Random,260000,TwoPointerQuickSort,4,61.164038
Random,260000,TwoPointerQuickSort,5,53.680292
Random,270000,LastQuickSort,1,57.816682
Random,270000,LastQuickSort,2,42.836356
Random,270000,LastQuickSort,3,22.638799
Random,270000,LastQuickSort,4,22.641367
Random,270000,LastQuickSort,5,26.101554
Random,270000,MiddleQuickSort,1,23.623589
Random,270000,MiddleQuickSort,2,19.900718
Random,270000,MiddleQuickSort,3,23.700587
Random,270000,MiddleQuickSort,4,20.743751
Random,270000,MiddleQuickSort,5,22.533174
Random,270000,MedianOf3QuickSort,1,23.621911
Random,270000,MedianOf3QuickSort,2,23.847970
Random,270000,MedianOf3QuickSort,3,21.630220
Random,270000,MedianOf3QuickSort,4,22.070986
Random,270000,MedianOf3QuickSort,5,22.922311
Random,270000,TwoPointerQuickSort,1,21.145623
Random,270000,TwoPointerQuickSort,2,20.233983
Random,270000,TwoPointerQuickSort,3,21.871087
Random,270000,TwoPointerQuickSort,4,21.969605
Random,270000,TwoPointerQuickSort,5,20.458265
Random,280000,LastQuickSort,1,19.879790
Random,280000,LastQuickSort,2,25.706493
Random,280000,LastQuickSort,3,25.975494
Random,280000,LastQuickSort,4,22.502078
Random,280000,LastQuickSort,5,19.441492
Random,280000,MiddleQuickSort,1,20.845528
Random,280000,MiddleQuickSort,2,20.798638
Random,280000,MiddleQuickSort,3,20.876031
Random,280000,MiddleQuickSort,4,21.011864
Random,280000,MiddleQuickSort,5,20.822922
Random,280000,MedianOf3QuickSort,1,21.805835
Random,280000,MedianOf3QuickSort,2,21.230717
Random,280000,MedianOf3QuickSort,3,20.903868
Random,280000,MedianOf3QuickSort,4,23.240768
Random,280000,MedianOf3QuickSort,5,25.338184
Random,280000,TwoPointerQuickSort,1,17.810509
Random,280000,TwoPointerQuickSort,2,19.351364
Random,280000,TwoPointerQuickSort,3,21.081656
Random,280000,TwoPointerQuickSort,4,21.676122
Random,280000,TwoPointerQuickSort,5,18.114258
Random,290000,LastQuickSort,1,20.958261
Random,290000,LastQuickSort,2,20.754018
Random,290000,LastQuickSort,3,23.809767
Random,290000,LastQuickSort,4,20.660040
Random,290000,LastQuickSort,5,21.511465
Random,290000,MiddleQuickSort,1,24.096339
Random,290000,MiddleQuickSort,2,27.119906
Random,290000,MiddleQuickSort,3,26.896908
Random,290000,MiddleQuickSort,4,21.824097
Random,290000,MiddleQuickSort,5,21.830317
Random,290000,MedianOf3QuickSort,1,22.149564
Random,290000,MedianOf3QuickSort,2,21.753121
Random,290000,MedianOf3QuickSort,3,22.424488
Random,290000,MedianOf3QuickSort,4,22.478682
Random,290000,MedianOf3QuickSort,5,22.148675
Random,290000,TwoPointerQuickSort,1,20.317397
Random,290000,TwoPointerQuickSort,2,18.548509
Random,290000,TwoPointerQuickSort,3,18.447819
Random,290000,TwoPointerQuickSort,4,18.369241
Random,290000,TwoPointerQuickSort,5,18.530839
Random,300000,LastQuickSort,1,21.070007
Random,300000,LastQuickSort,2,22.725275
Random,300000,LastQuickSort,3,22.097442
Random,300000,LastQuickSort,4,25.809454
Random,300000,LastQuickSort,5,23.115399
Random,300000,MiddleQuickSort,1,26.776770
Random,300000,MiddleQuickSort,2,30.253641
Random,300000,MiddleQuickSort,3,26.016362
Random,300000,MiddleQuickSort,4,23.993774
Random,300000,MiddleQuickSort,5,23.418358
Random,300000,MedianOf3QuickSort,1,24.186071
Random,300000,MedianOf3QuickSort,2,23.275121
Random,300000,MedianOf3QuickSort,3,22.856862
Random,300000,MedianOf3QuickSort,4,23.703252
Random,300000,MedianOf3QuickSort,5,23.892392
Random,300000,TwoPointerQuickSort,1,19.842673
Random,300000,TwoPointerQuickSort,2,19.822338
Random,300000,TwoPointerQuickSort,3,21.817977
Random,300000,TwoPointerQuickSort,4,19.715133
Random,300000,TwoPointerQuickSort,5,20.549972
Random,310000,LastQuickSort,1,27.706081
Random,310000,LastQuickSort,2,25.384778
Random,310000,LastQuickSort,3,22.483520
Random,310000,LastQuickSort,4,26.713592
Random,310000,LastQuickSort,5,26.147061
Random,310000,MiddleQuickSort,1,30.577429
Random,310000,MiddleQuickSort,2,25.725150
Random,310000,MiddleQuickSort,3,30.591939
Random,310000,MiddleQuickSort,4,26.455450
Random,310000,MiddleQuickSort,5,24.039578
Random,310000,MedianOf3QuickSort,1,25.579347
Random,310000,MedianOf3QuickSort,2,28.340725
Random,310000,MedianOf3QuickSort,3,29.052072
Random,310000,MedianOf3QuickSort,4,25.723965
Random,310000,MedianOf3QuickSort,5,28.407852
Random,310000,TwoPointerQuickSort,1,24.081038
Random,310000,TwoPointerQuickSort,2,20.400714
Random,310000,TwoPointerQuickSort,3,20.229936
Random,310000,TwoPointerQuickSort,4,19.997164
Random,310000,TwoPointerQuickSort,5,21.185702
Random,320000,LastQuickSort,1,25.892868
Random,320000,LastQuickSort,2,32.038620
Random,320000,LastQuickSort,3,24.682810
Random,320000,LastQuickSort,4,30.033011
Random,320000,LastQuickSort,5,29.069544
Random,320000,MiddleQuickSort,1,29.997671
Random,320000,MiddleQuickSort,2,28.441514
Random,320000,MiddleQuickSort,3,32.382744
Random,320000,MiddleQuickSort,4,24.772839
Random,320000,MiddleQuickSort,5,27.613387
Random,320000,MedianOf3QuickSort,1,30.794505
Random,320000,MedianOf3QuickSort,2,30.976142
Random,320000,MedianOf3QuickSort,3,29.872301
Random,320000,MedianOf3QuickSort,4,31.816312
Random,320000,MedianOf3QuickSort,5,30.028470
Random,320000,TwoPointerQuickSort,1,24.224768
Random,320000,TwoPointerQuickSort,2,26.128799
Random,320000,TwoPointerQuickSort,3,22.319454
Random,320000,TwoPointerQuickSort,4,21.488464
Random,320000,TwoPointerQuickSort,5,25.611429
Random,330000,LastQuickSort,1,30.919676
Random,330000,LastQuickSort,2,30.079802
Random,330000,LastQuickSort,3,27.551887
Random,330000,LastQuickSort,4,31.267551
Random,330000,LastQuickSort,5,29.173591
Random,330000,MiddleQuickSort,1,31.104571
Random,330000,MiddleQuickSort,2,26.486150
Random,330000,MiddleQuickSort,3,25.346081
Random,330000,MiddleQuickSort,4,26.209450
Random,330000,MiddleQuickSort,5,25.572930
Random,330000,MedianOf3QuickSort,1,31.248005
Random,330000,MedianOf3QuickSort,2,68.555485
Random,330000,MedianOf3QuickSort,3,82.040463
Random,330000,MedianOf3QuickSort,4,90.722620
Random,330000,MedianOf3QuickSort,5,104.918748
Random,330000,TwoPointerQuickSort,1,49.075000
Random,330000,TwoPointerQuickSort,2,27.599073
Random,330000,TwoPointerQuickSort,3,21.444930
Random,330000,TwoPointerQuickSort,4,21.537328
Random,330000,TwoPointerQuickSort,5,21.439501
Random,340000,LastQuickSort,1,24.654083
Random,340000,LastQuickSort,2,24.505516
Random,340000,LastQuickSort,3,25.874113
Random,340000,LastQuickSort,4,30.620469
Random,340000,LastQuickSort,5,24.725455
Random,340000,MiddleQuickSort,1,26.123666
Random,340000,MiddleQuickSort,2,26.914676
Random,340000,MiddleQuickSort,3,34.957647
Random,340000,MiddleQuickSort,4,31.119279
Random,340000,MiddleQuickSort,5,26.632842
Random,340000,MedianOf3QuickSort,1,31.474163
Random,340000,MedianOf3QuickSort,2,33.463583
Random,340000,MedianOf3QuickSort,3,30.861040
Random,340000,MedianOf3QuickSort,4,32.679681
Random,340000,MedianOf3QuickSort,5,43.964382
Random,340000,TwoPointerQuickSort,1,42.234584
Random,340000,TwoPointerQuickSort,2,30.244559
Random,340000,TwoPointerQuickSort,3,22.196750
Random,340000,TwoPointerQuickSort,4,22.025182
Random,340000,TwoPointerQuickSort,5,22.419256
Random,350000,LastQuickSort,1,25.460395
Random,350000,LastQuickSort,2,25.580334
Random,350000,LastQuickSort,3,25.528114
Random,350000,LastQuickSort,4,27.788904
Random,350000,LastQuickSort,5,25.586158
Random,350000,MiddleQuickSort,1,39.515161
Random,350000,MiddleQuickSort,2,29.190273
Random,350000,MiddleQuickSort,3,36.531771
Random,350000,MiddleQuickSort,4,31.314046
Random,350000,MiddleQuickSort,5,28.160864
Random,350000,MedianOf3QuickSort,1,30.876537
Random,350000,MedianOf3QuickSort,2,30.413264
Random,350000,MedianOf3QuickSort,3,30.035577
Random,350000,MedianOf3QuickSort,4,29.743279
Random,350000,MedianOf3QuickSort,5,33.321235
Random,350000,TwoPointerQuickSort,1,24.086763
Random,350000,TwoPointerQuickSort,2,23.450441
Random,350000,TwoPointerQuickSort,3,24.836707
Random,350000,TwoPointerQuickSort,4,24.261392
Random,350000,TwoPointerQuickSort,5,25.301264
Random,360000,LastQuickSort,1,37.077768
Random,360000,LastQuickSort,2,28.139147
Random,360000,LastQuickSort,3,36.470270
Random,360000,LastQuickSort,4,26.928990
Random,360000,LastQuickSort,5,27.075781
Random,360000,MiddleQuickSort,1,30.927870
Random,360000,MiddleQuickSort,2,28.833416
Random,360000,MiddleQuickSort,3,30.156200
Random,360000,MiddleQuickSort,4,36.308178
Random,360000,MiddleQuickSort,5,33.673447
Random,360000,MedianOf3QuickSort,1,29.918665
Random,360000,MedianOf3QuickSort,2,29.302437
Random,360000,MedianOf3QuickSort,3,67.510886
Random,360000,MedianOf3QuickSort,4,83.587890
Random,360000,MedianOf3QuickSort,5,78.396442
Random,360000,TwoPointerQuickSort,1,56.738219
Random,360000,TwoPointerQuickSort,2,55.392291
Random,360000,TwoPointerQuickSort,3,67.320470
Random,360000,TwoPointerQuickSort,4,98.511326
Random,360000,TwoPointerQuickSort,5,35.073877
Random,370000,LastQuickSort,1,31.245454
Random,370000,LastQuickSort,2,33.564056
Random,370000,LastQuickSort,3,29.390554
Random,370000,LastQuickSort,4,27.462595
Random,370000,LastQuickSort,5,27.880829
Random,370000,MiddleQuickSort,1,28.899165
Random,370000,MiddleQuickSort,2,44.902528
Random,370000,MiddleQuickSort,3,30.663034
Random,370000,MiddleQuickSort,4,29.247741
Random,370000,MiddleQuickSort,5,29.023712
Random,370000,MedianOf3QuickSort,1,32.970853
Random,370000,MedianOf3QuickSort,2,34.924459
Random,370000,MedianOf3QuickSort,3,34.630869
Random,370000,MedianOf3QuickSort,4,34.910760
Random,370000,MedianOf3QuickSort,5,37.538593
Random,370000,TwoPointerQuickSort,1,29.439420
Random,370000,TwoPointerQuickSort,2,30.517600
Random,370000,TwoPointerQuickSort,3,27.129368
Random,370000,TwoPointerQuickSort,4,26.318353
Random,370000,TwoPointerQuickSort,5,23.625817
Random,380000,LastQuickSort,1,27.867811
Random,380000,LastQuickSort,2,29.113285
Random,380000,LastQuickSort,3,31.453454
Random,380000,LastQuickSort,4,36.213747
Random,380000,LastQuickSort,5,31.966993
Random,380000,MiddleQuickSort,1,32.537948
Random,380000,MiddleQuickSort,2,32.039371
Random,380000,MiddleQuickSort,3,35.848460
Random,380000,MiddleQuickSort,4,35.102245
Random,380000,MiddleQuickSort,5,30.953710
Random,380000,MedianOf3QuickSort,1,36.495484
Random,380000,MedianOf3QuickSort,2,33.082091
Random,380000,MedianOf3QuickSort,3,34.443270
Random,380000,MedianOf3QuickSort,4,41.216627
Random,380000,MedianOf3QuickSort,5,30.486317
Random,380000,TwoPointerQuickSort,1,23.447255
Random,380000,TwoPointerQuickSort,2,23.594050
Random,380000,TwoPointerQuickSort,3,23.463868
Random,380000,TwoPointerQuickSort,4,23.530901
Random,380000,TwoPointerQuickSort,5,23.684788
Random,390000,LastQuickSort,1,28.981549
Random,390000,LastQuickSort,2,28.502303
Random,390000,LastQuickSort,3,28.173448
Random,390000,LastQuickSort,4,37.342348
Random,390000,LastQuickSort,5,83.640545
Random,390000,MiddleQuickSort,1,110.026030
Random,390000,MiddleQuickSort,2,103.943223
Random,390000,MiddleQuickSort,3,114.417401
Random,390000,MiddleQuickSort,4,118.884061
Random,390000,MiddleQuickSort,5,52.824964
Random,390000,MedianOf3QuickSort,1,36.958810
Random,390000,MedianOf3QuickSort,2,37.652084
Random,390000,MedianOf3QuickSort,3,34.847155
Random,390000,MedianOf3QuickSort,4,37.112075
Random,390000,MedianOf3QuickSort,5,39.919618
Random,390000,TwoPointerQuickSort,1,29.030716
Random,390000,TwoPointerQuickSort,2,27.356796
Random,390000,TwoPointerQuickSort,3,26.894775
Random,390000,TwoPointerQuickSort,4,29.421717
Random,390000,TwoPointerQuickSort,5,27.863713
Random,400000,LastQuickSort,1,33.288667
Random,400000,LastQuickSort,2,29.916347
Random,400000,LastQuickSort,3,34.277925
Random,400000,LastQuickSort,4,33.550785
Random,400000,LastQuickSort,5,32.704827
Random,400000,MiddleQuickSort,1,31.590073
Random,400000,MiddleQuickSort,2,33.351850
Random,400000,MiddleQuickSort,3,31.718568
Random,400000,MiddleQuickSort,4,31.745080
Random,400000,MiddleQuickSort,5,32.795393
Random,400000,MedianOf3QuickSort,1,48.721150
Random,400000,MedianOf3QuickSort,2,33.493795
Random,400000,MedianOf3QuickSort,3,33.703277
Random,400000,MedianOf3QuickSort,4,39.308008
Random,400000,MedianOf3QuickSort,5,34.860798
Random,400000,TwoPointerQuickSort,1,31.112668
Random,400000,TwoPointerQuickSort,2,27.696321
Random,400000,TwoPointerQuickSort,3,29.324475
Random,400000,TwoPointerQuickSort,4,29.621233
Random,400000,TwoPointerQuickSort,5,30.416200
Random,410000,LastQuickSort,1,30.638454
Random,410000,LastQuickSort,2,34.512371
Random,410000,LastQuickSort,3,30.509088
Random,410000,LastQuickSort,4,30.475513
Random,410000,LastQuickSort,5,30.497284
Random,410000,MiddleQuickSort,1,32.721082
Random,410000,MiddleQuickSort,2,61.658330
Random,410000,MiddleQuickSort,3,88.982616
Random,410000,MiddleQuickSort,4,75.861400
Random,410000,MiddleQuickSort,5,99.315446
Random,410000,MedianOf3QuickSort,1,80.277842
Random,410000,MedianOf3QuickSort,2,54.530332
Random,410000,MedianOf3QuickSort,3,34.947397
Random,410000,MedianOf3QuickSort,4,34.647445
Random,410000,MedianOf3QuickSort,5,42.417630
Random,410000,TwoPointerQuickSort,1,31.612522
Random,410000,TwoPointerQuickSort,2,91.107817
Random,410000,TwoPointerQuickSort,3,75.901265
Random,410000,TwoPointerQuickSort,4,80.162699
Random,410000,TwoPointerQuickSort,5,35.470278
Random,420000,LastQuickSort,1,58.281171
Random,420000,LastQuickSort,2,31.806522
Random,420000,LastQuickSort,3,48.444615
Random,420000,LastQuickSort,4,33.281023
Random,420000,LastQuickSort,5,31.339856
Random,420000,MiddleQuickSort,1,88.401291
Random,420000,MiddleQuickSort,2,121.104762
Random,420000,MiddleQuickSort,3,73.145585
Random,420000,MiddleQuickSort,4,59.124904
Random,420000,MiddleQuickSort,5,35.745847
Random,420000,MedianOf3QuickSort,1,55.317751
Random,420000,MedianOf3QuickSort,2,36.300370
Random,420000,MedianOf3QuickSort,3,35.906369
Random,420000,MedianOf3QuickSort,4,36.155232
Random,420000,MedianOf3QuickSort,5,36.598385
Random,420000,TwoPointerQuickSort,1,26.730478
Random,420000,TwoPointerQuickSort,2,26.555056
Random,420000,TwoPointerQuickSort,3,27.733960
Random,420000,TwoPointerQuickSort,4,29.107639
Random,420000,TwoPointerQuickSort,5,38.158905
Random,430000,LastQuickSort,1,51.233869
Random,430000,LastQuickSort,2,48.993815
Random,430000,LastQuickSort,3,57.109137
Random,430000,LastQuickSort,4,51.561880
Random,430000,LastQuickSort,5,77.732805
Random,430000,MiddleQuickSort,1,141.168296
Random,430000,MiddleQuickSort,2,68.870122
Random,430000,MiddleQuickSort,3,49.767398
Random,430000,MiddleQuickSort,4,39.190543
Random,430000,MiddleQuickSort,5,40.313328
Random,430000,MedianOf3QuickSort,1,42.713904
Random,430000,MedianOf3QuickSort,2,41.286330
Random,430000,MedianOf3QuickSort,3,37.003029
Random,430000,MedianOf3QuickSort,4,36.691273
Random,430000,MedianOf3QuickSort,5,36.697079
Random,430000,TwoPointerQuickSort,1,26.802467
Random,430000,TwoPointerQuickSort,2,27.202563
Random,430000,TwoPointerQuickSort,3,27.007304
Random,430000,TwoPointerQuickSort,4,28.736764
Random,430000,TwoPointerQuickSort,5,27.211175
Random,440000,LastQuickSort,1,34.325724
Random,440000,LastQuickSort,2,34.032449
Random,440000,LastQuickSort,3,33.663122
Random,440000,LastQuickSort,4,37.322525
Random,440000,LastQuickSort,5,35.995193
Random,440000,MiddleQuickSort,1,44.875196
Random,440000,MiddleQuickSort,2,35.475697
Random,440000,MiddleQuickSort,3,35.474246
Random,440000,MiddleQuickSort,4,37.415607
Random,440000,MiddleQuickSort,5,46.560825
Random,440000,MedianOf3QuickSort,1,44.097452
Random,440000,MedianOf3QuickSort,2,38.133748
Random,440000,MedianOf3QuickSort,3,40.736646
Random,440000,MedianOf3QuickSort,4,47.047036
Random,440000,MedianOf3QuickSort,5,46.184725
Random,440000,TwoPointerQuickSort,1,36.210577
Random,440000,TwoPointerQuickSort,2,33.568105
Random,440000,TwoPointerQuickSort,3,32.021422
Random,440000,TwoPointerQuickSort,4,37.250343
Random,440000,TwoPointerQuickSort,5,28.904737
Random,450000,LastQuickSort,1,34.049479
Random,450000,LastQuickSort,2,34.163943
Random,450000,LastQuickSort,3,35.348073
Random,450000,LastQuickSort,4,36.558618
Random,450000,LastQuickSort,5,34.110146
Random,450000,MiddleQuickSort,1,36.751554
Random,450000,MiddleQuickSort,2,37.048312
Random,450000,MiddleQuickSort,3,37.002836
Random,450000,MiddleQuickSort,4,37.720009
Random,450000,MiddleQuickSort,5,108.241409
Random,450000,MedianOf3QuickSort,1,105.093568
Random,450000,MedianOf3QuickSort,2,44.779792
Random,450000,MedianOf3QuickSort,3,39.191124
Random,450000,MedianOf3QuickSort,4,66.039067
Random,450000,MedianOf3QuickSort,5,134.967727
Random,450000,TwoPointerQuickSort,1,91.312364
Random,450000,TwoPointerQuickSort,2,75.830535
Random,450000,TwoPointerQuickSort,3,62.783244
Random,450000,TwoPointerQuickSort,4,34.060509
Random,450000,TwoPointerQuickSort,5,34.714692
Random,460000,LastQuickSort,1,34.317886
Random,460000,LastQuickSort,2,34.230126
Random,460000,LastQuickSort,3,34.192101
Random,460000,LastQuickSort,4,34.376715
Random,460000,LastQuickSort,5,34.378940
Random,460000,MiddleQuickSort,1,38.816185
Random,460000,MiddleQuickSort,2,74.541906
Random,460000,MiddleQuickSort,3,140.328144
Random,460000,MiddleQuickSort,4,151.292032
Random,460000,MiddleQuickSort,5,140.845317
Random,460000,MedianOf3QuickSort,1,104.501890
Random,460000,MedianOf3QuickSort,2,47.614427
Random,460000,MedianOf3QuickSort,3,74.511911
Random,460000,MedianOf3QuickSort,4,43.200599
Random,460000,MedianOf3QuickSort,5,44.867746
Random,460000,TwoPointerQuickSort,1,38.225765
Random,460000,TwoPointerQuickSort,2,35.907820
Random,460000,TwoPointerQuickSort,3,33.608648
Random,460000,TwoPointerQuickSort,4,32.299699
Random,460000,TwoPointerQuickSort,5,31.138211
Random,470000,LastQuickSort,1,45.541475
Random,470000,LastQuickSort,2,44.934993
Random,470000,LastQuickSort,3,43.079651
Random,470000,LastQuickSort,4,41.495425
Random,470000,LastQuickSort,5,47.940987
Random,470000,MiddleQuickSort,1,49.956659
Random,470000,MiddleQuickSort,2,42.928417
Random,470000,MiddleQuickSort,3,41.141676
Random,470000,MiddleQuickSort,4,39.217151
Random,470000,MiddleQuickSort,5,46.645005
Random,470000,MedianOf3QuickSort,1,46.873838
Random,470000,MedianOf3QuickSort,2,43.788406
Random,470000,MedianOf3QuickSort,3,47.162696
Random,470000,MedianOf3QuickSort,4,51.493319
Random,470000,MedianOf3QuickSort,5,52.931411
Random,470000,TwoPointerQuickSort,1,30.852226
Random,470000,TwoPointerQuickSort,2,33.149609
Random,470000,TwoPointerQuickSort,3,31.268338
Random,470000,TwoPointerQuickSort,4,29.780209
Random,470000,TwoPointerQuickSort,5,29.869608
Random,480000,LastQuickSort,1,44.420179
Random,480000,LastQuickSort,2,59.926017
Random,480000,LastQuickSort,3,68.103673
Random,480000,LastQuickSort,4,55.139015
Random,480000,LastQuickSort,5,42.720659
Random,480000,MiddleQuickSort,1,42.607529
Random,480000,MiddleQuickSort,2,40.102280
Random,480000,MiddleQuickSort,3,39.961131
Random,480000,MiddleQuickSort,4,53.086000
Random,480000,MiddleQuickSort,5,54.237694
Random,480000,MedianOf3QuickSort,1,46.703076
Random,480000,MedianOf3QuickSort,2,54.991575
Random,480000,MedianOf3QuickSort,3,47.020735
Random,480000,MedianOf3QuickSort,4,46.547154
Random,480000,MedianOf3QuickSort,5,51.563846
Random,480000,TwoPointerQuickSort,1,29.843874
Random,480000,TwoPointerQuickSort,2,29.815950
Random,480000,TwoPointerQuickSort,3,29.902107
Random,480000,TwoPointerQuickSort,4,30.964689
Random,480000,TwoPointerQuickSort,5,35.343680
Random,490000,LastQuickSort,1,41.066218
Random,490000,LastQuickSort,2,42.550250
Random,490000,LastQuickSort,3,46.038689
Random,490000,LastQuickSort,4,47.911192
Random,490000,LastQuickSort,5,42.056176
Random,490000,MiddleQuickSort,1,41.307632
Random,490000,MiddleQuickSort,2,46.644462
Random,490000,MiddleQuickSort,3,41.293051
Random,490000,MiddleQuickSort,4,43.537062
Random,490000,MiddleQuickSort,5,48.565573
Random,490000,MedianOf3QuickSort,1,47.812549
Random,490000,MedianOf3QuickSort,2,51.098556
Random,490000,MedianOf3QuickSort,3,53.018522
Random,490000,MedianOf3QuickSort,4,45.938235
Random,490000,MedianOf3QuickSort,5,51.691272
Random,490000,TwoPointerQuickSort,1,34.445218
Random,490000,TwoPointerQuickSort,2,41.266364
Random,490000,TwoPointerQuickSort,3,31.993817
Random,490000,TwoPointerQuickSort,4,33.756241
Random,490000,TwoPointerQuickSort,5,31.476584
Random,500000,LastQuickSort,1,40.782679
Random,500000,LastQuickSort,2,40.294134
Random,500000,LastQuickSort,3,41.964967
Random,500000,LastQuickSort,4,40.734549
Random,500000,LastQuickSort,5,41.572015
Random,500000,MiddleQuickSort,1,42.896215
Random,500000,MiddleQuickSort,2,42.934910
Random,500000,MiddleQuickSort,3,44.387680
Random,500000,MiddleQuickSort,4,44.030944
Random,500000,MiddleQuickSort,5,44.481366
Random,500000,MedianOf3QuickSort,1,48.200736
Random,500000,MedianOf3QuickSort,2,47.111850
Random,500000,MedianOf3QuickSort,3,46.894644
Random,500000,MedianOf3QuickSort,4,46.428973
Random,500000,MedianOf3QuickSort,5,57.602424
Random,500000,TwoPointerQuickSort,1,32.242379
Random,500000,TwoPointerQuickSort,2,35.453570
Random,500000,TwoPointerQuickSort,3,34.035205
Random,500000,TwoPointerQuickSort,4,34.126892
Random,500000,TwoPointerQuickSort,5,34.246502
Random,510000,LastQuickSort,1,45.205798
Random,510000,LastQuickSort,2,46.332330
Random,510000,LastQuickSort,3,46.520182
Random,510000,LastQuickSort,4,47.345352
Random,510000,LastQuickSort,5,46.107691
Random,510000,MiddleQuickSort,1,44.053341
Random,510000,MiddleQuickSort,2,50.894122
Random,510000,MiddleQuickSort,3,46.291730
Random,510000,MiddleQuickSort,4,42.482676
Random,510000,MiddleQuickSort,5,42.865431
Random,510000,MedianOf3QuickSort,1,46.071761
Random,510000,MedianOf3QuickSort,2,46.228541
Random,510000,MedianOf3QuickSort,3,46.012289
Random,510000,MedianOf3QuickSort,4,53.198368
Random,510000,MedianOf3QuickSort,5,50.713514
Random,510000,TwoPointerQuickSort,1,39.970280
Random,510000,TwoPointerQuickSort,2,32.672787
Random,510000,TwoPointerQuickSort,3,35.834894
Random,510000,TwoPointerQuickSort,4,31.391952
Random,510000,TwoPointerQuickSort,5,34.302733
Random,520000,LastQuickSort,1,52.466120
Random,520000,LastQuickSort,2,42.567690
Random,520000,LastQuickSort,3,47.818458
Random,520000,LastQuickSort,4,41.547616
Random,520000,LastQuickSort,5,41.125404
Random,520000,MiddleQuickSort,1,53.482097
Random,520000,MiddleQuickSort,2,54.808870
Random,520000,MiddleQuickSort,3,46.281913
Random,520000,MiddleQuickSort,4,44.724877
Random,520000,MiddleQuickSort,5,44.094800
Random,520000,MedianOf3QuickSort,1,47.416452
Random,520000,MedianOf3QuickSort,2,47.075156
Random,520000,MedianOf3QuickSort,3,46.677153
Random,520000,MedianOf3QuickSort,4,104.278910
Random,520000,MedianOf3QuickSort,5,110.662119
Random,520000,TwoPointerQuickSort,1,53.652316
Random,520000,TwoPointerQuickSort,2,42.768240
Random,520000,TwoPointerQuickSort,3,53.262332
Random,520000,TwoPointerQuickSort,4,39.131283
Random,520000,TwoPointerQuickSort,5,52.877726
Random,530000,LastQuickSort,1,46.062924
Random,530000,LastQuickSort,2,44.705538
Random,530000,LastQuickSort,3,43.699445
Random,530000,LastQuickSort,4,47.254910
Random,530000,LastQuickSort,5,48.898419
Random,530000,MiddleQuickSort,1,59.485075
Random,530000,MiddleQuickSort,2,60.907922
Random,530000,MiddleQuickSort,3,60.713870
Random,530000,MiddleQuickSort,4,48.121827
Random,530000,MiddleQuickSort,5,47.397486
Random,530000,MedianOf3QuickSort,1,56.714944
Random,530000,MedianOf3QuickSort,2,52.352876
Random,530000,MedianOf3QuickSort,3,52.176501
Random,530000,MedianOf3QuickSort,4,51.143796
Random,530000,MedianOf3QuickSort,5,67.066757
Random,530000,TwoPointerQuickSort,1,44.946888
Random,530000,TwoPointerQuickSort,2,41.925793
Random,530000,TwoPointerQuickSort,3,43.008904
Random,530000,TwoPointerQuickSort,4,43.391179
Random,530000,TwoPointerQuickSort,5,34.389854
Random,540000,LastQuickSort,1,43.780446
Random,540000,LastQuickSort,2,46.640221
Random,540000,LastQuickSort,3,43.637482
Random,540000,LastQuickSort,4,43.434883
Random,540000,LastQuickSort,5,130.150516
Random,540000,MiddleQuickSort,1,126.909729
Random,540000,MiddleQuickSort,2,52.375311
Random,540000,MiddleQuickSort,3,65.493954
Random,540000,MiddleQuickSort,4,95.406747
Random,540000,MiddleQuickSort,5,122.473557
Random,540000,MedianOf3QuickSort,1,53.070321
Random,540000,MedianOf3QuickSort,2,69.911479
Random,540000,MedianOf3QuickSort,3,54.557948
Random,540000,MedianOf3QuickSort,4,57.305060
Random,540000,MedianOf3QuickSort,5,55.982445
Random,540000,TwoPointerQuickSort,1,41.017502
Random,540000,TwoPointerQuickSort,2,34.610906
Random,540000,TwoPointerQuickSort,3,34.728230
Random,540000,TwoPointerQuickSort,4,38.074395
Random,540000,TwoPointerQuickSort,5,37.410465
Random,550000,LastQuickSort,1,44.954853
Random,550000,LastQuickSort,2,44.777118
Random,550000,LastQuickSort,3,44.837139
Random,550000,LastQuickSort,4,44.681160
Random,550000,LastQuickSort,5,44.689805
Random,550000,MiddleQuickSort,1,50.399740
Random,550000,MiddleQuickSort,2,54.446354
Random,550000,MiddleQuickSort,3,53.716963
Random,550000,MiddleQuickSort,4,61.851176
Random,550000,MiddleQuickSort,5,49.328964
Random,550000,MedianOf3QuickSort,1,55.037539
Random,550000,MedianOf3QuickSort,2,52.558193
Random,550000,MedianOf3QuickSort,3,53.378393
Random,550000,MedianOf3QuickSort,4,52.293145
Random,550000,MedianOf3QuickSort,5,83.980351
Random,550000,TwoPointerQuickSort,1,43.370497
Random,550000,TwoPointerQuickSort,2,122.626414
Random,550000,TwoPointerQuickSort,3,60.553820
Random,550000,TwoPointerQuickSort,4,87.341661
Random,550000,TwoPointerQuickSort,5,56.601077
Random,560000,LastQuickSort,1,62.305063
Random,560000,LastQuickSort,2,46.435271
Random,560000,LastQuickSort,3,82.264104
Random,560000,LastQuickSort,4,65.179953
Random,560000,LastQuickSort,5,46.056185
Random,560000,MiddleQuickSort,1,63.093376
Random,560000,MiddleQuickSort,2,62.973690
Random,560000,MiddleQuickSort,3,54.678326
Random,560000,MiddleQuickSort,4,72.188329
Random,560000,MiddleQuickSort,5,66.595377
Random,560000,MedianOf3QuickSort,1,57.176269
Random,560000,MedianOf3QuickSort,2,56.085582
Random,560000,MedianOf3QuickSort,3,59.579514
Random,560000,MedianOf3QuickSort,4,54.167887
Random,560000,MedianOf3QuickSort,5,63.358999
Random,560000,TwoPointerQuickSort,1,39.853232
Random,560000,TwoPointerQuickSort,2,39.924888
Random,560000,TwoPointerQuickSort,3,38.805228
Random,560000,TwoPointerQuickSort,4,37.774239
Random,560000,TwoPointerQuickSort,5,44.459434
Random,570000,LastQuickSort,1,54.874626
Random,570000,LastQuickSort,2,52.344113
Random,570000,LastQuickSort,3,61.007478
Random,570000,LastQuickSort,4,59.374365
Random,570000,LastQuickSort,5,47.157469
Random,570000,MiddleQuickSort,1,51.333444
Random,570000,MiddleQuickSort,2,51.976110
Random,570000,MiddleQuickSort,3,52.458743
Random,570000,MiddleQuickSort,4,51.557940
Random,570000,MiddleQuickSort,5,133.276117
Random,570000,MedianOf3QuickSort,1,88.582076
Random,570000,MedianOf3QuickSort,2,132.958090
Random,570000,MedianOf3QuickSort,3,65.162841
Random,570000,MedianOf3QuickSort,4,63.967053
Random,570000,MedianOf3QuickSort,5,58.681724
Random,570000,TwoPointerQuickSort,1,37.596022
Random,570000,TwoPointerQuickSort,2,39.224663
Random,570000,TwoPointerQuickSort,3,50.345136
Random,570000,TwoPointerQuickSort,4,42.297409
Random,570000,TwoPointerQuickSort,5,39.673558
Random,580000,LastQuickSort,1,57.346416
Random,580000,LastQuickSort,2,52.357433
Random,580000,LastQuickSort,3,47.957934
Random,580000,LastQuickSort,4,47.930712
Random,580000,LastQuickSort,5,48.083065
Random,580000,MiddleQuickSort,1,53.362949
Random,580000,MiddleQuickSort,2,60.598058
Random,580000,MiddleQuickSort,3,86.982409
Random,580000,MiddleQuickSort,4,59.513496
Random,580000,MiddleQuickSort,5,53.355074
Random,580000,MedianOf3QuickSort,1,58.921290
Random,580000,MedianOf3QuickSort,2,72.882526
Random,580000,MedianOf3QuickSort,3,72.682435
Random,580000,MedianOf3QuickSort,4,70.117309
Random,580000,MedianOf3QuickSort,5,59.256040
Random,580000,TwoPointerQuickSort,1,40.997782
Random,580000,TwoPointerQuickSort,2,38.410877
Random,580000,TwoPointerQuickSort,3,42.849267
Random,580000,TwoPointerQuickSort,4,44.245244
Random,580000,TwoPointerQuickSort,5,38.412920
Random,590000,LastQuickSort,1,51.401989
Random,590000,LastQuickSort,2,57.165574
Random,590000,LastQuickSort,3,50.643136
Random,590000,LastQuickSort,4,61.763901
Random,590000,LastQuickSort,5,61.656854
Random,590000,MiddleQuickSort,1,68.222462
Random,590000,MiddleQuickSort,2,58.040613
Random,590000,MiddleQuickSort,3,61.055995
Random,590000,MiddleQuickSort,4,70.362222
Random,590000,MiddleQuickSort,5,63.666428
Random,590000,MedianOf3QuickSort,1,66.147551
Random,590000,MedianOf3QuickSort,2,74.278310
Random,590000,MedianOf3QuickSort,3,65.737158
Random,590000,MedianOf3QuickSort,4,70.097279
Random,590000,MedianOf3QuickSort,5,68.021689
Random,590000,TwoPointerQuickSort,1,41.682841
Random,590000,TwoPointerQuickSort,2,38.685056
Random,590000,TwoPointerQuickSort,3,37.948760
Random,590000,TwoPointerQuickSort,4,40.384381
Random,590000,TwoPointerQuickSort,5,38.923748
Random,600000,LastQuickSort,1,52.609930
Random,600000,LastQuickSort,2,53.436258
Random,600000,LastQuickSort,3,51.789533
Random,600000,LastQuickSort,4,52.149174
Random,600000,LastQuickSort,5,52.897137
Random,600000,MiddleQuickSort,1,62.218142
Random,600000,MiddleQuickSort,2,56.002064
Random,600000,MiddleQuickSort,3,68.919867
Random,600000,MiddleQuickSort,4,70.093391
Random,600000,MiddleQuickSort,5,60.633837
Random,600000,MedianOf3QuickSort,1,67.472261
Random,600000,MedianOf3QuickSort,2,68.732220
Random,600000,MedianOf3QuickSort,3,66.311864
Random,600000,MedianOf3QuickSort,4,75.551782
Random,600000,MedianOf3QuickSort,5,73.775164
Random,600000,TwoPointerQuickSort,1,44.083848
Random,600000,TwoPointerQuickSort,2,40.076270
Random,600000,TwoPointerQuickSort,3,39.785952
Random,600000,TwoPointerQuickSort,4,42.246657
Random,600000,TwoPointerQuickSort,5,50.926356
Random,610000,LastQuickSort,1,64.992695
Random,610000,LastQuickSort,2,76.654720
Random,610000,LastQuickSort,3,59.399255
Random,610000,LastQuickSort,4,57.929288
Random,610000,LastQuickSort,5,60.359950
Random,610000,MiddleQuickSort,1,76.891272
Random,610000,MiddleQuickSort,2,55.914561
Random,610000,MiddleQuickSort,3,56.049706
Random,610000,MiddleQuickSort,4,122.896607
Random,610000,MiddleQuickSort,5,203.317103
Random,610000,MedianOf3QuickSort,1,107.835058
Random,610000,MedianOf3QuickSort,2,61.642465
Random,610000,MedianOf3QuickSort,3,142.624930
Random,610000,MedianOf3QuickSort,4,95.380638
Random,610000,MedianOf3QuickSort,5,69.687859
Random,610000,TwoPointerQuickSort,1,43.498155
Random,610000,TwoPointerQuickSort,2,43.088638
Random,610000,TwoPointerQuickSort,3,47.876070
Random,610000,TwoPointerQuickSort,4,48.362883
Random,610000,TwoPointerQuickSort,5,47.831151
Random,620000,LastQuickSort,1,63.201978
Random,620000,LastQuickSort,2,55.705135
Random,620000,LastQuickSort,3,64.462762
Random,620000,LastQuickSort,4,58.339694
Random,620000,LastQuickSort,5,55.343267
Random,620000,MiddleQuickSort,1,59.173121
Random,620000,MiddleQuickSort,2,59.336552
Random,620000,MiddleQuickSort,3,65.556940
Random,620000,MiddleQuickSort,4,77.170144
Random,620000,MiddleQuickSort,5,63.705421
Random,620000,MedianOf3QuickSort,1,82.073264
Random,620000,MedianOf3QuickSort,2,65.942148
Random,620000,MedianOf3QuickSort,3,65.310454
Random,620000,MedianOf3QuickSort,4,76.196308
Random,620000,MedianOf3QuickSort,5,65.031025
Random,620000,TwoPointerQuickSort,1,136.992027
Random,620000,TwoPointerQuickSort,2,168.208082
Random,620000,TwoPointerQuickSort,3,115.493102
Random,620000,TwoPointerQuickSort,4,100.986470
Random,620000,TwoPointerQuickSort,5,51.141897
Random,630000,LastQuickSort,1,65.996030
Random,630000,LastQuickSort,2,61.525352
Random,630000,LastQuickSort,3,70.236198
Random,630000,LastQuickSort,4,61.818376
Random,630000,LastQuickSort,5,65.244368
Random,630000,MiddleQuickSort,1,68.721462
Random,630000,MiddleQuickSort,2,63.965302
Random,630000,MiddleQuickSort,3,74.972413
Random,630000,MiddleQuickSort,4,73.545098
Random,630000,MiddleQuickSort,5,60.903482
Random,630000,MedianOf3QuickSort,1,77.677702
Random,630000,MedianOf3QuickSort,2,77.483212
Random,630000,MedianOf3QuickSort,3,74.991564
Random,630000,MedianOf3QuickSort,4,81.980186
Random,630000,MedianOf3QuickSort,5,72.474117
Random,630000,TwoPointerQuickSort,1,44.320774
Random,630000,TwoPointerQuickSort,2,45.656997
Random,630000,TwoPointerQuickSort,3,43.198491
Random,630000,TwoPointerQuickSort,4,41.296166
Random,630000,TwoPointerQuickSort,5,41.069923
Random,640000,LastQuickSort,1,55.351106
Random,640000,LastQuickSort,2,55.602652
Random,640000,LastQuickSort,3,56.717295
Random,640000,LastQuickSort,4,55.726986
Random,640000,LastQuickSort,5,55.370059
Random,640000,MiddleQuickSort,1,62.392319
Random,640000,MiddleQuickSort,2,80.879038
Random,640000,MiddleQuickSort,3,204.880955
Random,640000,MiddleQuickSort,4,124.451623
Random,640000,MiddleQuickSort,5,79.705354
Random,640000,MedianOf3QuickSort,1,78.497932
Random,640000,MedianOf3QuickSort,2,79.101643
Random,640000,MedianOf3QuickSort,3,76.115039
Random,640000,MedianOf3QuickSort,4,69.171864
Random,640000,MedianOf3QuickSort,5,70.473555
Random,640000,TwoPointerQuickSort,1,41.677008
Random,640000,TwoPointerQuickSort,2,40.824728
Random,640000,TwoPointerQuickSort,3,40.747130
Random,640000,TwoPointerQuickSort,4,40.725002
Random,640000,TwoPointerQuickSort,5,40.778685
Random,650000,LastQuickSort,1,56.137398
Random,650000,LastQuickSort,2,59.780504
Random,650000,LastQuickSort,3,66.900803
Random,650000,LastQuickSort,4,56.719180
Random,650000,LastQuickSort,5,64.287499
Random,650000,MiddleQuickSort,1,68.211027
Random,650000,MiddleQuickSort,2,63.235371
Random,650000,MiddleQuickSort,3,89.059404
Random,650000,MiddleQuickSort,4,130.796509
Random,650000,MiddleQuickSort,5,82.151193
Random,650000,MedianOf3QuickSort,1,72.201367
Random,650000,MedianOf3QuickSort,2,68.743574
Random,650000,MedianOf3QuickSort,3,90.290908
Random,650000,MedianOf3QuickSort,4,220.147092
Random,650000,MedianOf3QuickSort,5,117.700673
Random,650000,TwoPointerQuickSort,1,45.462973
Random,650000,TwoPointerQuickSort,2,47.153789
Random,650000,TwoPointerQuickSort,3,45.751787
Random,650000,TwoPointerQuickSort,4,51.926542
Random,650000,TwoPointerQuickSort,5,48.735413
Random,660000,LastQuickSort,1,62.254942
Random,660000,LastQuickSort,2,63.205025
Random,660000,LastQuickSort,3,67.933576
Random,660000,LastQuickSort,4,57.536883
Random,660000,LastQuickSort,5,57.070585
Random,660000,MiddleQuickSort,1,63.691237
Random,660000,MiddleQuickSort,2,63.659373
Random,660000,MiddleQuickSort,3,68.948066
Random,660000,MiddleQuickSort,4,64.242634
Random,660000,MiddleQuickSort,5,75.186548
Random,660000,MedianOf3QuickSort,1,85.023296
Random,660000,MedianOf3QuickSort,2,71.086236
Random,660000,MedianOf3QuickSort,3,69.895622
Random,660000,MedianOf3QuickSort,4,70.129742
Random,660000,MedianOf3QuickSort,5,69.976350
Random,660000,TwoPointerQuickSort,1,98.157255
Random,660000,TwoPointerQuickSort,2,151.687474
Random,660000,TwoPointerQuickSort,3,86.913843
Random,660000,TwoPointerQuickSort,4,85.321241
Random,660000,TwoPointerQuickSort,5,61.201206
Random,670000,LastQuickSort,1,95.095330
Random,670000,LastQuickSort,2,67.444740
Random,670000,LastQuickSort,3,70.665110
Random,670000,LastQuickSort,4,70.200561
Random,670000,LastQuickSort,5,69.285160
Random,670000,MiddleQuickSort,1,74.896861
Random,670000,MiddleQuickSort,2,70.204739
Random,670000,MiddleQuickSort,3,80.215765
Random,670000,MiddleQuickSort,4,65.332606
Random,670000,MiddleQuickSort,5,65.268101
Random,670000,MedianOf3QuickSort,1,71.538584
Random,670000,MedianOf3QuickSort,2,75.492934
Random,670000,MedianOf3QuickSort,3,75.031418
Random,670000,MedianOf3QuickSort,4,83.832697
Random,670000,MedianOf3QuickSort,5,79.016589
Random,670000,TwoPointerQuickSort,1,69.070051
Random,670000,TwoPointerQuickSort,2,61.058600
Random,670000,TwoPointerQuickSort,3,43.252501
Random,670000,TwoPointerQuickSort,4,49.979164
Random,670000,TwoPointerQuickSort,5,42.809289
Random,680000,LastQuickSort,1,60.622096
Random,680000,LastQuickSort,2,59.404293
Random,680000,LastQuickSort,3,75.703951
Random,680000,LastQuickSort,4,61.328072
Random,680000,LastQuickSort,5,59.825176
Random,680000,MiddleQuickSort,1,84.452619
Random,680000,MiddleQuickSort,2,168.800591
Random,680000,MiddleQuickSort,3,188.394967
Random,680000,MiddleQuickSort,4,71.162490
Random,680000,MiddleQuickSort,5,65.178123
Random,680000,MedianOf3QuickSort,1,89.239882
Random,680000,MedianOf3QuickSort,2,72.679856
Random,680000,MedianOf3QuickSort,3,76.084778
Random,680000,MedianOf3QuickSort,4,79.121235
Random,680000,MedianOf3QuickSort,5,77.557582
Random,680000,TwoPointerQuickSort,1,42.323050
Random,680000,TwoPointerQuickSort,2,44.136433
Random,680000,TwoPointerQuickSort,3,45.038668
Random,680000,TwoPointerQuickSort,4,71.581841
Random,680000,TwoPointerQuickSort,5,104.863366
Random,690000,LastQuickSort,1,218.596529
Random,690000,LastQuickSort,2,98.785278
Random,690000,LastQuickSort,3,96.718617
Random,690000,LastQuickSort,4,116.566557
Random,690000,LastQuickSort,5,72.329599
Random,690000,MiddleQuickSort,1,191.325532
Random,690000,MiddleQuickSort,2,231.922019
Random,690000,MiddleQuickSort,3,125.126441
Random,690000,MiddleQuickSort,4,66.887244
Random,690000,MiddleQuickSort,5,66.658115
Random,690000,MedianOf3QuickSort,1,238.340591
Random,690000,MedianOf3QuickSort,2,99.937533
Random,690000,MedianOf3QuickSort,3,74.300143
Random,690000,MedianOf3QuickSort,4,79.348543
Random,690000,MedianOf3QuickSort,5,73.934265
Random,690000,TwoPointerQuickSort,1,43.026822
Random,690000,TwoPointerQuickSort,2,42.772778
Random,690000,TwoPointerQuickSort,3,47.129192
Random,690000,TwoPointerQuickSort,4,42.764537
Random,690000,TwoPointerQuickSort,5,42.826538
Random,700000,LastQuickSort,1,61.848236
Random,700000,LastQuickSort,2,61.186437
Random,700000,LastQuickSort,3,220.989107
Random,700000,LastQuickSort,4,184.565999
Random,700000,LastQuickSort,5,69.401909
Random,700000,MiddleQuickSort,1,82.119743
Random,700000,MiddleQuickSort,2,81.513237
Random,700000,MiddleQuickSort,3,78.412096
Random,700000,MiddleQuickSort,4,75.341906
Random,700000,MiddleQuickSort,5,69.358498
Random,700000,MedianOf3QuickSort,1,73.794834
Random,700000,MedianOf3QuickSort,2,73.609691
Random,700000,MedianOf3QuickSort,3,78.890956
Random,700000,MedianOf3QuickSort,4,98.071252
Random,700000,MedianOf3QuickSort,5,74.221563
Random,700000,TwoPointerQuickSort,1,43.675301
Random,700000,TwoPointerQuickSort,2,46.355751
Random,700000,TwoPointerQuickSort,3,58.713129
Random,700000,TwoPointerQuickSort,4,44.806433
Random,700000,TwoPointerQuickSort,5,44.445888
Random,710000,LastQuickSort,1,62.737845
Random,710000,LastQuickSort,2,62.319896
Random,710000,LastQuickSort,3,64.706859
Random,710000,LastQuickSort,4,83.816649
Random,710000,LastQuickSort,5,62.255110
Random,710000,MiddleQuickSort,1,69.796748
Random,710000,MiddleQuickSort,2,167.001760
Random,710000,MiddleQuickSort,3,101.035226
Random,710000,MiddleQuickSort,4,81.889595
Random,710000,MiddleQuickSort,5,78.459167
Random,710000,MedianOf3QuickSort,1,86.438277
Random,710000,MedianOf3QuickSort,2,77.162679
Random,710000,MedianOf3QuickSort,3,77.512735
Random,710000,MedianOf3QuickSort,4,82.253055
Random,710000,MedianOf3QuickSort,5,86.454401
Random,710000,TwoPointerQuickSort,1,81.065352
Random,710000,TwoPointerQuickSort,2,56.053765
Random,710000,TwoPointerQuickSort,3,56.829929
Random,710000,TwoPointerQuickSort,4,45.924979
Random,710000,TwoPointerQuickSort,5,45.373768
Random,720000,LastQuickSort,1,72.022185
Random,720000,LastQuickSort,2,65.536736
Random,720000,LastQuickSort,3,65.940699
Random,720000,LastQuickSort,4,69.381616
Random,720000,LastQuickSort,5,78.504041
Random,720000,MiddleQuickSort,1,82.181956
Random,720000,MiddleQuickSort,2,89.528901
Random,720000,MiddleQuickSort,3,72.728348
Random,720000,MiddleQuickSort,4,72.218499
Random,720000,MiddleQuickSort,5,88.921532
Random,720000,MedianOf3QuickSort,1,85.123041
Random,720000,MedianOf3QuickSort,2,83.657454
Random,720000,MedianOf3QuickSort,3,79.673872
Random,720000,MedianOf3QuickSort,4,79.777434
Random,720000,MedianOf3QuickSort,5,79.623984
Random,720000,TwoPointerQuickSort,1,73.299441
Random,720000,TwoPointerQuickSort,2,136.947071
Random,720000,TwoPointerQuickSort,3,50.321658
Random,720000,TwoPointerQuickSort,4,55.768982
Random,720000,TwoPointerQuickSort,5,62.797977
Random,730000,LastQuickSort,1,76.953801
Random,730000,LastQuickSort,2,77.183247
Random,730000,LastQuickSort,3,77.259050
Random,730000,LastQuickSort,4,67.609664
Random,730000,LastQuickSort,5,71.668273
Random,730000,MiddleQuickSort,1,74.470164
Random,730000,MiddleQuickSort,2,74.288179
Random,730000,MiddleQuickSort,3,74.098429
Random,730000,MiddleQuickSort,4,77.193536
Random,730000,MiddleQuickSort,5,92.650820
Random,730000,MedianOf3QuickSort,1,100.722225
Random,730000,MedianOf3QuickSort,2,118.993630
Random,730000,MedianOf3QuickSort,3,116.267638
Random,730000,MedianOf3QuickSort,4,82.075008
Random,730000,MedianOf3QuickSort,5,81.990470
Random,730000,TwoPointerQuickSort,1,46.222188
Random,730000,TwoPointerQuickSort,2,46.662543
Random,730000,TwoPointerQuickSort,3,56.029197
Random,730000,TwoPointerQuickSort,4,149.832978
Random,730000,TwoPointerQuickSort,5,159.315520
Random,740000,LastQuickSort,1,76.353298
Random,740000,LastQuickSort,2,88.358785
Random,740000,LastQuickSort,3,96.366228
Random,740000,LastQuickSort,4,77.521302
Random,740000,LastQuickSort,5,82.645907
Random,740000,MiddleQuickSort,1,79.439475
Random,740000,MiddleQuickSort,2,80.989794
Random,740000,MiddleQuickSort,3,94.438351
Random,740000,MiddleQuickSort,4,73.763382
Random,740000,MiddleQuickSort,5,74.830544
Random,740000,MedianOf3QuickSort,1,89.537079
Random,740000,MedianOf3QuickSort,2,89.170293
Random,740000,MedianOf3QuickSort,3,93.075549
Random,740000,MedianOf3QuickSort,4,82.935143
Random,740000,MedianOf3QuickSort,5,160.973866
Random,740000,TwoPointerQuickSort,1,46.753196
Random,740000,TwoPointerQuickSort,2,79.354063
Random,740000,TwoPointerQuickSort,3,62.445071
Random,740000,TwoPointerQuickSort,4,54.864298
Random,740000,TwoPointerQuickSort,5,47.173170
Random,750000,LastQuickSort,1,67.625193
Random,750000,LastQuickSort,2,67.876964
Random,750000,LastQuickSort,3,68.429810
Random,750000,LastQuickSort,4,67.884050
Random,750000,LastQuickSort,5,72.027681
Random,750000,MiddleQuickSort,1,145.713028
Random,750000,MiddleQuickSort,2,84.888449
Random,750000,MiddleQuickSort,3,76.029024
Random,750000,MiddleQuickSort,4,203.610413
Random,750000,MiddleQuickSort,5,268.464191
Random,750000,MedianOf3QuickSort,1,131.143346
Random,750000,MedianOf3QuickSort,2,98.032339
Random,750000,MedianOf3QuickSort,3,97.392916
Random,750000,MedianOf3QuickSort,4,98.991279
Random,750000,MedianOf3QuickSort,5,89.964913
Random,750000,TwoPointerQuickSort,1,51.170922
Random,750000,TwoPointerQuickSort,2,56.817800
Random,750000,TwoPointerQuickSort,3,53.462576
Random,750000,TwoPointerQuickSort,4,54.344161
Random,750000,TwoPointerQuickSort,5,52.134328
Random,760000,LastQuickSort,1,75.221011
Random,760000,LastQuickSort,2,83.808574
Random,760000,LastQuickSort,3,79.172757
Random,760000,LastQuickSort,4,85.600472
Random,760000,LastQuickSort,5,80.191001
Random,760000,MiddleQuickSort,1,79.921468
Random,760000,MiddleQuickSort,2,102.332527
Random,760000,MiddleQuickSort,3,76.218289
Random,760000,MiddleQuickSort,4,210.735204
Random,760000,MiddleQuickSort,5,174.787751
Random,760000,MedianOf3QuickSort,1,86.965507
Random,760000,MedianOf3QuickSort,2,111.067911
Random,760000,MedianOf3QuickSort,3,118.912781
Random,760000,MedianOf3QuickSort,4,94.105925
Random,760000,MedianOf3QuickSort,5,97.001184
Random,760000,TwoPointerQuickSort,1,54.665941
Random,760000,TwoPointerQuickSort,2,48.890812
Random,760000,TwoPointerQuickSort,3,58.747273
Random,760000,TwoPointerQuickSort,4,48.966081
Random,760000,TwoPointerQuickSort,5,61.793001
Random,770000,LastQuickSort,1,70.612594
Random,770000,LastQuickSort,2,70.043851
Random,770000,LastQuickSort,3,71.456288
Random,770000,LastQuickSort,4,74.700045
Random,770000,LastQuickSort,5,80.133792
Random,770000,MiddleQuickSort,1,92.618943
Random,770000,MiddleQuickSort,2,100.495390
Random,770000,MiddleQuickSort,3,80.515965
Random,770000,MiddleQuickSort,4,78.952991
Random,770000,MiddleQuickSort,5,78.788274
Random,770000,MedianOf3QuickSort,1,124.337623
Random,770000,MedianOf3QuickSort,2,131.668929
Random,770000,MedianOf3QuickSort,3,242.493567
Random,770000,MedianOf3QuickSort,4,97.898946
Random,770000,MedianOf3QuickSort,5,205.261887
Random,770000,TwoPointerQuickSort,1,93.751378
Random,770000,TwoPointerQuickSort,2,63.690655
Random,770000,TwoPointerQuickSort,3,50.712324
Random,770000,TwoPointerQuickSort,4,66.652081
Random,770000,TwoPointerQuickSort,5,51.580589
Random,780000,LastQuickSort,1,72.994885
Random,780000,LastQuickSort,2,80.563944
Random,780000,LastQuickSort,3,119.806619
Random,780000,LastQuickSort,4,122.542528
Random,780000,LastQuickSort,5,131.731184
Random,780000,MiddleQuickSort,1,96.263325
Random,780000,MiddleQuickSort,2,254.141531
Random,780000,MiddleQuickSort,3,178.541947
Random,780000,MiddleQuickSort,4,103.785571
Random,780000,MiddleQuickSort,5,208.347143
Random,780000,MedianOf3QuickSort,1,169.587257
Random,780000,MedianOf3QuickSort,2,146.365144
Random,780000,MedianOf3QuickSort,3,224.150153
Random,780000,MedianOf3QuickSort,4,134.613358
Random,780000,MedianOf3QuickSort,5,92.073800
Random,780000,TwoPointerQuickSort,1,51.584668
Random,780000,TwoPointerQuickSort,2,50.885102
Random,780000,TwoPointerQuickSort,3,54.948079
Random,780000,TwoPointerQuickSort,4,50.534106
Random,780000,TwoPointerQuickSort,5,59.262309
Random,790000,LastQuickSort,1,79.216190
Random,790000,LastQuickSort,2,81.772037
Random,790000,LastQuickSort,3,85.024632
Random,790000,LastQuickSort,4,83.123287
Random,790000,LastQuickSort,5,72.105835
Random,790000,MiddleQuickSort,1,82.689737
Random,790000,MiddleQuickSort,2,82.021250
Random,790000,MiddleQuickSort,3,94.224747
Random,790000,MiddleQuickSort,4,90.653011
Random,790000,MiddleQuickSort,5,95.933890
Random,790000,MedianOf3QuickSort,1,108.422341
Random,790000,MedianOf3QuickSort,2,101.961438
Random,790000,MedianOf3QuickSort,3,97.790753
Random,790000,MedianOf3QuickSort,4,91.565952
Random,790000,MedianOf3QuickSort,5,91.431925
Random,790000,TwoPointerQuickSort,1,51.224931
Random,790000,TwoPointerQuickSort,2,50.023442
Random,790000,TwoPointerQuickSort,3,49.833860
Random,790000,TwoPointerQuickSort,4,49.713236
Random,790000,TwoPointerQuickSort,5,49.686042
Random,800000,LastQuickSort,1,73.766611
Random,800000,LastQuickSort,2,112.799020
Random,800000,LastQuickSort,3,112.681696
Random,800000,LastQuickSort,4,94.116651
Random,800000,LastQuickSort,5,82.109825
Random,800000,MiddleQuickSort,1,87.842221
Random,800000,MiddleQuickSort,2,91.158819
Random,800000,MiddleQuickSort,3,86.465817
Random,800000,MiddleQuickSort,4,90.240536
Random,800000,MiddleQuickSort,5,93.359396
Random,800000,MedianOf3QuickSort,1,104.609549
Random,800000,MedianOf3QuickSort,2,96.023726
Random,800000,MedianOf3QuickSort,3,94.290402
Random,800000,MedianOf3QuickSort,4,138.810751
Random,800000,MedianOf3QuickSort,5,126.948732
Random,800000,TwoPointerQuickSort,1,56.691311
Random,800000,TwoPointerQuickSort,2,55.140768
Random,800000,TwoPointerQuickSort,3,53.327123
Random,800000,TwoPointerQuickSort,4,55.584984
Random,800000,TwoPointerQuickSort,5,52.846773
Random,810000,LastQuickSort,1,88.225887
Random,810000,LastQuickSort,2,106.693569
Random,810000,LastQuickSort,3,101.085156
Random,810000,LastQuickSort,4,89.637458
Random,810000,LastQuickSort,5,85.457480
Random,810000,MiddleQuickSort,1,97.921277
Random,810000,MiddleQuickSort,2,98.161026
Random,810000,MiddleQuickSort,3,85.410636
Random,810000,MiddleQuickSort,4,87.008404
Random,810000,MiddleQuickSort,5,85.964593
Random,810000,MedianOf3QuickSort,1,97.312683
Random,810000,MedianOf3QuickSort,2,103.657602
Random,810000,MedianOf3QuickSort,3,106.798798
Random,810000,MedianOf3QuickSort,4,102.493571
Random,810000,MedianOf3QuickSort,5,108.998355
Random,810000,TwoPointerQuickSort,1,53.715037
Random,810000,TwoPointerQuickSort,2,52.904171
Random,810000,TwoPointerQuickSort,3,52.361456
Random,810000,TwoPointerQuickSort,4,53.568289
Random,810000,TwoPointerQuickSort,5,54.188421
Random,820000,LastQuickSort,1,91.959109
Random,820000,LastQuickSort,2,157.143147
Random,820000,LastQuickSort,3,217.157441
Random,820000,LastQuickSort,4,157.520276
Random,820000,LastQuickSort,5,91.715514
Random,820000,MiddleQuickSort,1,122.594920
Random,820000,MiddleQuickSort,2,115.862024
Random,820000,MiddleQuickSort,3,104.755260
Random,820000,MiddleQuickSort,4,87.185232
Random,820000,MiddleQuickSort,5,88.972453
Random,820000,MedianOf3QuickSort,1,102.252047
Random,820000,MedianOf3QuickSort,2,112.265294
Random,820000,MedianOf3QuickSort,3,116.453556
Random,820000,MedianOf3QuickSort,4,125.170422
Random,820000,MedianOf3QuickSort,5,105.340974
Random,820000,TwoPointerQuickSort,1,52.871625
Random,820000,TwoPointerQuickSort,2,52.471025
Random,820000,TwoPointerQuickSort,3,100.716903
Random,820000,TwoPointerQuickSort,4,190.340752
Random,820000,TwoPointerQuickSort,5,171.319113
Random,830000,LastQuickSort,1,168.432065
Random,830000,LastQuickSort,2,85.141694
Random,830000,LastQuickSort,3,92.072919
Random,830000,LastQuickSort,4,83.138394
Random,830000,LastQuickSort,5,88.037816
Random,830000,MiddleQuickSort,1,108.100307
Random,830000,MiddleQuickSort,2,103.632354
Random,830000,MiddleQuickSort,3,104.219153
Random,830000,MiddleQuickSort,4,89.995257
Random,830000,MiddleQuickSort,5,114.656509
Random,830000,MedianOf3QuickSort,1,114.509396
Random,830000,MedianOf3QuickSort,2,117.573442
Random,830000,MedianOf3QuickSort,3,104.654828
Random,830000,MedianOf3QuickSort,4,105.029127
Random,830000,MedianOf3QuickSort,5,325.560374
Random,830000,TwoPointerQuickSort,1,200.074678
Random,830000,TwoPointerQuickSort,2,80.544642
Random,830000,TwoPointerQuickSort,3,53.318243
Random,830000,TwoPointerQuickSort,4,63.172423
Random,830000,TwoPointerQuickSort,5,56.872773
Random,840000,LastQuickSort,1,90.164217
Random,840000,LastQuickSort,2,94.198253
Random,840000,LastQuickSort,3,90.438845
Random,840000,LastQuickSort,4,86.707317
Random,840000,LastQuickSort,5,102.641501
Random,840000,MiddleQuickSort,1,104.423430
Random,840000,MiddleQuickSort,2,96.918018
Random,840000,MiddleQuickSort,3,93.086527
Random,840000,MiddleQuickSort,4,109.095805
Random,840000,MiddleQuickSort,5,90.241738
Random,840000,MedianOf3QuickSort,1,100.965170
Random,840000,MedianOf3QuickSort,2,105.919071
Random,840000,MedianOf3QuickSort,3,106.991356
Random,840000,MedianOf3QuickSort,4,118.727814
Random,840000,MedianOf3QuickSort,5,256.093621
Random,840000,TwoPointerQuickSort,1,101.134432
Random,840000,TwoPointerQuickSort,2,65.084896
Random,840000,TwoPointerQuickSort,3,73.251706
Random,840000,TwoPointerQuickSort,4,60.941024
Random,840000,TwoPointerQuickSort,5,60.511100
Random,850000,LastQuickSort,1,87.111674
Random,850000,LastQuickSort,2,103.290413
Random,850000,LastQuickSort,3,80.998333
Random,850000,LastQuickSort,4,80.615278
Random,850000,LastQuickSort,5,81.003443
Random,850000,MiddleQuickSort,1,98.356323
Random,850000,MiddleQuickSort,2,111.409197
Random,850000,MiddleQuickSort,3,99.747933
Random,850000,MiddleQuickSort,4,98.067490
Random,850000,MiddleQuickSort,5,90.053342
Random,850000,MedianOf3QuickSort,1,103.059347
Random,850000,MedianOf3QuickSort,2,219.565518
Random,850000,MedianOf3QuickSort,3,151.579845
Random,850000,MedianOf3QuickSort,4,165.510214
Random,850000,MedianOf3QuickSort,5,115.164903
Random,850000,TwoPointerQuickSort,1,63.562322
Random,850000,TwoPointerQuickSort,2,63.780371
Random,850000,TwoPointerQuickSort,3,60.846128
Random,850000,TwoPointerQuickSort,4,70.126900
Random,850000,TwoPointerQuickSort,5,64.729808
Random,860000,LastQuickSort,1,95.108655
Random,860000,LastQuickSort,2,83.628504
Random,860000,LastQuickSort,3,82.682827
Random,860000,LastQuickSort,4,86.145263
Random,860000,LastQuickSort,5,98.750660
Random,860000,MiddleQuickSort,1,114.030014
Random,860000,MiddleQuickSort,2,104.816651
Random,860000,MiddleQuickSort,3,92.372402
Random,860000,MiddleQuickSort,4,92.349932
Random,860000,MiddleQuickSort,5,103.005341
Random,860000,MedianOf3QuickSort,1,232.158380
Random,860000,MedianOf3QuickSort,2,195.586532
Random,860000,MedianOf3QuickSort,3,193.881208
Random,860000,MedianOf3QuickSort,4,107.474115
Random,860000,MedianOf3QuickSort,5,104.377277
Random,860000,TwoPointerQuickSort,1,54.413285
Random,860000,TwoPointerQuickSort,2,79.609134
Random,860000,TwoPointerQuickSort,3,121.041489
Random,860000,TwoPointerQuickSort,4,105.215136
Random,860000,TwoPointerQuickSort,5,65.880804
Random,870000,LastQuickSort,1,87.739394
Random,870000,LastQuickSort,2,82.503257
Random,870000,LastQuickSort,3,82.121649
Random,870000,LastQuickSort,4,169.005632
Random,870000,LastQuickSort,5,154.139133
Random,870000,MiddleQuickSort,1,95.451688
Random,870000,MiddleQuickSort,2,122.687504
Random,870000,MiddleQuickSort,3,95.718438
Random,870000,MiddleQuickSort,4,93.170818
Random,870000,MiddleQuickSort,5,238.440296
Random,870000,MedianOf3QuickSort,1,131.644917
Random,870000,MedianOf3QuickSort,2,124.557834
Random,870000,MedianOf3QuickSort,3,120.392070
Random,870000,MedianOf3QuickSort,4,137.780536
Random,870000,MedianOf3QuickSort,5,121.297533
Random,870000,TwoPointerQuickSort,1,65.803557
Random,870000,TwoPointerQuickSort,2,66.433687
Random,870000,TwoPointerQuickSort,3,62.287404
Random,870000,TwoPointerQuickSort,4,62.589449
Random,870000,TwoPointerQuickSort,5,56.383816
Random,880000,LastQuickSort,1,102.459787
Random,880000,LastQuickSort,2,87.033751
Random,880000,LastQuickSort,3,84.088998
Random,880000,LastQuickSort,4,84.235970
Random,880000,LastQuickSort,5,143.335499
Random,880000,MiddleQuickSort,1,237.283594
Random,880000,MiddleQuickSort,2,307.740174
Random,880000,MiddleQuickSort,3,182.444568
Random,880000,MiddleQuickSort,4,122.745177
Random,880000,MiddleQuickSort,5,219.605427
Random,880000,MedianOf3QuickSort,1,223.354517
Random,880000,MedianOf3QuickSort,2,253.228113
Random,880000,MedianOf3QuickSort,3,106.464651
Random,880000,MedianOf3QuickSort,4,162.354676
Random,880000,MedianOf3QuickSort,5,350.326990
Random,880000,TwoPointerQuickSort,1,69.086495
Random,880000,TwoPointerQuickSort,2,61.880076
Random,880000,TwoPointerQuickSort,3,61.949112
Random,880000,TwoPointerQuickSort,4,56.428222
Random,880000,TwoPointerQuickSort,5,58.818300
Random,890000,LastQuickSort,1,98.649190
Random,890000,LastQuickSort,2,98.232116
Random,890000,LastQuickSort,3,98.586629
Random,890000,LastQuickSort,4,103.931929
Random,890000,LastQuickSort,5,84.853868
Random,890000,MiddleQuickSort,1,104.445082
Random,890000,MiddleQuickSort,2,110.138515
Random,890000,MiddleQuickSort,3,121.819236
Random,890000,MiddleQuickSort,4,166.152139
Random,890000,MiddleQuickSort,5,99.995918
Random,890000,MedianOf3QuickSort,1,258.925164
Random,890000,MedianOf3QuickSort,2,360.892944
Random,890000,MedianOf3QuickSort,3,130.288683
Random,890000,MedianOf3QuickSort,4,145.256094
Random,890000,MedianOf3QuickSort,5,125.220289
Random,890000,TwoPointerQuickSort,1,60.472691
Random,890000,TwoPointerQuickSort,2,65.800089
Random,890000,TwoPointerQuickSort,3,55.872790
Random,890000,TwoPointerQuickSort,4,55.273938
Random,890000,TwoPointerQuickSort,5,55.191380
Random,900000,LastQuickSort,1,86.102613
Random,900000,LastQuickSort,2,113.404733
Random,900000,LastQuickSort,3,100.246162
Random,900000,LastQuickSort,4,88.887292
Random,900000,LastQuickSort,5,85.770763
Random,900000,MiddleQuickSort,1,96.852728
Random,900000,MiddleQuickSort,2,239.545630
Random,900000,MiddleQuickSort,3,134.089574
Random,900000,MiddleQuickSort,4,145.702973
Random,900000,MiddleQuickSort,5,248.029740
Random,900000,MedianOf3QuickSort,1,121.451392
Random,900000,MedianOf3QuickSort,2,340.182489
Random,900000,MedianOf3QuickSort,3,318.533427
Random,900000,MedianOf3QuickSort,4,122.124804
Random,900000,MedianOf3QuickSort,5,118.782218
Random,900000,TwoPointerQuickSort,1,56.161694
Random,900000,TwoPointerQuickSort,2,56.012386
Random,900000,TwoPointerQuickSort,3,126.631577
Random,900000,TwoPointerQuickSort,4,138.220901
Random,900000,TwoPointerQuickSort,5,114.489287
Random,910000,LastQuickSort,1,172.089675
Random,910000,LastQuickSort,2,130.442609
Random,910000,LastQuickSort,3,88.279218
Random,910000,LastQuickSort,4,88.352756
Random,910000,LastQuickSort,5,88.746484
Random,910000,MiddleQuickSort,1,306.687784
Random,910000,MiddleQuickSort,2,344.335092
Random,910000,MiddleQuickSort,3,267.435453
Random,910000,MiddleQuickSort,4,170.765877
Random,910000,MiddleQuickSort,5,137.072114
Random,910000,MedianOf3QuickSort,1,174.789628
Random,910000,MedianOf3QuickSort,2,208.945756
Random,910000,MedianOf3QuickSort,3,134.534249
Random,910000,MedianOf3QuickSort,4,127.049747
Random,910000,MedianOf3QuickSort,5,135.481809
Random,910000,TwoPointerQuickSort,1,71.854894
Random,910000,TwoPointerQuickSort,2,59.991513
Random,910000,TwoPointerQuickSort,3,59.164499
Random,910000,TwoPointerQuickSort,4,73.434418
Random,910000,TwoPointerQuickSort,5,70.517820
Random,920000,LastQuickSort,1,90.346914
Random,920000,LastQuickSort,2,94.476251
Random,920000,LastQuickSort,3,99.655334
Random,920000,LastQuickSort,4,109.310432
Random,920000,LastQuickSort,5,99.654266
Random,920000,MiddleQuickSort,1,118.092765
Random,920000,MiddleQuickSort,2,107.663107
Random,920000,MiddleQuickSort,3,103.259749
Random,920000,MiddleQuickSort,4,104.933593
Random,920000,MiddleQuickSort,5,166.390592
Random,920000,MedianOf3QuickSort,1,160.834040
Random,920000,MedianOf3QuickSort,2,141.924239
Random,920000,MedianOf3QuickSort,3,127.631104
Random,920000,MedianOf3QuickSort,4,120.947098
Random,920000,MedianOf3QuickSort,5,117.708107
Random,920000,TwoPointerQuickSort,1,57.762442
Random,920000,TwoPointerQuickSort,2,57.733301
Random,920000,TwoPointerQuickSort,3,57.767881
Random,920000,TwoPointerQuickSort,4,91.380633
Random,920000,TwoPointerQuickSort,5,75.087863
Random,930000,LastQuickSort,1,118.061195
Random,930000,LastQuickSort,2,93.910921
Random,930000,LastQuickSort,3,92.465930
Random,930000,LastQuickSort,4,256.930904
Random,930000,LastQuickSort,5,112.086959
Random,930000,MiddleQuickSort,1,230.682012
Random,930000,MiddleQuickSort,2,113.548658
Random,930000,MiddleQuickSort,3,121.347685
Random,930000,MiddleQuickSort,4,130.260375
Random,930000,MiddleQuickSort,5,118.376692
Random,930000,MedianOf3QuickSort,1,136.870169
Random,930000,MedianOf3QuickSort,2,122.824246
Random,930000,MedianOf3QuickSort,3,128.973715
Random,930000,MedianOf3QuickSort,4,132.616790
Random,930000,MedianOf3QuickSort,5,168.187409
Random,930000,TwoPointerQuickSort,1,60.105162
Random,930000,TwoPointerQuickSort,2,59.046479
Random,930000,TwoPointerQuickSort,3,59.342743
Random,930000,TwoPointerQuickSort,4,191.333786
Random,930000,TwoPointerQuickSort,5,139.865641
Random,940000,LastQuickSort,1,266.597657
Random,940000,LastQuickSort,2,127.158831
Random,940000,LastQuickSort,3,104.231981
Random,940000,LastQuickSort,4,111.932028
Random,940000,LastQuickSort,5,113.810924
Random,940000,MiddleQuickSort,1,125.995922
Random,940000,MiddleQuickSort,2,116.683893
Random,940000,MiddleQuickSort,3,142.420659
Random,940000,MiddleQuickSort,4,133.598193
Random,940000,MiddleQuickSort,5,120.154696
Random,940000,MedianOf3QuickSort,1,161.843071
Random,940000,MedianOf3QuickSort,2,140.517205
Random,940000,MedianOf3QuickSort,3,156.460074
Random,940000,MedianOf3QuickSort,4,178.229506
Random,940000,MedianOf3QuickSort,5,287.364654
Random,940000,TwoPointerQuickSort,1,106.839484
Random,940000,TwoPointerQuickSort,2,77.821263
Random,940000,TwoPointerQuickSort,3,71.432414
Random,940000,TwoPointerQuickSort,4,69.049548
Random,940000,TwoPointerQuickSort,5,70.203925
Random,950000,LastQuickSort,1,118.349824
Random,950000,LastQuickSort,2,108.373585
Random,950000,LastQuickSort,3,133.818013
Random,950000,LastQuickSort,4,108.686951
Random,950000,LastQuickSort,5,106.454927
Random,950000,MiddleQuickSort,1,160.969838
Random,950000,MiddleQuickSort,2,166.769414
Random,950000,MiddleQuickSort,3,354.642660
Random,950000,MiddleQuickSort,4,116.097157
Random,950000,MiddleQuickSort,5,140.563324
Random,950000,MedianOf3QuickSort,1,158.556360
Random,950000,MedianOf3QuickSort,2,162.747421
Random,950000,MedianOf3QuickSort,3,151.459620
Random,950000,MedianOf3QuickSort,4,145.090206
Random,950000,MedianOf3QuickSort,5,128.467137
Random,950000,TwoPointerQuickSort,1,62.429804
Random,950000,TwoPointerQuickSort,2,69.277423
Random,950000,TwoPointerQuickSort,3,70.075236
Random,950000,TwoPointerQuickSort,4,68.254957
Random,950000,TwoPointerQuickSort,5,66.183443
Random,960000,LastQuickSort,1,105.001786
Random,960000,LastQuickSort,2,99.537426
Random,960000,LastQuickSort,3,143.074376
Random,960000,LastQuickSort,4,189.369183
Random,960000,LastQuickSort,5,170.380870
Random,960000,MiddleQuickSort,1,296.771155
Random,960000,MiddleQuickSort,2,161.675715
Random,960000,MiddleQuickSort,3,137.961142
Random,960000,MiddleQuickSort,4,142.188857
Random,960000,MiddleQuickSort,5,124.123426
Random,960000,MedianOf3QuickSort,1,135.150929
Random,960000,MedianOf3QuickSort,2,133.938172
Random,960000,MedianOf3QuickSort,3,139.009619
Random,960000,MedianOf3QuickSort,4,151.352358
Random,960000,MedianOf3QuickSort,5,124.456641
Random,960000,TwoPointerQuickSort,1,100.014898
Random,960000,TwoPointerQuickSort,2,174.217147
Random,960000,TwoPointerQuickSort,3,60.902827
Random,960000,TwoPointerQuickSort,4,60.590118
Random,960000,TwoPointerQuickSort,5,61.479673
Random,970000,LastQuickSort,1,121.912417
Random,970000,LastQuickSort,2,103.203969
Random,970000,LastQuickSort,3,120.775919
Random,970000,LastQuickSort,4,123.862405
Random,970000,LastQuickSort,5,118.749769
Random,970000,MiddleQuickSort,1,136.413811
Random,970000,MiddleQuickSort,2,111.718546
Random,970000,MiddleQuickSort,3,138.041572
Random,970000,MiddleQuickSort,4,127.110872
Random,970000,MiddleQuickSort,5,117.198338
Random,970000,MedianOf3QuickSort,1,126.710005
Random,970000,MedianOf3QuickSort,2,149.472875
Random,970000,MedianOf3QuickSort,3,184.767611
Random,970000,MedianOf3QuickSort,4,128.913237
Random,970000,MedianOf3QuickSort,5,133.376038
Random,970000,TwoPointerQuickSort,1,72.057081
Random,970000,TwoPointerQuickSort,2,76.228621
Random,970000,TwoPointerQuickSort,3,74.375572
Random,970000,TwoPointerQuickSort,4,67.482183
Random,970000,TwoPointerQuickSort,5,74.033724
Random,980000,LastQuickSort,1,99.660815
Random,980000,LastQuickSort,2,121.753881
Random,980000,LastQuickSort,3,116.829472
Random,980000,LastQuickSort,4,98.292370
Random,980000,LastQuickSort,5,117.470149
Random,980000,MiddleQuickSort,1,133.949170
Random,980000,MiddleQuickSort,2,171.514014
Random,980000,MiddleQuickSort,3,176.262996
Random,980000,MiddleQuickSort,4,125.086419
Random,980000,MiddleQuickSort,5,120.926376
Random,980000,MedianOf3QuickSort,1,167.442689
Random,980000,MedianOf3QuickSort,2,299.167070
Random,980000,MedianOf3QuickSort,3,158.384488
Random,980000,MedianOf3QuickSort,4,295.921241
Random,980000,MedianOf3QuickSort,5,352.786211
Random,980000,TwoPointerQuickSort,1,96.492016
Random,980000,TwoPointerQuickSort,2,77.606168
Random,980000,TwoPointerQuickSort,3,94.470630
Random,980000,TwoPointerQuickSort,4,63.564154
Random,980000,TwoPointerQuickSort,5,63.056748
Random,990000,LastQuickSort,1,126.281546
Random,990000,LastQuickSort,2,107.344536
Random,990000,LastQuickSort,3,101.041141
Random,990000,LastQuickSort,4,118.238636
Random,990000,LastQuickSort,5,105.543224
Random,990000,MiddleQuickSort,1,123.178663
Random,990000,MiddleQuickSort,2,112.020703
Random,990000,MiddleQuickSort,3,119.919995
Random,990000,MiddleQuickSort,4,137.701160
Random,990000,MiddleQuickSort,5,115.783904
Random,990000,MedianOf3QuickSort,1,130.528967
Random,990000,MedianOf3QuickSort,2,134.583715
Random,990000,MedianOf3QuickSort,3,138.630991
Random,990000,MedianOf3QuickSort,4,150.450035
Random,990000,MedianOf3QuickSort,5,236.135041
Random,990000,TwoPointerQuickSort,1,138.280041
Random,990000,TwoPointerQuickSort,2,61.436515
Random,990000,TwoPointerQuickSort,3,61.105015
Random,990000,TwoPointerQuickSort,4,61.216058
Random,990000,TwoPointerQuickSort,5,95.046349
Random,1000000,LastQuickSort,1,131.078817
Random,1000000,LastQuickSort,2,132.608893
Random,1000000,LastQuickSort,3,120.945251
Random,1000000,LastQuickSort,4,106.330297
Random,1000000,LastQuickSort,5,114.655461
Random,1000000,MiddleQuickSort,1,117.754511
Random,1000000,MiddleQuickSort,2,116.088769
Random,1000000,MiddleQuickSort,3,120.142176
Random,1000000,MiddleQuickSort,4,130.726002
Random,1000000,MiddleQuickSort,5,113.866820
Random,1000000,MedianOf3QuickSort,1,253.212185
Random,1000000,MedianOf3QuickSort,2,330.910123
Random,1000000,MedianOf3QuickSort,3,151.968096
Random,1000000,MedianOf3QuickSort,4,149.618918
Random,1000000,MedianOf3QuickSort,5,144.780692
Random,1000000,TwoPointerQuickSort,1,69.980592
Random,1000000,TwoPointerQuickSort,2,69.058792
Random,1000000,TwoPointerQuickSort,3,78.558503
Random,1000000,TwoPointerQuickSort,4,63.632401
Random,1000000,TwoPointerQuickSort,5,75.133923
Forward-Sorted,100,InsertionSort,1,0.026431
Forward-Sorted,100,InsertionSort,2,0.000376
Forward-Sorted,100,InsertionSort,3,0.000376
Forward-Sorted,100,InsertionSort,4,0.000376
Forward-Sorted,100,InsertionSort,5,0.000376
Forward-Sorted,100,LastQuickSort,1,0.013263
Forward-Sorted,100,LastQuickSort,2,0.011287
Forward-Sorted,100,LastQuickSort,3,0.011099
Forward-Sorted,100,LastQuickSort,4,0.010911
Forward-Sorted,100,LastQuickSort,5,0.010912
Forward-Sorted,100,MiddleQuickSort,1,0.004044
Forward-Sorted,100,MiddleQuickSort,2,0.002446
Forward-Sorted,100,MiddleQuickSort,3,0.001975
Forward-Sorted,100,MiddleQuickSort,4,0.001975
Forward-Sorted,100,MiddleQuickSort,5,0.001975
Forward-Sorted,100,MedianOf3QuickSort,1,0.009500
Forward-Sorted,100,MedianOf3QuickSort,2,0.007713
Forward-Sorted,100,MedianOf3QuickSort,3,0.007431
Forward-Sorted,100,MedianOf3QuickSort,4,0.007430
Forward-Sorted,100,MedianOf3QuickSort,5,0.007430
Forward-Sorted,100,TwoPointerQuickSort,1,0.011663
Forward-Sorted,100,TwoPointerQuickSort,2,0.011288
Forward-Sorted,100,TwoPointerQuickSort,3,0.009971
Forward-Sorted,100,TwoPointerQuickSort,4,0.009971
Forward-Sorted,100,TwoPointerQuickSort,5,0.009970
Forward-Sorted,500,InsertionSort,1,0.001599
Forward-Sorted,500,InsertionSort,2,0.001223
Forward-Sorted,500,InsertionSort,3,0.001223
Forward-Sorted,500,InsertionSort,4,0.001129
Forward-Sorted,500,InsertionSort,5,0.001129
Forward-Sorted,500,LastQuickSort,1,0.287827
Forward-Sorted,500,LastQuickSort,2,0.263936
Forward-Sorted,500,LastQuickSort,3,0.239104
Forward-Sorted,500,LastQuickSort,4,0.277104
Forward-Sorted,500,LastQuickSort,5,0.251990
Forward-Sorted,500,MiddleQuickSort,1,0.012228
Forward-Sorted,500,MiddleQuickSort,2,0.009688
Forward-Sorted,500,MiddleQuickSort,3,0.009312
Forward-Sorted,500,MiddleQuickSort,4,0.009218
Forward-Sorted,500,MiddleQuickSort,5,0.010723
Forward-Sorted,500,MedianOf3QuickSort,1,0.172602
Forward-Sorted,500,MedianOf3QuickSort,2,0.169498
Forward-Sorted,500,MedianOf3QuickSort,3,0.169404
Forward-Sorted,500,MedianOf3QuickSort,4,0.169310
Forward-Sorted,500,MedianOf3QuickSort,5,0.169687
Forward-Sorted,500,TwoPointerQuickSort,1,0.231485
Forward-Sorted,500,TwoPointerQuickSort,2,0.210321
Forward-Sorted,500,TwoPointerQuickSort,3,0.209192
Forward-Sorted,500,TwoPointerQuickSort,4,0.209098
Forward-Sorted,500,TwoPointerQuickSort,5,0.209098
Forward-Sorted,1000,InsertionSort,1,0.002916
Forward-Sorted,1000,InsertionSort,2,0.002352
Forward-Sorted,1000,InsertionSort,3,0.002258
Forward-Sorted,1000,InsertionSort,4,0.002257
Forward-Sorted,1000,InsertionSort,5,0.002258
Forward-Sorted,1000,LastQuickSort,1,1.065431
Forward-Sorted,1000,LastQuickSort,2,1.020187
Forward-Sorted,1000,LastQuickSort,3,1.078788
Forward-Sorted,1000,LastQuickSort,4,1.428320
Forward-Sorted,1000,LastQuickSort,5,1.622273
Forward-Sorted,1000,MiddleQuickSort,1,0.029724
Forward-Sorted,1000,MiddleQuickSort,2,0.026055
Forward-Sorted,1000,MiddleQuickSort,3,0.026808
Forward-Sorted,1000,MiddleQuickSort,4,0.024644
Forward-Sorted,1000,MiddleQuickSort,5,0.027936
Forward-Sorted,1000,MedianOf3QuickSort,1,0.820684
Forward-Sorted,1000,MedianOf3QuickSort,2,0.777886
Forward-Sorted,1000,MedianOf3QuickSort,3,0.838932
Forward-Sorted,1000,MedianOf3QuickSort,4,0.844481
Forward-Sorted,1000,MedianOf3QuickSort,5,0.321595
Forward-Sorted,1000,TwoPointerQuickSort,1,0.384522
Forward-Sorted,1000,TwoPointerQuickSort,2,0.368908
Forward-Sorted,1000,TwoPointerQuickSort,3,0.363640
Forward-Sorted,1000,TwoPointerQuickSort,4,0.364111
Forward-Sorted,1000,TwoPointerQuickSort,5,0.367026
Forward-Sorted,5000,InsertionSort,1,0.009406
Forward-Sorted,5000,InsertionSort,2,0.008372
Forward-Sorted,5000,InsertionSort,3,0.008653
Forward-Sorted,5000,InsertionSort,4,0.008936
Forward-Sorted,5000,InsertionSort,5,0.008465
Forward-Sorted,5000,LastQuickSort,1,15.663448
Forward-Sorted,5000,LastQuickSort,2,15.203300
Forward-Sorted,5000,LastQuickSort,3,15.367907
Forward-Sorted,5000,LastQuickSort,4,15.390387
Forward-Sorted,5000,LastQuickSort,5,14.013896
Forward-Sorted,5000,MiddleQuickSort,1,0.071204
Forward-Sorted,5000,MiddleQuickSort,2,0.056625
Forward-Sorted,5000,MiddleQuickSort,3,0.055966
Forward-Sorted,5000,MiddleQuickSort,4,0.055872
Forward-Sorted,5000,MiddleQuickSort,5,0.055966
Forward-Sorted,5000,MedianOf3QuickSort,1,7.562144
Forward-Sorted,5000,MedianOf3QuickSort,2,7.714712
Forward-Sorted,5000,MedianOf3QuickSort,3,9.399818
Forward-Sorted,5000,MedianOf3QuickSort,4,9.173789
Forward-Sorted,5000,MedianOf3QuickSort,5,8.437571
Forward-Sorted,5000,TwoPointerQuickSort,1,9.230414
Forward-Sorted,5000,TwoPointerQuickSort,2,9.534984
Forward-Sorted,5000,TwoPointerQuickSort,3,12.072473
Forward-Sorted,5000,TwoPointerQuickSort,4,13.226886
Forward-Sorted,5000,TwoPointerQuickSort,5,11.569810
Forward-Sorted,10000,InsertionSort,1,0.010252
Forward-Sorted,10000,InsertionSort,2,0.009594
Forward-Sorted,10000,InsertionSort,3,0.009500
Forward-Sorted,10000,InsertionSort,4,0.010723
Forward-Sorted,10000,InsertionSort,5,0.010723
Forward-Sorted,10000,LastQuickSort,1,55.849684
Forward-Sorted,10000,LastQuickSort,2,62.044272
Forward-Sorted,10000,LastQuickSort,3,47.500718
Forward-Sorted,10000,LastQuickSort,4,58.951352
Forward-Sorted,10000,LastQuickSort,5,61.893962
Forward-Sorted,10000,MiddleQuickSort,1,0.174013
Forward-Sorted,10000,MiddleQuickSort,2,0.172132
Forward-Sorted,10000,MiddleQuickSort,3,0.163949
Forward-Sorted,10000,MiddleQuickSort,4,0.194989
Forward-Sorted,10000,MiddleQuickSort,5,0.176176
Forward-Sorted,10000,MedianOf3QuickSort,1,34.862467
Forward-Sorted,10000,MedianOf3QuickSort,2,34.594205
Forward-Sorted,10000,MedianOf3QuickSort,3,33.782079
Forward-Sorted,10000,MedianOf3QuickSort,4,31.974694
Forward-Sorted,10000,MedianOf3QuickSort,5,30.890545
Forward-Sorted,10000,TwoPointerQuickSort,1,50.452923
Forward-Sorted,10000,TwoPointerQuickSort,2,49.102392
Forward-Sorted,10000,TwoPointerQuickSort,3,41.817916
Forward-Sorted,10000,TwoPointerQuickSort,4,41.258534
Forward-Sorted,10000,TwoPointerQuickSort,5,44.370549
Forward-Sorted,20000,InsertionSort,1,0.019565
Forward-Sorted,20000,InsertionSort,2,0.019094
Forward-Sorted,20000,InsertionSort,3,0.019376
Forward-Sorted,20000,InsertionSort,4,0.021352
Forward-Sorted,20000,InsertionSort,5,0.019000
Forward-Sorted,20000,MiddleQuickSort,1,0.254624
Forward-Sorted,20000,MiddleQuickSort,2,0.252837
Forward-Sorted,20000,MiddleQuickSort,3,0.277010
Forward-Sorted,20000,MiddleQuickSort,4,0.252178
Forward-Sorted,20000,MiddleQuickSort,5,0.252178
Forward-Sorted,30000,InsertionSort,1,0.046090
Forward-Sorted,30000,InsertionSort,2,0.045902
Forward-Sorted,30000,InsertionSort,3,0.046466
Forward-Sorted,30000,InsertionSort,4,0.045902
Forward-Sorted,30000,InsertionSort,5,0.046090
Forward-Sorted,30000,MiddleQuickSort,1,0.403429
Forward-Sorted,30000,MiddleQuickSort,2,0.392800
Forward-Sorted,30000,MiddleQuickSort,3,0.418949
Forward-Sorted,30000,MiddleQuickSort,4,0.393929
Forward-Sorted,30000,MiddleQuickSort,5,0.394493
Forward-Sorted,40000,InsertionSort,1,0.060575
Forward-Sorted,40000,InsertionSort,2,0.060481
Forward-Sorted,40000,InsertionSort,3,0.060387
Forward-Sorted,40000,InsertionSort,4,0.060199
Forward-Sorted,40000,InsertionSort,5,0.072427
Forward-Sorted,40000,MiddleQuickSort,1,0.716653
Forward-Sorted,40000,MiddleQuickSort,2,0.755217
Forward-Sorted,40000,MiddleQuickSort,3,0.686553
Forward-Sorted,40000,MiddleQuickSort,4,0.726905
Forward-Sorted,40000,MiddleQuickSort,5,0.731231
Forward-Sorted,50000,InsertionSort,1,0.048536
Forward-Sorted,50000,InsertionSort,2,0.047501
Forward-Sorted,50000,InsertionSort,3,0.047501
Forward-Sorted,50000,InsertionSort,4,0.047971
Forward-Sorted,50000,InsertionSort,5,0.047500
Forward-Sorted,50000,MiddleQuickSort,1,0.985197
Forward-Sorted,50000,MiddleQuickSort,2,0.980776
Forward-Sorted,50000,MiddleQuickSort,3,1.021316
Forward-Sorted,50000,MiddleQuickSort,4,1.066278
Forward-Sorted,50000,MiddleQuickSort,5,0.983128
Forward-Sorted,60000,MiddleQuickSort,1,0.799238
Forward-Sorted,60000,MiddleQuickSort,2,0.832912
Forward-Sorted,60000,MiddleQuickSort,3,0.892923
Forward-Sorted,60000,MiddleQuickSort,4,0.871571
Forward-Sorted,60000,MiddleQuickSort,5,0.796040
Forward-Sorted,70000,MiddleQuickSort,1,1.139363
Forward-Sorted,70000,MiddleQuickSort,2,1.013697
Forward-Sorted,70000,MiddleQuickSort,3,0.953687
Forward-Sorted,70000,MiddleQuickSort,4,0.964410
Forward-Sorted,70000,MiddleQuickSort,5,0.955192
Forward-Sorted,80000,MiddleQuickSort,1,1.177270
Forward-Sorted,80000,MiddleQuickSort,2,1.144537
Forward-Sorted,80000,MiddleQuickSort,3,1.191003
Forward-Sorted,80000,MiddleQuickSort,4,1.206617
Forward-Sorted,80000,MiddleQuickSort,5,1.159868
Forward-Sorted,90000,MiddleQuickSort,1,1.537995
Forward-Sorted,90000,MiddleQuickSort,2,1.340842
Forward-Sorted,90000,MiddleQuickSort,3,1.661591
Forward-Sorted,90000,MiddleQuickSort,4,2.020716
Forward-Sorted,90000,MiddleQuickSort,5,1.915556
Forward-Sorted,100000,MiddleQuickSort,1,2.226523
Forward-Sorted,100000,MiddleQuickSort,2,2.276939
Forward-Sorted,100000,MiddleQuickSort,3,2.100857
Forward-Sorted,100000,MiddleQuickSort,4,1.566589
Forward-Sorted,100000,MiddleQuickSort,5,1.779261
Forward-Sorted,110000,MiddleQuickSort,1,2.386145
Forward-Sorted,110000,MiddleQuickSort,2,2.464403
Forward-Sorted,110000,MiddleQuickSort,3,1.720191
Forward-Sorted,110000,MiddleQuickSort,4,1.674289
Forward-Sorted,110000,MiddleQuickSort,5,1.754712
Forward-Sorted,120000,MiddleQuickSort,1,2.545202
Forward-Sorted,120000,MiddleQuickSort,2,2.218810
Forward-Sorted,120000,MiddleQuickSort,3,1.887055
Forward-Sorted,120000,MiddleQuickSort,4,1.792242
Forward-Sorted,120000,MiddleQuickSort,5,1.955814
Forward-Sorted,130000,MiddleQuickSort,1,2.655536
Forward-Sorted,130000,MiddleQuickSort,2,2.705106
Forward-Sorted,130000,MiddleQuickSort,3,2.844881
Forward-Sorted,130000,MiddleQuickSort,4,2.138857
Forward-Sorted,130000,MiddleQuickSort,5,1.891289
Forward-Sorted,140000,MiddleQuickSort,1,2.111015
Forward-Sorted,140000,MiddleQuickSort,2,3.101480
Forward-Sorted,140000,MiddleQuickSort,3,2.978542
Forward-Sorted,140000,MiddleQuickSort,4,2.395268
Forward-Sorted,140000,MiddleQuickSort,5,2.263207
Forward-Sorted,150000,MiddleQuickSort,1,2.310143
Forward-Sorted,150000,MiddleQuickSort,2,2.280796
Forward-Sorted,150000,MiddleQuickSort,3,2.284652
Forward-Sorted,150000,MiddleQuickSort,4,2.484626
Forward-Sorted,150000,MiddleQuickSort,5,2.978260
Forward-Sorted,160000,MiddleQuickSort,1,2.457254
Forward-Sorted,160000,MiddleQuickSort,2,2.857203
Forward-Sorted,160000,MiddleQuickSort,3,2.512751
Forward-Sorted,160000,MiddleQuickSort,4,2.584990
Forward-Sorted,160000,MiddleQuickSort,5,3.574419
Forward-Sorted,170000,MiddleQuickSort,1,3.557959
Forward-Sorted,170000,MiddleQuickSort,2,3.356573
Forward-Sorted,170000,MiddleQuickSort,3,2.647353
Forward-Sorted,170000,MiddleQuickSort,4,2.550658
Forward-Sorted,170000,MiddleQuickSort,5,2.852124
Forward-Sorted,180000,MiddleQuickSort,1,3.111638
Forward-Sorted,180000,MiddleQuickSort,2,3.915297
Forward-Sorted,180000,MiddleQuickSort,3,3.641203
Forward-Sorted,180000,MiddleQuickSort,4,4.226452
Forward-Sorted,180000,MiddleQuickSort,5,4.045573
Forward-Sorted,190000,MiddleQuickSort,1,5.296962
Forward-Sorted,190000,MiddleQuickSort,2,6.425320
Forward-Sorted,190000,MiddleQuickSort,3,4.460100
Forward-Sorted,190000,MiddleQuickSort,4,4.300008
Forward-Sorted,190000,MiddleQuickSort,5,7.552550
Forward-Sorted,200000,MiddleQuickSort,1,4.646811
Forward-Sorted,200000,MiddleQuickSort,2,4.098717
Forward-Sorted,200000,MiddleQuickSort,3,3.143055
Forward-Sorted,200000,MiddleQuickSort,4,3.166947
Forward-Sorted,200000,MiddleQuickSort,5,3.036483
Forward-Sorted,210000,MiddleQuickSort,1,3.291484
Forward-Sorted,210000,MiddleQuickSort,2,3.574608
Forward-Sorted,210000,MiddleQuickSort,3,7.560733
Forward-Sorted,210000,MiddleQuickSort,4,3.342182
Forward-Sorted,210000,MiddleQuickSort,5,3.211531
Forward-Sorted,220000,MiddleQuickSort,1,3.338327
Forward-Sorted,220000,MiddleQuickSort,2,3.321019
Forward-Sorted,220000,MiddleQuickSort,3,3.328450
Forward-Sorted,220000,MiddleQuickSort,4,3.840237
Forward-Sorted,220000,MiddleQuickSort,5,3.351307
Forward-Sorted,230000,MiddleQuickSort,1,3.497008
Forward-Sorted,230000,MiddleQuickSort,2,3.572633
Forward-Sorted,230000,MiddleQuickSort,3,3.575172
Forward-Sorted,230000,MiddleQuickSort,4,3.470858
Forward-Sorted,230000,MiddleQuickSort,5,3.443957
Forward-Sorted,240000,MiddleQuickSort,1,3.671115
Forward-Sorted,240000,MiddleQuickSort,2,3.801671
Forward-Sorted,240000,MiddleQuickSort,3,3.619287
Forward-Sorted,240000,MiddleQuickSort,4,3.672432
Forward-Sorted,240000,MiddleQuickSort,5,3.691055
Forward-Sorted,250000,MiddleQuickSort,1,3.858954
Forward-Sorted,250000,MiddleQuickSort,2,3.777310
Forward-Sorted,250000,MiddleQuickSort,3,3.799696
Forward-Sorted,250000,MiddleQuickSort,4,4.353622
Forward-Sorted,250000,MiddleQuickSort,5,3.761037
Forward-Sorted,260000,MiddleQuickSort,1,3.947937
Forward-Sorted,260000,MiddleQuickSort,2,4.259561
Forward-Sorted,260000,MiddleQuickSort,3,4.064855
Forward-Sorted,260000,MiddleQuickSort,4,3.906832
Forward-Sorted,260000,MiddleQuickSort,5,4.071722
Forward-Sorted,270000,MiddleQuickSort,1,4.137282
Forward-Sorted,270000,MiddleQuickSort,2,4.173307
Forward-Sorted,270000,MiddleQuickSort,3,4.135401
Forward-Sorted,270000,MiddleQuickSort,4,4.115365
Forward-Sorted,270000,MiddleQuickSort,5,4.166535
Forward-Sorted,280000,MiddleQuickSort,1,4.387014
Forward-Sorted,280000,MiddleQuickSort,2,4.349107
Forward-Sorted,280000,MiddleQuickSort,3,4.351741
Forward-Sorted,280000,MiddleQuickSort,4,4.405263
Forward-Sorted,280000,MiddleQuickSort,5,4.361806
Forward-Sorted,290000,MiddleQuickSort,1,4.534784
Forward-Sorted,290000,MiddleQuickSort,2,4.589340
Forward-Sorted,290000,MiddleQuickSort,3,13.647433
Forward-Sorted,290000,MiddleQuickSort,4,5.633137
Forward-Sorted,290000,MiddleQuickSort,5,4.573632
Forward-Sorted,300000,MiddleQuickSort,1,4.887326
Forward-Sorted,300000,MiddleQuickSort,2,4.764012
Forward-Sorted,300000,MiddleQuickSort,3,9.636570
Forward-Sorted,300000,MiddleQuickSort,4,16.381699
Forward-Sorted,300000,MiddleQuickSort,5,17.360311
Forward-Sorted,310000,MiddleQuickSort,1,17.884138
Forward-Sorted,310000,MiddleQuickSort,2,18.116563
Forward-Sorted,310000,MiddleQuickSort,3,18.299982
Forward-Sorted,310000,MiddleQuickSort,4,19.733005
Forward-Sorted,310000,MiddleQuickSort,5,18.502026
Forward-Sorted,320000,MiddleQuickSort,1,21.377061
Forward-Sorted,320000,MiddleQuickSort,2,22.549651
Forward-Sorted,320000,MiddleQuickSort,3,18.834055
Forward-Sorted,320000,MiddleQuickSort,4,24.489916
Forward-Sorted,320000,MiddleQuickSort,5,15.552893
Forward-Sorted,330000,MiddleQuickSort,1,16.906279
Forward-Sorted,330000,MiddleQuickSort,2,19.531582
Forward-Sorted,330000,MiddleQuickSort,3,27.667843
Forward-Sorted,330000,MiddleQuickSort,4,15.638371
Forward-Sorted,330000,MiddleQuickSort,5,15.176452
Forward-Sorted,340000,MiddleQuickSort,1,10.010736
Forward-Sorted,340000,MiddleQuickSort,2,10.034601
Forward-Sorted,340000,MiddleQuickSort,3,8.032981
Forward-Sorted,340000,MiddleQuickSort,4,5.823533
Forward-Sorted,340000,MiddleQuickSort,5,5.870477
Forward-Sorted,350000,MiddleQuickSort,1,17.195969
Forward-Sorted,350000,MiddleQuickSort,2,18.798164
Forward-Sorted,350000,MiddleQuickSort,3,22.217034
Forward-Sorted,350000,MiddleQuickSort,4,22.914266
Forward-Sorted,350000,MiddleQuickSort,5,19.610900
Forward-Sorted,360000,MiddleQuickSort,1,14.683627
Forward-Sorted,360000,MiddleQuickSort,2,15.469565
Forward-Sorted,360000,MiddleQuickSort,3,17.570258
Forward-Sorted,360000,MiddleQuickSort,4,12.254906
Forward-Sorted,360000,MiddleQuickSort,5,9.626179
Forward-Sorted,370000,MiddleQuickSort,1,10.378180
Forward-Sorted,370000,MiddleQuickSort,2,10.584640
Forward-Sorted,370000,MiddleQuickSort,3,10.581608
Forward-Sorted,370000,MiddleQuickSort,4,10.071080
Forward-Sorted,370000,MiddleQuickSort,5,10.594225
Forward-Sorted,380000,MiddleQuickSort,1,10.729485
Forward-Sorted,380000,MiddleQuickSort,2,11.852352
Forward-Sorted,380000,MiddleQuickSort,3,11.577038
Forward-Sorted,380000,MiddleQuickSort,4,13.161434
Forward-Sorted,380000,MiddleQuickSort,5,11.615964
Forward-Sorted,390000,MiddleQuickSort,1,7.187873
Forward-Sorted,390000,MiddleQuickSort,2,7.523628
Forward-Sorted,390000,MiddleQuickSort,3,7.109533
Forward-Sorted,390000,MiddleQuickSort,4,8.531870
Forward-Sorted,390000,MiddleQuickSort,5,7.197164
Forward-Sorted,400000,MiddleQuickSort,1,10.253971
Forward-Sorted,400000,MiddleQuickSort,2,8.838773
Forward-Sorted,400000,MiddleQuickSort,3,7.551501
Forward-Sorted,400000,MiddleQuickSort,4,7.633460
Forward-Sorted,400000,MiddleQuickSort,5,7.204597
Forward-Sorted,410000,MiddleQuickSort,1,7.600892
Forward-Sorted,410000,MiddleQuickSort,2,7.446364
Forward-Sorted,410000,MiddleQuickSort,3,8.465463
Forward-Sorted,410000,MiddleQuickSort,4,7.410177
Forward-Sorted,410000,MiddleQuickSort,5,8.822245
Forward-Sorted,420000,MiddleQuickSort,1,7.893515
Forward-Sorted,420000,MiddleQuickSort,2,9.081421
Forward-Sorted,420000,MiddleQuickSort,3,10.948269
Forward-Sorted,420000,MiddleQuickSort,4,8.134500
Forward-Sorted,420000,MiddleQuickSort,5,10.500237
Forward-Sorted,430000,MiddleQuickSort,1,10.165362
Forward-Sorted,430000,MiddleQuickSort,2,10.159787
Forward-Sorted,430000,MiddleQuickSort,3,10.168883
Forward-Sorted,430000,MiddleQuickSort,4,10.271380
Forward-Sorted,430000,MiddleQuickSort,5,7.790725
Forward-Sorted,440000,MiddleQuickSort,1,8.086870
Forward-Sorted,440000,MiddleQuickSort,2,9.952055
Forward-Sorted,440000,MiddleQuickSort,3,10.793644
Forward-Sorted,440000,MiddleQuickSort,4,12.089131
Forward-Sorted,440000,MiddleQuickSort,5,8.393480
Forward-Sorted,450000,MiddleQuickSort,1,13.443789
Forward-Sorted,450000,MiddleQuickSort,2,10.942498
Forward-Sorted,450000,MiddleQuickSort,3,8.748893
Forward-Sorted,450000,MiddleQuickSort,4,8.120905
Forward-Sorted,450000,MiddleQuickSort,5,9.293651
Forward-Sorted,460000,MiddleQuickSort,1,9.550969
Forward-Sorted,460000,MiddleQuickSort,2,9.291402
Forward-Sorted,460000,MiddleQuickSort,3,8.700774
Forward-Sorted,460000,MiddleQuickSort,4,8.385656
Forward-Sorted,460000,MiddleQuickSort,5,9.688773
Forward-Sorted,470000,MiddleQuickSort,1,12.102725
Forward-Sorted,470000,MiddleQuickSort,2,14.885784
Forward-Sorted,470000,MiddleQuickSort,3,9.334043
Forward-Sorted,470000,MiddleQuickSort,4,8.424679
Forward-Sorted,470000,MiddleQuickSort,5,8.289810
Forward-Sorted,480000,MiddleQuickSort,1,8.703806
Forward-Sorted,480000,MiddleQuickSort,2,8.959363
Forward-Sorted,480000,MiddleQuickSort,3,12.504986
Forward-Sorted,480000,MiddleQuickSort,4,12.017736
Forward-Sorted,480000,MiddleQuickSort,5,11.888929
Forward-Sorted,490000,MiddleQuickSort,1,12.000816
Forward-Sorted,490000,MiddleQuickSort,2,12.095097
Forward-Sorted,490000,MiddleQuickSort,3,12.107420
Forward-Sorted,490000,MiddleQuickSort,4,8.565220
Forward-Sorted,490000,MiddleQuickSort,5,8.545171
Forward-Sorted,500000,MiddleQuickSort,1,8.855595
Forward-Sorted,500000,MiddleQuickSort,2,8.809433
Forward-Sorted,500000,MiddleQuickSort,3,8.624880
Forward-Sorted,500000,MiddleQuickSort,4,8.808748
Forward-Sorted,500000,MiddleQuickSort,5,8.706839
Forward-Sorted,510000,MiddleQuickSort,1,9.278101
Forward-Sorted,510000,MiddleQuickSort,2,8.861268
Forward-Sorted,510000,MiddleQuickSort,3,8.826254
Forward-Sorted,510000,MiddleQuickSort,4,9.069489
Forward-Sorted,510000,MiddleQuickSort,5,9.524171
Forward-Sorted,520000,MiddleQuickSort,1,13.279970
Forward-Sorted,520000,MiddleQuickSort,2,9.114674
Forward-Sorted,520000,MiddleQuickSort,3,9.212085
Forward-Sorted,520000,MiddleQuickSort,4,9.218246
Forward-Sorted,520000,MiddleQuickSort,5,9.218246
Forward-Sorted,530000,MiddleQuickSort,1,9.417762
Forward-Sorted,530000,MiddleQuickSort,2,9.377663
Forward-Sorted,530000,MiddleQuickSort,3,9.707061
Forward-Sorted,530000,MiddleQuickSort,4,9.347736
Forward-Sorted,530000,MiddleQuickSort,5,9.619528
Forward-Sorted,540000,MiddleQuickSort,1,9.832444
Forward-Sorted,540000,MiddleQuickSort,2,11.271896
Forward-Sorted,540000,MiddleQuickSort,3,9.432726
Forward-Sorted,540000,MiddleQuickSort,4,11.062599
Forward-Sorted,540000,MiddleQuickSort,5,9.407786
Forward-Sorted,550000,MiddleQuickSort,1,9.953327
Forward-Sorted,550000,MiddleQuickSort,2,9.585297
Forward-Sorted,550000,MiddleQuickSort,3,9.432139
Forward-Sorted,550000,MiddleQuickSort,4,11.151697
Forward-Sorted,550000,MiddleQuickSort,5,10.148443
Forward-Sorted,560000,MiddleQuickSort,1,11.044994
Forward-Sorted,560000,MiddleQuickSort,2,12.949399
Forward-Sorted,560000,MiddleQuickSort,3,14.552474
Forward-Sorted,560000,MiddleQuickSort,4,14.738592
Forward-Sorted,560000,MiddleQuickSort,5,15.149361
Forward-Sorted,570000,MiddleQuickSort,1,10.817311
Forward-Sorted,570000,MiddleQuickSort,2,10.175338
Forward-Sorted,570000,MiddleQuickSort,3,10.202625
Forward-Sorted,570000,MiddleQuickSort,4,10.124188
Forward-Sorted,570000,MiddleQuickSort,5,10.992084
Forward-Sorted,580000,MiddleQuickSort,1,14.924611
Forward-Sorted,580000,MiddleQuickSort,2,15.238165
Forward-Sorted,580000,MiddleQuickSort,3,10.199691
Forward-Sorted,580000,MiddleQuickSort,4,10.276954
Forward-Sorted,580000,MiddleQuickSort,5,10.586107
Forward-Sorted,590000,MiddleQuickSort,1,10.410748
Forward-Sorted,590000,MiddleQuickSort,2,12.385667
Forward-Sorted,590000,MiddleQuickSort,3,11.032182
Forward-Sorted,590000,MiddleQuickSort,4,13.716559
Forward-Sorted,590000,MiddleQuickSort,5,12.983825
Forward-Sorted,600000,MiddleQuickSort,1,11.024065
Forward-Sorted,600000,MiddleQuickSort,2,10.799316
Forward-Sorted,600000,MiddleQuickSort,3,10.833742
Forward-Sorted,600000,MiddleQuickSort,4,10.909441
Forward-Sorted,600000,MiddleQuickSort,5,11.867413
Forward-Sorted,610000,MiddleQuickSort,1,12.067614
Forward-Sorted,610000,MiddleQuickSort,2,11.189448
Forward-Sorted,610000,MiddleQuickSort,3,13.536603
Forward-Sorted,610000,MiddleQuickSort,4,11.185243
Forward-Sorted,610000,MiddleQuickSort,5,11.839246
Forward-Sorted,620000,MiddleQuickSort,1,11.138885
Forward-Sorted,620000,MiddleQuickSort,2,13.458948
Forward-Sorted,620000,MiddleQuickSort,3,11.000103
Forward-Sorted,620000,MiddleQuickSort,4,11.052330
Forward-Sorted,620000,MiddleQuickSort,5,10.982891
Forward-Sorted,630000,MiddleQuickSort,1,11.376349
Forward-Sorted,630000,MiddleQuickSort,2,11.403342
Forward-Sorted,630000,MiddleQuickSort,3,11.200304
Forward-Sorted,630000,MiddleQuickSort,4,11.342705
Forward-Sorted,630000,MiddleQuickSort,5,11.213019
Forward-Sorted,640000,MiddleQuickSort,1,11.420848
Forward-Sorted,640000,MiddleQuickSort,2,11.424271
Forward-Sorted,640000,MiddleQuickSort,3,11.316592
Forward-Sorted,640000,MiddleQuickSort,4,11.402951
Forward-Sorted,640000,MiddleQuickSort,5,11.194338
Forward-Sorted,650000,MiddleQuickSort,1,11.538407
Forward-Sorted,650000,MiddleQuickSort,2,12.758097
Forward-Sorted,650000,MiddleQuickSort,3,11.780271
Forward-Sorted,650000,MiddleQuickSort,4,11.599729
Forward-Sorted,650000,MiddleQuickSort,5,11.520998
Forward-Sorted,660000,MiddleQuickSort,1,11.790834
Forward-Sorted,660000,MiddleQuickSort,2,11.762667
Forward-Sorted,660000,MiddleQuickSort,3,16.687594
Forward-Sorted,660000,MiddleQuickSort,4,33.920825
Forward-Sorted,660000,MiddleQuickSort,5,44.011662
Forward-Sorted,670000,MiddleQuickSort,1,45.917924
Forward-Sorted,670000,MiddleQuickSort,2,49.515967
Forward-Sorted,670000,MiddleQuickSort,3,67.703357
Forward-Sorted,670000,MiddleQuickSort,4,50.711012
Forward-Sorted,670000,MiddleQuickSort,5,13.737097
Forward-Sorted,680000,MiddleQuickSort,1,18.638649
Forward-Sorted,680000,MiddleQuickSort,2,16.892978
Forward-Sorted,680000,MiddleQuickSort,3,17.648793
Forward-Sorted,680000,MiddleQuickSort,4,13.303736
Forward-Sorted,680000,MiddleQuickSort,5,12.261360
Forward-Sorted,690000,MiddleQuickSort,1,13.550099
Forward-Sorted,690000,MiddleQuickSort,2,12.860986
Forward-Sorted,690000,MiddleQuickSort,3,12.457650
Forward-Sorted,690000,MiddleQuickSort,4,12.193485
Forward-Sorted,690000,MiddleQuickSort,5,17.877846
Forward-Sorted,700000,MiddleQuickSort,1,16.453553
Forward-Sorted,700000,MiddleQuickSort,2,12.595258
Forward-Sorted,700000,MiddleQuickSort,3,12.629195
Forward-Sorted,700000,MiddleQuickSort,4,12.908224
Forward-Sorted,700000,MiddleQuickSort,5,13.082507
Forward-Sorted,710000,MiddleQuickSort,1,13.450537
Forward-Sorted,710000,MiddleQuickSort,2,13.001919
Forward-Sorted,710000,MiddleQuickSort,3,13.459046
Forward-Sorted,710000,MiddleQuickSort,4,13.942873
Forward-Sorted,710000,MiddleQuickSort,5,13.968204
Forward-Sorted,720000,MiddleQuickSort,1,16.608373
Forward-Sorted,720000,MiddleQuickSort,2,19.339793
Forward-Sorted,720000,MiddleQuickSort,3,16.597615
Forward-Sorted,720000,MiddleQuickSort,4,13.070869
Forward-Sorted,720000,MiddleQuickSort,5,12.927491
Forward-Sorted,730000,MiddleQuickSort,1,15.840529
Forward-Sorted,730000,MiddleQuickSort,2,16.081904
Forward-Sorted,730000,MiddleQuickSort,3,13.397626
Forward-Sorted,730000,MiddleQuickSort,4,13.619050
Forward-Sorted,730000,MiddleQuickSort,5,13.682915
Forward-Sorted,740000,MiddleQuickSort,1,16.624413
Forward-Sorted,740000,MiddleQuickSort,2,13.654455
Forward-Sorted,740000,MiddleQuickSort,3,13.428532
Forward-Sorted,740000,MiddleQuickSort,4,14.501324
Forward-Sorted,740000,MiddleQuickSort,5,23.508806
Forward-Sorted,750000,MiddleQuickSort,1,19.361798
Forward-Sorted,750000,MiddleQuickSort,2,19.522780
Forward-Sorted,750000,MiddleQuickSort,3,19.792812
Forward-Sorted,750000,MiddleQuickSort,4,15.291174
Forward-Sorted,750000,MiddleQuickSort,5,15.150144
Forward-Sorted,760000,MiddleQuickSort,1,19.803081
Forward-Sorted,760000,MiddleQuickSort,2,17.377881
Forward-Sorted,760000,MiddleQuickSort,3,13.756560
Forward-Sorted,760000,MiddleQuickSort,4,18.213112
Forward-Sorted,760000,MiddleQuickSort,5,20.061377
Forward-Sorted,770000,MiddleQuickSort,1,16.770725
Forward-Sorted,770000,MiddleQuickSort,2,20.117515
Forward-Sorted,770000,MiddleQuickSort,3,19.947047
Forward-Sorted,770000,MiddleQuickSort,4,16.544509
Forward-Sorted,770000,MiddleQuickSort,5,13.906686
Forward-Sorted,780000,MiddleQuickSort,1,15.891190
Forward-Sorted,780000,MiddleQuickSort,2,14.181999
Forward-Sorted,780000,MiddleQuickSort,3,16.459714
Forward-Sorted,780000,MiddleQuickSort,4,18.883350
Forward-Sorted,780000,MiddleQuickSort,5,14.057692
Forward-Sorted,790000,MiddleQuickSort,1,18.275216
Forward-Sorted,790000,MiddleQuickSort,2,20.165438
Forward-Sorted,790000,MiddleQuickSort,3,15.060067
Forward-Sorted,790000,MiddleQuickSort,4,14.497901
Forward-Sorted,790000,MiddleQuickSort,5,14.711990
Forward-Sorted,800000,MiddleQuickSort,1,22.085295
Forward-Sorted,800000,MiddleQuickSort,2,16.603288
Forward-Sorted,800000,MiddleQuickSort,3,14.738689
Forward-Sorted,800000,MiddleQuickSort,4,19.269962
Forward-Sorted,800000,MiddleQuickSort,5,15.822044
Forward-Sorted,810000,MiddleQuickSort,1,14.381614
Forward-Sorted,810000,MiddleQuickSort,2,14.502692
Forward-Sorted,810000,MiddleQuickSort,3,14.372127
Forward-Sorted,810000,MiddleQuickSort,4,14.484110
Forward-Sorted,810000,MiddleQuickSort,5,14.399218
Forward-Sorted,820000,MiddleQuickSort,1,14.490174
Forward-Sorted,820000,MiddleQuickSort,2,14.576142
Forward-Sorted,820000,MiddleQuickSort,3,14.645092
Forward-Sorted,820000,MiddleQuickSort,4,14.548660
Forward-Sorted,820000,MiddleQuickSort,5,14.702502
Forward-Sorted,830000,MiddleQuickSort,1,14.865930
Forward-Sorted,830000,MiddleQuickSort,2,14.788862
Forward-Sorted,830000,MiddleQuickSort,3,14.818594
Forward-Sorted,830000,MiddleQuickSort,4,14.758054
Forward-Sorted,830000,MiddleQuickSort,5,14.766466
Forward-Sorted,840000,MiddleQuickSort,1,14.885001
Forward-Sorted,840000,MiddleQuickSort,2,14.916787
Forward-Sorted,840000,MiddleQuickSort,3,14.811650
Forward-Sorted,840000,MiddleQuickSort,4,43.361962
Forward-Sorted,840000,MiddleQuickSort,5,58.069550
Forward-Sorted,850000,MiddleQuickSort,1,63.499038
Forward-Sorted,850000,MiddleQuickSort,2,38.803794
Forward-Sorted,850000,MiddleQuickSort,3,32.805293
Forward-Sorted,850000,MiddleQuickSort,4,23.069478
Forward-Sorted,850000,MiddleQuickSort,5,15.006961
Forward-Sorted,860000,MiddleQuickSort,1,15.271124
Forward-Sorted,860000,MiddleQuickSort,2,15.266821
Forward-Sorted,860000,MiddleQuickSort,3,15.224277
Forward-Sorted,860000,MiddleQuickSort,4,15.238263
Forward-Sorted,860000,MiddleQuickSort,5,15.439051
Forward-Sorted,870000,MiddleQuickSort,1,15.483747
Forward-Sorted,870000,MiddleQuickSort,2,15.382913
Forward-Sorted,870000,MiddleQuickSort,3,21.099058
Forward-Sorted,870000,MiddleQuickSort,4,21.933800
Forward-Sorted,870000,MiddleQuickSort,5,17.959022
Forward-Sorted,880000,MiddleQuickSort,1,17.848212
Forward-Sorted,880000,MiddleQuickSort,2,23.208749
Forward-Sorted,880000,MiddleQuickSort,3,17.190590
Forward-Sorted,880000,MiddleQuickSort,4,16.075058
Forward-Sorted,880000,MiddleQuickSort,5,23.405135
Forward-Sorted,890000,MiddleQuickSort,1,21.382098
Forward-Sorted,890000,MiddleQuickSort,2,16.978359
Forward-Sorted,890000,MiddleQuickSort,3,17.687229
Forward-Sorted,890000,MiddleQuickSort,4,17.101395
Forward-Sorted,890000,MiddleQuickSort,5,17.772024
Forward-Sorted,900000,MiddleQuickSort,1,19.037975
Forward-Sorted,900000,MiddleQuickSort,2,18.973915
Forward-Sorted,900000,MiddleQuickSort,3,17.210932
Forward-Sorted,900000,MiddleQuickSort,4,17.174843
Forward-Sorted,900000,MiddleQuickSort,5,16.988041
Forward-Sorted,910000,MiddleQuickSort,1,20.505594
Forward-Sorted,910000,MiddleQuickSort,2,20.004260
Forward-Sorted,910000,MiddleQuickSort,3,20.077124
Forward-Sorted,910000,MiddleQuickSort,4,20.759782
Forward-Sorted,910000,MiddleQuickSort,5,20.617773
Forward-Sorted,920000,MiddleQuickSort,1,24.016301
Forward-Sorted,920000,MiddleQuickSort,2,23.027326
Forward-Sorted,920000,MiddleQuickSort,3,20.467648
Forward-Sorted,920000,MiddleQuickSort,4,22.807271
Forward-Sorted,920000,MiddleQuickSort,5,23.000234
Forward-Sorted,930000,MiddleQuickSort,1,22.953778
Forward-Sorted,930000,MiddleQuickSort,2,16.745297
Forward-Sorted,930000,MiddleQuickSort,3,16.506562
Forward-Sorted,930000,MiddleQuickSort,4,16.614144
Forward-Sorted,930000,MiddleQuickSort,5,16.548616
Forward-Sorted,940000,MiddleQuickSort,1,16.898553
Forward-Sorted,940000,MiddleQuickSort,2,17.269908
Forward-Sorted,940000,MiddleQuickSort,3,16.828331
Forward-Sorted,940000,MiddleQuickSort,4,16.879286
Forward-Sorted,940000,MiddleQuickSort,5,16.806618
Forward-Sorted,950000,MiddleQuickSort,1,17.575539
Forward-Sorted,950000,MiddleQuickSort,2,18.112767
Forward-Sorted,950000,MiddleQuickSort,3,16.881926
Forward-Sorted,950000,MiddleQuickSort,4,16.979728
Forward-Sorted,950000,MiddleQuickSort,5,16.994985
Forward-Sorted,960000,MiddleQuickSort,1,17.071271
Forward-Sorted,960000,MiddleQuickSort,2,18.036872
Forward-Sorted,960000,MiddleQuickSort,3,19.384684
Forward-Sorted,960000,MiddleQuickSort,4,18.748579
Forward-Sorted,960000,MiddleQuickSort,5,17.789237
Forward-Sorted,970000,MiddleQuickSort,1,18.100541
Forward-Sorted,970000,MiddleQuickSort,2,18.816649
Forward-Sorted,970000,MiddleQuickSort,3,19.580680
Forward-Sorted,970000,MiddleQuickSort,4,19.564738
Forward-Sorted,970000,MiddleQuickSort,5,18.012519
Forward-Sorted,980000,MiddleQuickSort,1,22.574697
Forward-Sorted,980000,MiddleQuickSort,2,18.635030
Forward-Sorted,980000,MiddleQuickSort,3,19.387227
Forward-Sorted,980000,MiddleQuickSort,4,23.955566
Forward-Sorted,980000,MiddleQuickSort,5,23.520542
Forward-Sorted,990000,MiddleQuickSort,1,20.119862
Forward-Sorted,990000,MiddleQuickSort,2,17.655933
Forward-Sorted,990000,MiddleQuickSort,3,17.995991
Forward-Sorted,990000,MiddleQuickSort,4,17.459937
Forward-Sorted,990000,MiddleQuickSort,5,17.388639
Forward-Sorted,1000000,MiddleQuickSort,1,22.076591
Forward-Sorted,1000000,MiddleQuickSort,2,17.558913
Forward-Sorted,1000000,MiddleQuickSort,3,17.424630
Forward-Sorted,1000000,MiddleQuickSort,4,28.629532
Forward-Sorted,1000000,MiddleQuickSort,5,44.098315
Reverse-Sorted,100,InsertionSort,1,0.046946
Reverse-Sorted,100,InsertionSort,2,0.020440
Reverse-Sorted,100,InsertionSort,3,0.005966
Reverse-Sorted,100,InsertionSort,4,0.005673
Reverse-Sorted,100,InsertionSort,5,0.006650
Reverse-Sorted,100,LastQuickSort,1,0.040295
Reverse-Sorted,100,LastQuickSort,2,0.025722
Reverse-Sorted,100,LastQuickSort,3,0.015649
Reverse-Sorted,100,LastQuickSort,4,0.015550
Reverse-Sorted,100,LastQuickSort,5,0.015551
Reverse-Sorted,100,MiddleQuickSort,1,0.010367
Reverse-Sorted,100,MiddleQuickSort,2,0.005672
Reverse-Sorted,100,MiddleQuickSort,3,0.003912
Reverse-Sorted,100,MiddleQuickSort,4,0.003521
Reverse-Sorted,100,MiddleQuickSort,5,0.003423
Reverse-Sorted,100,MedianOf3QuickSort,1,0.031688
Reverse-Sorted,100,MedianOf3QuickSort,2,0.014474
Reverse-Sorted,100,MedianOf3QuickSort,3,0.003913
Reverse-Sorted,100,MedianOf3QuickSort,4,0.003815
Reverse-Sorted,100,MedianOf3QuickSort,5,0.004303
Reverse-Sorted,100,TwoPointerQuickSort,1,0.036676
Reverse-Sorted,100,TwoPointerQuickSort,2,0.028265
Reverse-Sorted,100,TwoPointerQuickSort,3,0.019072
Reverse-Sorted,100,TwoPointerQuickSort,4,0.018876
Reverse-Sorted,100,TwoPointerQuickSort,5,0.018876
Reverse-Sorted,500,InsertionSort,1,0.133304
Reverse-Sorted,500,InsertionSort,2,0.129783
Reverse-Sorted,500,InsertionSort,3,0.129392
Reverse-Sorted,500,InsertionSort,4,0.163624
Reverse-Sorted,500,InsertionSort,5,0.129001
Reverse-Sorted,500,LastQuickSort,1,0.322258
Reverse-Sorted,500,LastQuickSort,2,0.369496
Reverse-Sorted,500,LastQuickSort,3,0.319129
Reverse-Sorted,500,LastQuickSort,4,0.317662
Reverse-Sorted,500,LastQuickSort,5,0.317661
Reverse-Sorted,500,MiddleQuickSort,1,0.097998
Reverse-Sorted,500,MiddleQuickSort,2,0.024450
Reverse-Sorted,500,MiddleQuickSort,3,0.019365
Reverse-Sorted,500,MiddleQuickSort,4,0.018680
Reverse-Sorted,500,MiddleQuickSort,5,0.018386
Reverse-Sorted,500,MedianOf3QuickSort,1,0.035796
Reverse-Sorted,500,MedianOf3QuickSort,2,0.024939
Reverse-Sorted,500,MedianOf3QuickSort,3,0.024353
Reverse-Sorted,500,MedianOf3QuickSort,4,0.024353
Reverse-Sorted,500,MedianOf3QuickSort,5,0.024353
Reverse-Sorted,500,TwoPointerQuickSort,1,0.303382
Reverse-Sorted,500,TwoPointerQuickSort,2,0.285191
Reverse-Sorted,500,TwoPointerQuickSort,3,0.316976
Reverse-Sorted,500,TwoPointerQuickSort,4,0.304458
Reverse-Sorted,500,TwoPointerQuickSort,5,0.284311
Reverse-Sorted,1000,InsertionSort,1,0.491456
Reverse-Sorted,1000,InsertionSort,2,0.489598
Reverse-Sorted,1000,InsertionSort,3,0.489109
Reverse-Sorted,1000,InsertionSort,4,0.488913
Reverse-Sorted,1000,InsertionSort,5,0.488913
Reverse-Sorted,1000,LastQuickSort,1,1.419989
Reverse-Sorted,1000,LastQuickSort,2,1.242479
Reverse-Sorted,1000,LastQuickSort,3,1.241403
Reverse-Sorted,1000,LastQuickSort,4,1.398571
Reverse-Sorted,1000,LastQuickSort,5,1.415882
Reverse-Sorted,1000,MiddleQuickSort,1,0.073156
Reverse-Sorted,1000,MiddleQuickSort,2,0.048217
Reverse-Sorted,1000,MiddleQuickSort,3,0.041957
Reverse-Sorted,1000,MiddleQuickSort,4,0.041370
Reverse-Sorted,1000,MiddleQuickSort,5,0.040001
Reverse-Sorted,1000,MedianOf3QuickSort,1,0.062691
Reverse-Sorted,1000,MedianOf3QuickSort,2,0.053400
Reverse-Sorted,1000,MedianOf3QuickSort,3,0.052519
Reverse-Sorted,1000,MedianOf3QuickSort,4,0.053009
Reverse-Sorted,1000,MedianOf3QuickSort,5,0.052325
Reverse-Sorted,1000,TwoPointerQuickSort,1,1.157195
Reverse-Sorted,1000,TwoPointerQuickSort,2,1.126974
Reverse-Sorted,1000,TwoPointerQuickSort,3,1.149273
Reverse-Sorted,1000,TwoPointerQuickSort,4,1.169225
Reverse-Sorted,1000,TwoPointerQuickSort,5,0.820658
Reverse-Sorted,5000,InsertionSort,1,7.330273
Reverse-Sorted,5000,InsertionSort,2,7.376044
Reverse-Sorted,5000,InsertionSort,3,7.400299
Reverse-Sorted,5000,InsertionSort,4,7.512282
Reverse-Sorted,5000,InsertionSort,5,10.754816
Reverse-Sorted,5000,LastQuickSort,1,35.411427
Reverse-Sorted,5000,LastQuickSort,2,32.940652
Reverse-Sorted,5000,LastQuickSort,3,33.080998
Reverse-Sorted,5000,LastQuickSort,4,33.765124
Reverse-Sorted,5000,LastQuickSort,5,41.604555
Reverse-Sorted,5000,MiddleQuickSort,1,0.333310
Reverse-Sorted,5000,MiddleQuickSort,2,0.298883
Reverse-Sorted,5000,MiddleQuickSort,3,0.247244
Reverse-Sorted,5000,MiddleQuickSort,4,0.241572
Reverse-Sorted,5000,MiddleQuickSort,5,0.348273
Reverse-Sorted,5000,MedianOf3QuickSort,1,0.550431
Reverse-Sorted,5000,MedianOf3QuickSort,2,0.381820
Reverse-Sorted,5000,MedianOf3QuickSort,3,0.427591
Reverse-Sorted,5000,MedianOf3QuickSort,4,0.380352
Reverse-Sorted,5000,MedianOf3QuickSort,5,0.377614
Reverse-Sorted,5000,TwoPointerQuickSort,1,37.780001
Reverse-Sorted,5000,TwoPointerQuickSort,2,24.873831
Reverse-Sorted,5000,TwoPointerQuickSort,3,21.376523
Reverse-Sorted,5000,TwoPointerQuickSort,4,24.108137
Reverse-Sorted,5000,TwoPointerQuickSort,5,22.059965
Reverse-Sorted,10000,InsertionSort,1,41.807299
Reverse-Sorted,10000,InsertionSort,2,42.804196
Reverse-Sorted,10000,InsertionSort,3,32.407434
Reverse-Sorted,10000,InsertionSort,4,20.268815
Reverse-Sorted,10000,InsertionSort,5,21.399506
Reverse-Sorted,10000,LastQuickSort,1,39.422687
Reverse-Sorted,10000,LastQuickSort,2,33.917793
Reverse-Sorted,10000,LastQuickSort,3,33.870261
Reverse-Sorted,10000,LastQuickSort,4,33.831531
Reverse-Sorted,10000,LastQuickSort,5,34.016475
Reverse-Sorted,10000,MiddleQuickSort,1,0.178000
Reverse-Sorted,10000,MiddleQuickSort,2,0.153256
Reverse-Sorted,10000,MiddleQuickSort,3,0.146312
Reverse-Sorted,10000,MiddleQuickSort,4,0.145138
Reverse-Sorted,10000,MiddleQuickSort,5,0.143672
Reverse-Sorted,10000,MedianOf3QuickSort,1,0.191203
Reverse-Sorted,10000,MedianOf3QuickSort,2,0.184455
Reverse-Sorted,10000,MedianOf3QuickSort,3,0.195311
Reverse-Sorted,10000,MedianOf3QuickSort,4,0.182694
Reverse-Sorted,10000,MedianOf3QuickSort,5,0.184455
Reverse-Sorted,10000,TwoPointerQuickSort,1,32.258873
Reverse-Sorted,10000,TwoPointerQuickSort,2,36.971373
Reverse-Sorted,10000,TwoPointerQuickSort,3,43.118533
Reverse-Sorted,10000,TwoPointerQuickSort,4,37.678287
Reverse-Sorted,10000,TwoPointerQuickSort,5,42.766738
Reverse-Sorted,20000,InsertionSort,1,69.930802
Reverse-Sorted,20000,InsertionSort,2,74.249257
Reverse-Sorted,20000,InsertionSort,3,70.102151
Reverse-Sorted,20000,InsertionSort,4,51.598274
Reverse-Sorted,20000,InsertionSort,5,51.430054
Reverse-Sorted,20000,MiddleQuickSort,1,0.351794
Reverse-Sorted,20000,MiddleQuickSort,2,0.319031
Reverse-Sorted,20000,MiddleQuickSort,3,0.308957
Reverse-Sorted,20000,MiddleQuickSort,4,0.307490
Reverse-Sorted,20000,MiddleQuickSort,5,0.309153
Reverse-Sorted,20000,MedianOf3QuickSort,1,0.400696
Reverse-Sorted,20000,MedianOf3QuickSort,2,0.392578
Reverse-Sorted,20000,MedianOf3QuickSort,3,0.503388
Reverse-Sorted,20000,MedianOf3QuickSort,4,0.393653
Reverse-Sorted,20000,MedianOf3QuickSort,5,0.591507
Reverse-Sorted,30000,InsertionSort,1,132.284087
Reverse-Sorted,30000,InsertionSort,2,139.966154
Reverse-Sorted,30000,InsertionSort,3,117.907070
Reverse-Sorted,30000,InsertionSort,4,241.616841
Reverse-Sorted,30000,InsertionSort,5,248.759488
Reverse-Sorted,30000,MiddleQuickSort,1,0.535454
Reverse-Sorted,30000,MiddleQuickSort,2,0.496382
Reverse-Sorted,30000,MiddleQuickSort,3,0.488770
Reverse-Sorted,30000,MiddleQuickSort,4,0.488973
Reverse-Sorted,30000,MiddleQuickSort,5,0.484000
Reverse-Sorted,30000,MedianOf3QuickSort,1,0.693067
Reverse-Sorted,30000,MedianOf3QuickSort,2,0.644759
Reverse-Sorted,30000,MedianOf3QuickSort,3,0.648310
Reverse-Sorted,30000,MedianOf3QuickSort,4,0.911573
Reverse-Sorted,30000,MedianOf3QuickSort,5,0.815361
Reverse-Sorted,40000,InsertionSort,1,214.425923
Reverse-Sorted,40000,InsertionSort,2,278.702427
Reverse-Sorted,40000,InsertionSort,3,236.688808
Reverse-Sorted,40000,InsertionSort,4,450.009923
Reverse-Sorted,40000,InsertionSort,5,262.776806
Reverse-Sorted,40000,MiddleQuickSort,1,1.104706
Reverse-Sorted,40000,MiddleQuickSort,2,1.006059
Reverse-Sorted,40000,MiddleQuickSort,3,1.022297
Reverse-Sorted,40000,MiddleQuickSort,4,0.999766
Reverse-Sorted,40000,MiddleQuickSort,5,1.033663
Reverse-Sorted,40000,MedianOf3QuickSort,1,1.201526
Reverse-Sorted,40000,MedianOf3QuickSort,2,1.183460
Reverse-Sorted,40000,MedianOf3QuickSort,3,1.209645
Reverse-Sorted,40000,MedianOf3QuickSort,4,1.184069
Reverse-Sorted,40000,MedianOf3QuickSort,5,1.204875
Reverse-Sorted,50000,InsertionSort,1,362.527398
Reverse-Sorted,50000,InsertionSort,2,414.118514
Reverse-Sorted,50000,InsertionSort,3,631.698911
Reverse-Sorted,50000,InsertionSort,4,361.296778
Reverse-Sorted,50000,InsertionSort,5,353.703820
Reverse-Sorted,50000,MiddleQuickSort,1,0.977180
Reverse-Sorted,50000,MiddleQuickSort,2,0.900144
Reverse-Sorted,50000,MiddleQuickSort,3,0.842926
Reverse-Sorted,50000,MiddleQuickSort,4,0.844771
Reverse-Sorted,50000,MiddleQuickSort,5,0.833114
Reverse-Sorted,50000,MedianOf3QuickSort,1,1.086760
Reverse-Sorted,50000,MedianOf3QuickSort,2,1.059365
Reverse-Sorted,50000,MedianOf3QuickSort,3,1.108422
Reverse-Sorted,50000,MedianOf3QuickSort,4,1.065291
Reverse-Sorted,50000,MedianOf3QuickSort,5,1.070245
Reverse-Sorted,60000,MiddleQuickSort,1,1.106286
Reverse-Sorted,60000,MiddleQuickSort,2,1.016427
Reverse-Sorted,60000,MiddleQuickSort,3,1.153886
Reverse-Sorted,60000,MiddleQuickSort,4,1.327193
Reverse-Sorted,60000,MiddleQuickSort,5,1.407823
Reverse-Sorted,70000,MiddleQuickSort,1,1.715189
Reverse-Sorted,70000,MiddleQuickSort,2,1.516431
Reverse-Sorted,70000,MiddleQuickSort,3,1.617462
Reverse-Sorted,70000,MiddleQuickSort,4,1.191288
Reverse-Sorted,70000,MiddleQuickSort,5,1.201585
Reverse-Sorted,80000,MiddleQuickSort,1,1.473104
Reverse-Sorted,80000,MiddleQuickSort,2,1.388977
Reverse-Sorted,80000,MiddleQuickSort,3,1.544215
Reverse-Sorted,80000,MiddleQuickSort,4,1.382177
Reverse-Sorted,80000,MiddleQuickSort,5,1.425406
Reverse-Sorted,90000,MiddleQuickSort,1,1.617754
Reverse-Sorted,90000,MiddleQuickSort,2,1.746762
Reverse-Sorted,90000,MiddleQuickSort,3,1.627662
Reverse-Sorted,90000,MiddleQuickSort,4,1.569958
Reverse-Sorted,90000,MiddleQuickSort,5,2.054225
Reverse-Sorted,100000,MiddleQuickSort,1,1.870718
Reverse-Sorted,100000,MiddleQuickSort,2,1.774545
Reverse-Sorted,100000,MiddleQuickSort,3,1.825158
Reverse-Sorted,100000,MiddleQuickSort,4,1.760653
Reverse-Sorted,100000,MiddleQuickSort,5,1.778236
Reverse-Sorted,110000,MiddleQuickSort,1,2.356152
Reverse-Sorted,110000,MiddleQuickSort,2,2.022361
Reverse-Sorted,110000,MiddleQuickSort,3,1.942994
Reverse-Sorted,110000,MiddleQuickSort,4,2.003127
Reverse-Sorted,110000,MiddleQuickSort,5,1.983504
Reverse-Sorted,120000,MiddleQuickSort,1,2.339443
Reverse-Sorted,120000,MiddleQuickSort,2,2.309133
Reverse-Sorted,120000,MiddleQuickSort,3,2.124461
Reverse-Sorted,120000,MiddleQuickSort,4,2.179153
Reverse-Sorted,120000,MiddleQuickSort,5,2.140296
Reverse-Sorted,130000,MiddleQuickSort,1,2.368489
Reverse-Sorted,130000,MiddleQuickSort,2,2.343134
Reverse-Sorted,130000,MiddleQuickSort,3,2.469228
Reverse-Sorted,130000,MiddleQuickSort,4,3.121362
Reverse-Sorted,130000,MiddleQuickSort,5,2.466119
Reverse-Sorted,140000,MiddleQuickSort,1,2.777566
Reverse-Sorted,140000,MiddleQuickSort,2,2.603482
Reverse-Sorted,140000,MiddleQuickSort,3,2.533344
Reverse-Sorted,140000,MiddleQuickSort,4,2.697227
Reverse-Sorted,140000,MiddleQuickSort,5,2.704416
Reverse-Sorted,150000,MiddleQuickSort,1,2.753862
Reverse-Sorted,150000,MiddleQuickSort,2,2.745411
Reverse-Sorted,150000,MiddleQuickSort,3,2.769891
Reverse-Sorted,150000,MiddleQuickSort,4,2.760371
Reverse-Sorted,150000,MiddleQuickSort,5,3.567158
Reverse-Sorted,160000,MiddleQuickSort,1,3.007313
Reverse-Sorted,160000,MiddleQuickSort,2,3.076675
Reverse-Sorted,160000,MiddleQuickSort,3,3.119127
Reverse-Sorted,160000,MiddleQuickSort,4,4.295746
Reverse-Sorted,160000,MiddleQuickSort,5,3.398030
Reverse-Sorted,170000,MiddleQuickSort,1,3.512564
Reverse-Sorted,170000,MiddleQuickSort,2,6.939640
Reverse-Sorted,170000,MiddleQuickSort,3,3.532284
Reverse-Sorted,170000,MiddleQuickSort,4,3.214232
Reverse-Sorted,170000,MiddleQuickSort,5,3.696070
Reverse-Sorted,180000,MiddleQuickSort,1,5.048423
Reverse-Sorted,180000,MiddleQuickSort,2,4.964879
Reverse-Sorted,180000,MiddleQuickSort,3,3.541707
Reverse-Sorted,180000,MiddleQuickSort,4,3.365486
Reverse-Sorted,180000,MiddleQuickSort,5,3.315360
Reverse-Sorted,190000,MiddleQuickSort,1,3.546758
Reverse-Sorted,190000,MiddleQuickSort,2,3.553461
Reverse-Sorted,190000,MiddleQuickSort,3,3.573765
Reverse-Sorted,190000,MiddleQuickSort,4,3.553656
Reverse-Sorted,190000,MiddleQuickSort,5,3.518781
Reverse-Sorted,200000,MiddleQuickSort,1,3.836153
Reverse-Sorted,200000,MiddleQuickSort,2,3.817501
Reverse-Sorted,200000,MiddleQuickSort,3,3.732208
Reverse-Sorted,200000,MiddleQuickSort,4,3.740271
Reverse-Sorted,200000,MiddleQuickSort,5,3.773203
Reverse-Sorted,210000,MiddleQuickSort,1,3.943207
Reverse-Sorted,210000,MiddleQuickSort,2,3.915520
Reverse-Sorted,210000,MiddleQuickSort,3,3.946996
Reverse-Sorted,210000,MiddleQuickSort,4,3.947093
Reverse-Sorted,210000,MiddleQuickSort,5,3.923097
Reverse-Sorted,220000,MiddleQuickSort,1,4.166931
Reverse-Sorted,220000,MiddleQuickSort,2,4.222207
Reverse-Sorted,220000,MiddleQuickSort,3,4.126228
Reverse-Sorted,220000,MiddleQuickSort,4,4.115736
Reverse-Sorted,220000,MiddleQuickSort,5,4.238819
Reverse-Sorted,230000,MiddleQuickSort,1,4.357821
Reverse-Sorted,230000,MiddleQuickSort,2,4.324501
Reverse-Sorted,230000,MiddleQuickSort,3,4.322460
Reverse-Sorted,230000,MiddleQuickSort,4,4.588928
Reverse-Sorted,230000,MiddleQuickSort,5,4.326831
Reverse-Sorted,240000,MiddleQuickSort,1,5.220468
Reverse-Sorted,240000,MiddleQuickSort,2,6.598952
Reverse-Sorted,240000,MiddleQuickSort,3,6.586323
Reverse-Sorted,240000,MiddleQuickSort,4,6.587975
Reverse-Sorted,240000,MiddleQuickSort,5,6.533186
Reverse-Sorted,250000,MiddleQuickSort,1,7.034064
Reverse-Sorted,250000,MiddleQuickSort,2,6.391743
Reverse-Sorted,250000,MiddleQuickSort,3,4.781178
Reverse-Sorted,250000,MiddleQuickSort,4,4.734840
Reverse-Sorted,250000,MiddleQuickSort,5,4.851608
Reverse-Sorted,260000,MiddleQuickSort,1,4.964977
Reverse-Sorted,260000,MiddleQuickSort,2,4.949531
Reverse-Sorted,260000,MiddleQuickSort,3,4.952542
Reverse-Sorted,260000,MiddleQuickSort,4,4.910866
Reverse-Sorted,260000,MiddleQuickSort,5,5.570869
Reverse-Sorted,270000,MiddleQuickSort,1,5.127791
Reverse-Sorted,270000,MiddleQuickSort,2,5.099425
Reverse-Sorted,270000,MiddleQuickSort,3,5.189381
Reverse-Sorted,270000,MiddleQuickSort,4,5.063967
Reverse-Sorted,270000,MiddleQuickSort,5,5.080870
Reverse-Sorted,280000,MiddleQuickSort,1,5.451477
Reverse-Sorted,280000,MiddleQuickSort,2,5.375219
Reverse-Sorted,280000,MiddleQuickSort,3,5.416700
Reverse-Sorted,280000,MiddleQuickSort,4,5.371236
Reverse-Sorted,280000,MiddleQuickSort,5,5.336846
Reverse-Sorted,290000,MiddleQuickSort,1,5.636150
Reverse-Sorted,290000,MiddleQuickSort,2,5.530067
Reverse-Sorted,290000,MiddleQuickSort,3,5.574949
Reverse-Sorted,290000,MiddleQuickSort,4,6.486945
Reverse-Sorted,290000,MiddleQuickSort,5,8.166676
Reverse-Sorted,300000,MiddleQuickSort,1,8.275770
Reverse-Sorted,300000,MiddleQuickSort,2,8.430522
Reverse-Sorted,300000,MiddleQuickSort,3,8.503283
Reverse-Sorted,300000,MiddleQuickSort,4,8.013091
Reverse-Sorted,300000,MiddleQuickSort,5,8.421488
Reverse-Sorted,310000,MiddleQuickSort,1,8.771305
Reverse-Sorted,310000,MiddleQuickSort,2,8.714573
Reverse-Sorted,310000,MiddleQuickSort,3,8.928486
Reverse-Sorted,310000,MiddleQuickSort,4,8.858250
Reverse-Sorted,310000,MiddleQuickSort,5,7.737782
Reverse-Sorted,320000,MiddleQuickSort,1,6.368719
Reverse-Sorted,320000,MiddleQuickSort,2,6.313832
Reverse-Sorted,320000,MiddleQuickSort,3,6.738939
Reverse-Sorted,320000,MiddleQuickSort,4,6.320924
Reverse-Sorted,320000,MiddleQuickSort,5,6.366776
Reverse-Sorted,330000,MiddleQuickSort,1,6.478978
Reverse-Sorted,330000,MiddleQuickSort,2,6.579426
Reverse-Sorted,330000,MiddleQuickSort,3,6.471888
Reverse-Sorted,330000,MiddleQuickSort,4,6.525997
Reverse-Sorted,330000,MiddleQuickSort,5,6.415931
Reverse-Sorted,340000,MiddleQuickSort,1,6.787219
Reverse-Sorted,340000,MiddleQuickSort,2,6.764002
Reverse-Sorted,340000,MiddleQuickSort,3,6.752636
Reverse-Sorted,340000,MiddleQuickSort,4,6.727766
Reverse-Sorted,340000,MiddleQuickSort,5,6.750790
Reverse-Sorted,350000,MiddleQuickSort,1,10.266073
Reverse-Sorted,350000,MiddleQuickSort,2,9.591403
Reverse-Sorted,350000,MiddleQuickSort,3,6.949549
Reverse-Sorted,350000,MiddleQuickSort,4,6.966937
Reverse-Sorted,350000,MiddleQuickSort,5,6.925359
Reverse-Sorted,360000,MiddleQuickSort,1,7.099928
Reverse-Sorted,360000,MiddleQuickSort,2,6.978886
Reverse-Sorted,360000,MiddleQuickSort,3,7.894185
Reverse-Sorted,360000,MiddleQuickSort,4,6.975972
Reverse-Sorted,360000,MiddleQuickSort,5,8.173865
Reverse-Sorted,370000,MiddleQuickSort,1,7.196684
Reverse-Sorted,370000,MiddleQuickSort,2,7.320448
Reverse-Sorted,370000,MiddleQuickSort,3,7.162296
Reverse-Sorted,370000,MiddleQuickSort,4,8.806861
Reverse-Sorted,370000,MiddleQuickSort,5,15.219683
Reverse-Sorted,380000,MiddleQuickSort,1,8.276256
Reverse-Sorted,380000,MiddleQuickSort,2,8.784906
Reverse-Sorted,380000,MiddleQuickSort,3,7.509491
Reverse-Sorted,380000,MiddleQuickSort,4,8.321526
Reverse-Sorted,380000,MiddleQuickSort,5,7.481708
Reverse-Sorted,390000,MiddleQuickSort,1,9.463074
Reverse-Sorted,390000,MiddleQuickSort,2,17.920893
Reverse-Sorted,390000,MiddleQuickSort,3,17.839778
Reverse-Sorted,390000,MiddleQuickSort,4,17.267303
Reverse-Sorted,390000,MiddleQuickSort,5,8.144722
Reverse-Sorted,400000,MiddleQuickSort,1,8.148705
Reverse-Sorted,400000,MiddleQuickSort,2,7.931586
Reverse-Sorted,400000,MiddleQuickSort,3,8.012022
Reverse-Sorted,400000,MiddleQuickSort,4,7.966363
Reverse-Sorted,400000,MiddleQuickSort,5,7.990358
Reverse-Sorted,410000,MiddleQuickSort,1,8.193197
Reverse-Sorted,410000,MiddleQuickSort,2,8.788889
Reverse-Sorted,410000,MiddleQuickSort,3,8.285484
Reverse-Sorted,410000,MiddleQuickSort,4,8.403418
Reverse-Sorted,410000,MiddleQuickSort,5,8.183288
Reverse-Sorted,420000,MiddleQuickSort,1,11.400045
Reverse-Sorted,420000,MiddleQuickSort,2,12.836332
Reverse-Sorted,420000,MiddleQuickSort,3,10.594909
Reverse-Sorted,420000,MiddleQuickSort,4,8.368446
Reverse-Sorted,420000,MiddleQuickSort,5,8.573421
Reverse-Sorted,430000,MiddleQuickSort,1,8.485117
Reverse-Sorted,430000,MiddleQuickSort,2,8.873502
Reverse-Sorted,430000,MiddleQuickSort,3,9.241292
Reverse-Sorted,430000,MiddleQuickSort,4,20.422956
Reverse-Sorted,430000,MiddleQuickSort,5,20.156779
Reverse-Sorted,440000,MiddleQuickSort,1,16.889021
Reverse-Sorted,440000,MiddleQuickSort,2,12.612413
Reverse-Sorted,440000,MiddleQuickSort,3,13.673915
Reverse-Sorted,440000,MiddleQuickSort,4,9.517864
Reverse-Sorted,440000,MiddleQuickSort,5,8.625395
Reverse-Sorted,450000,MiddleQuickSort,1,8.911292
Reverse-Sorted,450000,MiddleQuickSort,2,8.761397
Reverse-Sorted,450000,MiddleQuickSort,3,8.776649
Reverse-Sorted,450000,MiddleQuickSort,4,8.811621
Reverse-Sorted,450000,MiddleQuickSort,5,8.766059
Reverse-Sorted,460000,MiddleQuickSort,1,24.201891
Reverse-Sorted,460000,MiddleQuickSort,2,22.087728
Reverse-Sorted,460000,MiddleQuickSort,3,21.769772
Reverse-Sorted,460000,MiddleQuickSort,4,21.608221
Reverse-Sorted,460000,MiddleQuickSort,5,13.940772
Reverse-Sorted,470000,MiddleQuickSort,1,22.024778
Reverse-Sorted,470000,MiddleQuickSort,2,16.020934
Reverse-Sorted,470000,MiddleQuickSort,3,14.710645
Reverse-Sorted,470000,MiddleQuickSort,4,9.203989
Reverse-Sorted,470000,MiddleQuickSort,5,9.192623
Reverse-Sorted,480000,MiddleQuickSort,1,19.548847
Reverse-Sorted,480000,MiddleQuickSort,2,23.197705
Reverse-Sorted,480000,MiddleQuickSort,3,37.521125
Reverse-Sorted,480000,MiddleQuickSort,4,37.752680
Reverse-Sorted,480000,MiddleQuickSort,5,44.448282
Reverse-Sorted,490000,MiddleQuickSort,1,27.702156
Reverse-Sorted,490000,MiddleQuickSort,2,24.517781
Reverse-Sorted,490000,MiddleQuickSort,3,25.594790
Reverse-Sorted,490000,MiddleQuickSort,4,24.186342
Reverse-Sorted,490000,MiddleQuickSort,5,19.747048
Reverse-Sorted,500000,MiddleQuickSort,1,14.579871
Reverse-Sorted,500000,MiddleQuickSort,2,13.747498
Reverse-Sorted,500000,MiddleQuickSort,3,9.758663
Reverse-Sorted,500000,MiddleQuickSort,4,9.973855
Reverse-Sorted,500000,MiddleQuickSort,5,21.376042
Reverse-Sorted,510000,MiddleQuickSort,1,18.294817
Reverse-Sorted,510000,MiddleQuickSort,2,17.624960
Reverse-Sorted,510000,MiddleQuickSort,3,11.214528
Reverse-Sorted,510000,MiddleQuickSort,4,12.296986
Reverse-Sorted,510000,MiddleQuickSort,5,22.221226
Reverse-Sorted,520000,MiddleQuickSort,1,10.308449
Reverse-Sorted,520000,MiddleQuickSort,2,10.733383
Reverse-Sorted,520000,MiddleQuickSort,3,17.752105
Reverse-Sorted,520000,MiddleQuickSort,4,19.524687
Reverse-Sorted,520000,MiddleQuickSort,5,10.437505
Reverse-Sorted,530000,MiddleQuickSort,1,22.151534
Reverse-Sorted,530000,MiddleQuickSort,2,13.195131
Reverse-Sorted,530000,MiddleQuickSort,3,12.642573
Reverse-Sorted,530000,MiddleQuickSort,4,12.804421
Reverse-Sorted,530000,MiddleQuickSort,5,19.197454
Reverse-Sorted,540000,MiddleQuickSort,1,15.235961
Reverse-Sorted,540000,MiddleQuickSort,2,14.339633
Reverse-Sorted,540000,MiddleQuickSort,3,15.469412
Reverse-Sorted,540000,MiddleQuickSort,4,14.406455
Reverse-Sorted,540000,MiddleQuickSort,5,11.570344
Reverse-Sorted,550000,MiddleQuickSort,1,15.093902
Reverse-Sorted,550000,MiddleQuickSort,2,15.376012
Reverse-Sorted,550000,MiddleQuickSort,3,14.355120
Reverse-Sorted,550000,MiddleQuickSort,4,13.662510
Reverse-Sorted,550000,MiddleQuickSort,5,14.298429
Reverse-Sorted,560000,MiddleQuickSort,1,16.084491
Reverse-Sorted,560000,MiddleQuickSort,2,13.725701
Reverse-Sorted,560000,MiddleQuickSort,3,11.277049
Reverse-Sorted,560000,MiddleQuickSort,4,11.217874
Reverse-Sorted,560000,MiddleQuickSort,5,11.182121
Reverse-Sorted,570000,MiddleQuickSort,1,11.368632
Reverse-Sorted,570000,MiddleQuickSort,2,11.250759
Reverse-Sorted,570000,MiddleQuickSort,3,11.206880
Reverse-Sorted,570000,MiddleQuickSort,4,11.206784
Reverse-Sorted,570000,MiddleQuickSort,5,11.276571
Reverse-Sorted,580000,MiddleQuickSort,1,11.521876
Reverse-Sorted,580000,MiddleQuickSort,2,11.558777
Reverse-Sorted,580000,MiddleQuickSort,3,11.569484
Reverse-Sorted,580000,MiddleQuickSort,4,11.502279
Reverse-Sorted,580000,MiddleQuickSort,5,11.505051
Reverse-Sorted,590000,MiddleQuickSort,1,11.633248
Reverse-Sorted,590000,MiddleQuickSort,2,11.650360
Reverse-Sorted,590000,MiddleQuickSort,3,11.585162
Reverse-Sorted,590000,MiddleQuickSort,4,11.544820
Reverse-Sorted,590000,MiddleQuickSort,5,16.515735
Reverse-Sorted,600000,MiddleQuickSort,1,11.959812
Reverse-Sorted,600000,MiddleQuickSort,2,11.912585
Reverse-Sorted,600000,MiddleQuickSort,3,13.343404
Reverse-Sorted,600000,MiddleQuickSort,4,12.839983
Reverse-Sorted,600000,MiddleQuickSort,5,14.776708
Reverse-Sorted,610000,MiddleQuickSort,1,33.295894
Reverse-Sorted,610000,MiddleQuickSort,2,16.514395
Reverse-Sorted,610000,MiddleQuickSort,3,19.197837
Reverse-Sorted,610000,MiddleQuickSort,4,21.889309
Reverse-Sorted,610000,MiddleQuickSort,5,21.957756
Reverse-Sorted,620000,MiddleQuickSort,1,12.300906
Reverse-Sorted,620000,MiddleQuickSort,2,12.378914
Reverse-Sorted,620000,MiddleQuickSort,3,12.895622
Reverse-Sorted,620000,MiddleQuickSort,4,12.574030
Reverse-Sorted,620000,MiddleQuickSort,5,15.041993
Reverse-Sorted,630000,MiddleQuickSort,1,17.061886
Reverse-Sorted,630000,MiddleQuickSort,2,14.016989
Reverse-Sorted,630000,MiddleQuickSort,3,12.918661
Reverse-Sorted,630000,MiddleQuickSort,4,13.367304
Reverse-Sorted,630000,MiddleQuickSort,5,12.716662
Reverse-Sorted,640000,MiddleQuickSort,1,12.942752
Reverse-Sorted,640000,MiddleQuickSort,2,12.789986
Reverse-Sorted,640000,MiddleQuickSort,3,13.314725
Reverse-Sorted,640000,MiddleQuickSort,4,33.491009
Reverse-Sorted,640000,MiddleQuickSort,5,26.120771
Reverse-Sorted,650000,MiddleQuickSort,1,14.391256
Reverse-Sorted,650000,MiddleQuickSort,2,13.054315
Reverse-Sorted,650000,MiddleQuickSort,3,12.975733
Reverse-Sorted,650000,MiddleQuickSort,4,12.979175
Reverse-Sorted,650000,MiddleQuickSort,5,13.036152
Reverse-Sorted,660000,MiddleQuickSort,1,13.373518
Reverse-Sorted,660000,MiddleQuickSort,2,13.405830
Reverse-Sorted,660000,MiddleQuickSort,3,13.178784
Reverse-Sorted,660000,MiddleQuickSort,4,32.665519
Reverse-Sorted,660000,MiddleQuickSort,5,41.098713
Reverse-Sorted,670000,MiddleQuickSort,1,41.019462
Reverse-Sorted,670000,MiddleQuickSort,2,36.607032
Reverse-Sorted,670000,MiddleQuickSort,3,56.034209
Reverse-Sorted,670000,MiddleQuickSort,4,38.206677
Reverse-Sorted,670000,MiddleQuickSort,5,49.476077
Reverse-Sorted,680000,MiddleQuickSort,1,54.596030
Reverse-Sorted,680000,MiddleQuickSort,2,39.977442
Reverse-Sorted,680000,MiddleQuickSort,3,56.636095
Reverse-Sorted,680000,MiddleQuickSort,4,43.639808
Reverse-Sorted,680000,MiddleQuickSort,5,28.470097
Reverse-Sorted,690000,MiddleQuickSort,1,18.747187
Reverse-Sorted,690000,MiddleQuickSort,2,14.043279
Reverse-Sorted,690000,MiddleQuickSort,3,13.883152
Reverse-Sorted,690000,MiddleQuickSort,4,14.250630
Reverse-Sorted,690000,MiddleQuickSort,5,18.390510
Reverse-Sorted,700000,MiddleQuickSort,1,14.171284
Reverse-Sorted,700000,MiddleQuickSort,2,17.457472
Reverse-Sorted,700000,MiddleQuickSort,3,16.417268
Reverse-Sorted,700000,MiddleQuickSort,4,15.615868
Reverse-Sorted,700000,MiddleQuickSort,5,14.220613
Reverse-Sorted,710000,MiddleQuickSort,1,18.441942
Reverse-Sorted,710000,MiddleQuickSort,2,20.231349
Reverse-Sorted,710000,MiddleQuickSort,3,19.882512
Reverse-Sorted,710000,MiddleQuickSort,4,16.418607
Reverse-Sorted,710000,MiddleQuickSort,5,15.863946
Reverse-Sorted,720000,MiddleQuickSort,1,16.588198
Reverse-Sorted,720000,MiddleQuickSort,2,16.832355
Reverse-Sorted,720000,MiddleQuickSort,3,17.126894
Reverse-Sorted,720000,MiddleQuickSort,4,19.041247
Reverse-Sorted,720000,MiddleQuickSort,5,20.002105
Reverse-Sorted,730000,MiddleQuickSort,1,18.334012
Reverse-Sorted,730000,MiddleQuickSort,2,16.813905
Reverse-Sorted,730000,MiddleQuickSort,3,15.662616
Reverse-Sorted,730000,MiddleQuickSort,4,15.012453
Reverse-Sorted,730000,MiddleQuickSort,5,15.310145
Reverse-Sorted,740000,MiddleQuickSort,1,16.992961
Reverse-Sorted,740000,MiddleQuickSort,2,20.687830
Reverse-Sorted,740000,MiddleQuickSort,3,21.232358
Reverse-Sorted,740000,MiddleQuickSort,4,15.482222
Reverse-Sorted,740000,MiddleQuickSort,5,20.985236
Reverse-Sorted,750000,MiddleQuickSort,1,16.534950
Reverse-Sorted,750000,MiddleQuickSort,2,15.682787
Reverse-Sorted,750000,MiddleQuickSort,3,17.001086
Reverse-Sorted,750000,MiddleQuickSort,4,16.131239
Reverse-Sorted,750000,MiddleQuickSort,5,15.546369
Reverse-Sorted,760000,MiddleQuickSort,1,15.513101
Reverse-Sorted,760000,MiddleQuickSort,2,17.704211
Reverse-Sorted,760000,MiddleQuickSort,3,17.745988
Reverse-Sorted,760000,MiddleQuickSort,4,21.906134
Reverse-Sorted,760000,MiddleQuickSort,5,16.009446
Reverse-Sorted,770000,MiddleQuickSort,1,15.573710
Reverse-Sorted,770000,MiddleQuickSort,2,15.682501
Reverse-Sorted,770000,MiddleQuickSort,3,15.852092
Reverse-Sorted,770000,MiddleQuickSort,4,15.537096
Reverse-Sorted,770000,MiddleQuickSort,5,16.165366
Reverse-Sorted,780000,MiddleQuickSort,1,16.057437
Reverse-Sorted,780000,MiddleQuickSort,2,18.337358
Reverse-Sorted,780000,MiddleQuickSort,3,21.315146
Reverse-Sorted,780000,MiddleQuickSort,4,22.314051
Reverse-Sorted,780000,MiddleQuickSort,5,22.390721
Reverse-Sorted,790000,MiddleQuickSort,1,23.335517
Reverse-Sorted,790000,MiddleQuickSort,2,23.445743
Reverse-Sorted,790000,MiddleQuickSort,3,19.115527
Reverse-Sorted,790000,MiddleQuickSort,4,16.496615
Reverse-Sorted,790000,MiddleQuickSort,5,22.529720
Reverse-Sorted,800000,MiddleQuickSort,1,25.253313
Reverse-Sorted,800000,MiddleQuickSort,2,17.893782
Reverse-Sorted,800000,MiddleQuickSort,3,23.654529
Reverse-Sorted,800000,MiddleQuickSort,4,16.435910
Reverse-Sorted,800000,MiddleQuickSort,5,16.326163
Reverse-Sorted,810000,MiddleQuickSort,1,16.522522
Reverse-Sorted,810000,MiddleQuickSort,2,16.300734
Reverse-Sorted,810000,MiddleQuickSort,3,22.168933
Reverse-Sorted,810000,MiddleQuickSort,4,43.984344
Reverse-Sorted,810000,MiddleQuickSort,5,24.621600
Reverse-Sorted,820000,MiddleQuickSort,1,16.727962
Reverse-Sorted,820000,MiddleQuickSort,2,16.879867
Reverse-Sorted,820000,MiddleQuickSort,3,16.609229
Reverse-Sorted,820000,MiddleQuickSort,4,16.564203
Reverse-Sorted,820000,MiddleQuickSort,5,16.835415
Reverse-Sorted,830000,MiddleQuickSort,1,16.807596
Reverse-Sorted,830000,MiddleQuickSort,2,16.933880
Reverse-Sorted,830000,MiddleQuickSort,3,33.147908
Reverse-Sorted,830000,MiddleQuickSort,4,40.341575
Reverse-Sorted,830000,MiddleQuickSort,5,35.550481
Reverse-Sorted,840000,MiddleQuickSort,1,54.859117
Reverse-Sorted,840000,MiddleQuickSort,2,21.284554
Reverse-Sorted,840000,MiddleQuickSort,3,33.934967
Reverse-Sorted,840000,MiddleQuickSort,4,33.671594
Reverse-Sorted,840000,MiddleQuickSort,5,18.474445
Reverse-Sorted,850000,MiddleQuickSort,1,17.257959
Reverse-Sorted,850000,MiddleQuickSort,2,17.215035
Reverse-Sorted,850000,MiddleQuickSort,3,17.123643
Reverse-Sorted,850000,MiddleQuickSort,4,17.155668
Reverse-Sorted,850000,MiddleQuickSort,5,17.214461
Reverse-Sorted,860000,MiddleQuickSort,1,17.568270
Reverse-Sorted,860000,MiddleQuickSort,2,17.413879
Reverse-Sorted,860000,MiddleQuickSort,3,25.804533
Reverse-Sorted,860000,MiddleQuickSort,4,30.774013
Reverse-Sorted,860000,MiddleQuickSort,5,17.637196
Reverse-Sorted,870000,MiddleQuickSort,1,19.445819
Reverse-Sorted,870000,MiddleQuickSort,2,26.307666
Reverse-Sorted,870000,MiddleQuickSort,3,26.024790
Reverse-Sorted,870000,MiddleQuickSort,4,26.750381
Reverse-Sorted,870000,MiddleQuickSort,5,23.550040
Reverse-Sorted,880000,MiddleQuickSort,1,26.481749
Reverse-Sorted,880000,MiddleQuickSort,2,26.180234
Reverse-Sorted,880000,MiddleQuickSort,3,28.306910
Reverse-Sorted,880000,MiddleQuickSort,4,22.853990
Reverse-Sorted,880000,MiddleQuickSort,5,22.666139
Reverse-Sorted,890000,MiddleQuickSort,1,19.432340
Reverse-Sorted,890000,MiddleQuickSort,2,21.203679
Reverse-Sorted,890000,MiddleQuickSort,3,24.932103
Reverse-Sorted,890000,MiddleQuickSort,4,21.442482
Reverse-Sorted,890000,MiddleQuickSort,5,19.112277
Reverse-Sorted,900000,MiddleQuickSort,1,18.945362
Reverse-Sorted,900000,MiddleQuickSort,2,19.668659
Reverse-Sorted,900000,MiddleQuickSort,3,18.653022
Reverse-Sorted,900000,MiddleQuickSort,4,20.194830
Reverse-Sorted,900000,MiddleQuickSort,5,19.845515
Reverse-Sorted,910000,MiddleQuickSort,1,24.803237
Reverse-Sorted,910000,MiddleQuickSort,2,27.120155
Reverse-Sorted,910000,MiddleQuickSort,3,26.113219
Reverse-Sorted,910000,MiddleQuickSort,4,23.543922
Reverse-Sorted,910000,MiddleQuickSort,5,27.179425
Reverse-Sorted,920000,MiddleQuickSort,1,25.038217
Reverse-Sorted,920000,MiddleQuickSort,2,23.782057
Reverse-Sorted,920000,MiddleQuickSort,3,19.420868
Reverse-Sorted,920000,MiddleQuickSort,4,20.268824
Reverse-Sorted,920000,MiddleQuickSort,5,19.606041
Reverse-Sorted,930000,MiddleQuickSort,1,21.627752
Reverse-Sorted,930000,MiddleQuickSort,2,21.513895
Reverse-Sorted,930000,MiddleQuickSort,3,22.347893
Reverse-Sorted,930000,MiddleQuickSort,4,20.985523
Reverse-Sorted,930000,MiddleQuickSort,5,21.528712
Reverse-Sorted,940000,MiddleQuickSort,1,20.147414
Reverse-Sorted,940000,MiddleQuickSort,2,22.665470
Reverse-Sorted,940000,MiddleQuickSort,3,19.816358
Reverse-Sorted,940000,MiddleQuickSort,4,26.956203
Reverse-Sorted,940000,MiddleQuickSort,5,22.172949
Reverse-Sorted,950000,MiddleQuickSort,1,30.966643
Reverse-Sorted,950000,MiddleQuickSort,2,26.995591
Reverse-Sorted,950000,MiddleQuickSort,3,22.495210
Reverse-Sorted,950000,MiddleQuickSort,4,20.779031
Reverse-Sorted,950000,MiddleQuickSort,5,37.045063
Reverse-Sorted,960000,MiddleQuickSort,1,20.176858
Reverse-Sorted,960000,MiddleQuickSort,2,19.882416
Reverse-Sorted,960000,MiddleQuickSort,3,19.588547
Reverse-Sorted,960000,MiddleQuickSort,4,19.985566
Reverse-Sorted,960000,MiddleQuickSort,5,20.066251
Reverse-Sorted,970000,MiddleQuickSort,1,20.831323
Reverse-Sorted,970000,MiddleQuickSort,2,35.040751
Reverse-Sorted,970000,MiddleQuickSort,3,40.921665
Reverse-Sorted,970000,MiddleQuickSort,4,48.772858
Reverse-Sorted,970000,MiddleQuickSort,5,22.441579
Reverse-Sorted,980000,MiddleQuickSort,1,20.590129
Reverse-Sorted,980000,MiddleQuickSort,2,39.713591
Reverse-Sorted,980000,MiddleQuickSort,3,26.140082
Reverse-Sorted,980000,MiddleQuickSort,4,19.923809
Reverse-Sorted,980000,MiddleQuickSort,5,20.112521
Reverse-Sorted,990000,MiddleQuickSort,1,22.778085
Reverse-Sorted,990000,MiddleQuickSort,2,21.001775
Reverse-Sorted,990000,MiddleQuickSort,3,22.586888
Reverse-Sorted,990000,MiddleQuickSort,4,22.557826
Reverse-Sorted,990000,MiddleQuickSort,5,20.664600
Reverse-Sorted,1000000,MiddleQuickSort,1,21.257309
Reverse-Sorted,1000000,MiddleQuickSort,2,30.054063
Reverse-Sorted,1000000,MiddleQuickSort,3,35.586713
Reverse-Sorted,1000000,MiddleQuickSort,4,21.963971
Reverse-Sorted,1000000,MiddleQuickSort,5,20.885528
