DataType,ArraySize,Algorithm,TrialNumber,TimeMS
RANDOM,100,InsertionSort,1,0.267688
RANDOM,100,InsertionSort,2,0.154297
RANDOM,100,InsertionSort,3,0.172643
RANDOM,100,InsertionSort,4,0.187782
RANDOM,100,InsertionSort,5,0.233600
RANDOM,100,LastQuickSort,1,0.651473
RANDOM,100,LastQuickSort,2,0.465596
RANDOM,100,LastQuickSort,3,0.165926
RANDOM,100,LastQuickSort,4,0.584903
RANDOM,100,LastQuickSort,5,0.060355
RANDOM,200,InsertionSort,1,0.566255
RANDOM,200,InsertionSort,2,0.667916
RANDOM,200,InsertionSort,3,0.668818
RANDOM,200,InsertionSort,4,0.813991
RANDOM,200,InsertionSort,5,0.865223
RANDOM,200,LastQuickSort,1,0.076396
RANDOM,200,LastQuickSort,2,0.032583
RANDOM,200,LastQuickSort,3,0.037296
RANDOM,200,LastQuickSort,4,0.069780
RANDOM,200,LastQuickSort,5,0.035491
RANDOM,300,InsertionSort,1,0.713734
RANDOM,300,InsertionSort,2,0.715538
RANDOM,300,InsertionSort,3,0.175651
RANDOM,300,InsertionSort,4,0.235505
RANDOM,300,InsertionSort,5,0.210039
RANDOM,300,LastQuickSort,1,0.093340
RANDOM,300,LastQuickSort,2,0.113191
RANDOM,300,LastQuickSort,3,0.226381
RANDOM,300,LastQuickSort,4,0.059152
RANDOM,300,LastQuickSort,5,0.056043
RANDOM,400,InsertionSort,1,0.844470
RANDOM,400,InsertionSort,2,0.426697
RANDOM,400,InsertionSort,3,0.419277
RANDOM,400,InsertionSort,4,0.384788
RANDOM,400,InsertionSort,5,0.410054
RANDOM,400,LastQuickSort,1,0.188284
RANDOM,400,LastQuickSort,2,0.058851
RANDOM,400,LastQuickSort,3,0.129733
RANDOM,400,LastQuickSort,4,0.056245
RANDOM,400,LastQuickSort,5,0.507203
RANDOM,500,InsertionSort,1,0.741204
RANDOM,500,InsertionSort,2,0.311600
RANDOM,500,InsertionSort,3,0.332755
RANDOM,500,InsertionSort,4,0.383485
RANDOM,500,InsertionSort,5,0.620394
RANDOM,500,LastQuickSort,1,0.117602
RANDOM,500,LastQuickSort,2,0.070281
RANDOM,500,LastQuickSort,3,0.059854
RANDOM,500,LastQuickSort,4,0.055643
RANDOM,500,LastQuickSort,5,0.047020
RANDOM,600,InsertionSort,1,0.109440
RANDOM,600,InsertionSort,2,0.090582
RANDOM,600,InsertionSort,3,0.087472
RANDOM,600,InsertionSort,4,0.085465
RANDOM,600,InsertionSort,5,0.104825
RANDOM,600,LastQuickSort,1,0.104726
RANDOM,600,LastQuickSort,2,0.055573
RANDOM,600,LastQuickSort,3,0.040225
RANDOM,600,LastQuickSort,4,0.040928
RANDOM,600,LastQuickSort,5,0.031097
RANDOM,700,InsertionSort,1,0.130806
RANDOM,700,InsertionSort,2,0.118669
RANDOM,700,InsertionSort,3,0.194605
RANDOM,700,InsertionSort,4,0.127496
RANDOM,700,InsertionSort,5,0.115960
RANDOM,700,LastQuickSort,1,0.138932
RANDOM,700,LastQuickSort,2,0.129503
RANDOM,700,LastQuickSort,3,0.116662
RANDOM,700,LastQuickSort,4,0.083660
RANDOM,700,LastQuickSort,5,0.070018
RANDOM,800,InsertionSort,1,0.204134
RANDOM,800,InsertionSort,2,0.209150
RANDOM,800,InsertionSort,3,0.285687
RANDOM,800,InsertionSort,4,0.188285
RANDOM,800,InsertionSort,5,0.222591
RANDOM,800,LastQuickSort,1,0.111145
RANDOM,800,LastQuickSort,2,0.084964
RANDOM,800,LastQuickSort,3,0.069717
RANDOM,800,LastQuickSort,4,0.061491
RANDOM,800,LastQuickSort,5,0.056676
RANDOM,900,InsertionSort,1,0.258804
RANDOM,900,InsertionSort,2,0.329825
RANDOM,900,InsertionSort,3,0.186580
RANDOM,900,InsertionSort,4,0.188385
RANDOM,900,InsertionSort,5,0.185677
RANDOM,900,LastQuickSort,1,0.123784
RANDOM,900,LastQuickSort,2,0.091986
RANDOM,900,LastQuickSort,3,0.075334
RANDOM,900,LastQuickSort,4,0.113753
RANDOM,900,LastQuickSort,5,0.060388
RANDOM,1000,InsertionSort,1,0.229613
RANDOM,1000,InsertionSort,2,0.261011
RANDOM,1000,InsertionSort,3,0.224297
RANDOM,1000,InsertionSort,4,0.223795
RANDOM,1000,InsertionSort,5,0.223595
RANDOM,1000,LastQuickSort,1,0.135320
RANDOM,1000,LastQuickSort,2,0.104424
RANDOM,1000,LastQuickSort,3,0.088776
RANDOM,1000,LastQuickSort,4,0.080851
RANDOM,1000,LastQuickSort,5,0.075736
RANDOM,1100,InsertionSort,1,0.280973
RANDOM,1100,InsertionSort,2,0.277863
RANDOM,1100,InsertionSort,3,0.275556
RANDOM,1100,InsertionSort,4,0.297023
RANDOM,1100,InsertionSort,5,0.284685
RANDOM,1100,LastQuickSort,1,0.157790
RANDOM,1100,LastQuickSort,2,0.150267
RANDOM,1100,LastQuickSort,3,0.146254
RANDOM,1100,LastQuickSort,4,0.109340
RANDOM,1100,LastQuickSort,5,0.091183
RANDOM,1200,InsertionSort,1,0.397936
RANDOM,1200,InsertionSort,2,0.413184
RANDOM,1200,InsertionSort,3,0.462136
RANDOM,1200,InsertionSort,4,0.273249
RANDOM,1200,InsertionSort,5,0.271945
RANDOM,1200,LastQuickSort,1,0.121176
RANDOM,1200,LastQuickSort,2,0.106933
RANDOM,1200,LastQuickSort,3,0.096700
RANDOM,1200,LastQuickSort,4,0.105027
RANDOM,1200,LastQuickSort,5,0.092587
RANDOM,1300,InsertionSort,1,0.318891
RANDOM,1300,InsertionSort,2,0.315781
RANDOM,1300,InsertionSort,3,0.867796
RANDOM,1300,InsertionSort,4,0.497646
RANDOM,1300,InsertionSort,5,0.494737
RANDOM,1300,LastQuickSort,1,0.210654
RANDOM,1300,LastQuickSort,2,0.187783
RANDOM,1300,LastQuickSort,3,0.173540
RANDOM,1300,LastQuickSort,4,0.129803
RANDOM,1300,LastQuickSort,5,0.118368
RANDOM,1400,InsertionSort,1,0.373962
RANDOM,1400,InsertionSort,2,0.369548
RANDOM,1400,InsertionSort,3,0.437058
RANDOM,1400,InsertionSort,4,0.369549
RANDOM,1400,InsertionSort,5,0.368144
RANDOM,1400,LastQuickSort,1,0.144449
RANDOM,1400,LastQuickSort,2,0.133013
RANDOM,1400,LastQuickSort,3,0.123885
RANDOM,1400,LastQuickSort,4,0.117064
RANDOM,1400,LastQuickSort,5,0.113453
RANDOM,1500,InsertionSort,1,0.430538
RANDOM,1500,InsertionSort,2,0.615211
RANDOM,1500,InsertionSort,3,0.495139
RANDOM,1500,InsertionSort,4,0.778118
RANDOM,1500,InsertionSort,5,0.748326
RANDOM,1500,LastQuickSort,1,0.190291
RANDOM,1500,LastQuickSort,2,0.178154
RANDOM,1500,LastQuickSort,3,0.164912
RANDOM,1500,LastQuickSort,4,0.132411
RANDOM,1500,LastQuickSort,5,0.212259
RANDOM,1600,InsertionSort,1,0.486311
RANDOM,1600,InsertionSort,2,0.476180
RANDOM,1600,InsertionSort,3,0.474174
RANDOM,1600,InsertionSort,4,0.473471
RANDOM,1600,InsertionSort,5,0.533157
RANDOM,1600,LastQuickSort,1,0.149966
RANDOM,1600,LastQuickSort,2,0.140838
RANDOM,1600,LastQuickSort,3,0.133314
RANDOM,1600,LastQuickSort,4,0.125991
RANDOM,1600,LastQuickSort,5,0.123684
RANDOM,1700,InsertionSort,1,1.035618
RANDOM,1700,InsertionSort,2,1.352101
RANDOM,1700,InsertionSort,3,0.813126
RANDOM,1700,InsertionSort,4,0.642496
RANDOM,1700,InsertionSort,5,1.099918
RANDOM,1700,LastQuickSort,1,0.307355
RANDOM,1700,LastQuickSort,2,0.283581
RANDOM,1700,LastQuickSort,3,0.266930
RANDOM,1700,LastQuickSort,4,0.260008
RANDOM,1700,LastQuickSort,5,0.264722
RANDOM,1800,InsertionSort,1,1.363938
RANDOM,1800,InsertionSort,2,1.372765
RANDOM,1800,InsertionSort,3,1.149070
RANDOM,1800,InsertionSort,4,1.228517
RANDOM,1800,InsertionSort,5,0.915243
RANDOM,1800,LastQuickSort,1,0.322402
RANDOM,1800,LastQuickSort,2,0.237839
RANDOM,1800,LastQuickSort,3,0.204134
RANDOM,1800,LastQuickSort,4,0.193000
RANDOM,1800,LastQuickSort,5,0.186680
RANDOM,1900,InsertionSort,1,0.956973
RANDOM,1900,InsertionSort,2,0.779522
RANDOM,1900,InsertionSort,3,0.862982
RANDOM,1900,InsertionSort,4,0.775711
RANDOM,1900,InsertionSort,5,0.884047
RANDOM,1900,LastQuickSort,1,0.236033
RANDOM,1900,LastQuickSort,2,0.243055
RANDOM,1900,LastQuickSort,3,0.214867
RANDOM,1900,LastQuickSort,4,0.209652
RANDOM,1900,LastQuickSort,5,0.208448
RANDOM,2000,InsertionSort,1,1.517515
RANDOM,2000,InsertionSort,2,1.565264
RANDOM,2000,InsertionSort,3,1.571984
RANDOM,2000,InsertionSort,4,1.416501
RANDOM,2000,InsertionSort,5,1.634579
RANDOM,2000,LastQuickSort,1,0.358213
RANDOM,2000,LastQuickSort,2,0.297223
RANDOM,2000,LastQuickSort,3,0.165314
RANDOM,2000,LastQuickSort,4,0.180762
RANDOM,2000,LastQuickSort,5,0.152674
RANDOM,2100,InsertionSort,1,0.640791
RANDOM,2100,InsertionSort,2,0.695361
RANDOM,2100,InsertionSort,3,0.804400
RANDOM,2100,InsertionSort,4,0.821252
RANDOM,2100,InsertionSort,5,0.637380
RANDOM,2100,LastQuickSort,1,0.178756
RANDOM,2100,LastQuickSort,2,0.167019
RANDOM,2100,LastQuickSort,3,0.161301
RANDOM,2100,LastQuickSort,4,0.157790
RANDOM,2100,LastQuickSort,5,0.157088
RANDOM,2200,InsertionSort,1,0.910930
RANDOM,2200,InsertionSort,2,0.937613
RANDOM,2200,InsertionSort,3,0.905614
RANDOM,2200,InsertionSort,4,0.770594
RANDOM,2200,InsertionSort,5,0.847233
RANDOM,2200,LastQuickSort,1,0.198617
RANDOM,2200,LastQuickSort,2,0.190091
RANDOM,2200,LastQuickSort,3,0.186881
RANDOM,2200,LastQuickSort,4,0.184473
RANDOM,2200,LastQuickSort,5,0.183370
RANDOM,2300,InsertionSort,1,1.944542
RANDOM,2300,InsertionSort,2,1.545903
RANDOM,2300,InsertionSort,3,1.739103
RANDOM,2300,InsertionSort,4,1.636886
RANDOM,2300,InsertionSort,5,1.328728
RANDOM,2300,LastQuickSort,1,0.304245
RANDOM,2300,LastQuickSort,2,0.290202
RANDOM,2300,LastQuickSort,3,0.295518
RANDOM,2300,LastQuickSort,4,0.415390
RANDOM,2300,LastQuickSort,5,0.425422
RANDOM,2400,InsertionSort,1,1.866299
RANDOM,2400,InsertionSort,2,2.403167
RANDOM,2400,InsertionSort,3,2.461448
RANDOM,2400,InsertionSort,4,2.556644
RANDOM,2400,InsertionSort,5,2.642209
RANDOM,2400,LastQuickSort,1,0.439766
RANDOM,2400,LastQuickSort,2,0.418400
RANDOM,2400,LastQuickSort,3,0.423515
RANDOM,2400,LastQuickSort,4,0.585018
RANDOM,2400,LastQuickSort,5,0.416494
RANDOM,2500,InsertionSort,1,2.778634
RANDOM,2500,InsertionSort,2,2.870619
RANDOM,2500,InsertionSort,3,2.692867
RANDOM,2500,InsertionSort,4,2.082269
RANDOM,2500,InsertionSort,5,2.120991
RANDOM,2500,LastQuickSort,1,0.373360
RANDOM,2500,LastQuickSort,2,0.323004
RANDOM,2500,LastQuickSort,3,0.323806
RANDOM,2500,LastQuickSort,4,0.356508
RANDOM,2500,LastQuickSort,5,0.257500
RANDOM,2600,InsertionSort,1,1.159703
RANDOM,2600,InsertionSort,2,1.271249
RANDOM,2600,InsertionSort,3,1.207352
RANDOM,2600,InsertionSort,4,1.130112
RANDOM,2600,InsertionSort,5,1.202436
RANDOM,2600,LastQuickSort,1,0.682220
RANDOM,2600,LastQuickSort,2,0.658546
RANDOM,2600,LastQuickSort,3,0.617218
RANDOM,2600,LastQuickSort,4,0.625243
RANDOM,2600,LastQuickSort,5,0.713918
RANDOM,2700,InsertionSort,1,1.968817
RANDOM,2700,InsertionSort,2,2.028101
RANDOM,2700,InsertionSort,3,1.873722
RANDOM,2700,InsertionSort,4,1.931602
RANDOM,2700,InsertionSort,5,1.962096
RANDOM,2700,LastQuickSort,1,0.405761
RANDOM,2700,LastQuickSort,2,0.561044
RANDOM,2700,LastQuickSort,3,0.415792
RANDOM,2700,LastQuickSort,4,0.381485
RANDOM,2700,LastQuickSort,5,0.379479
RANDOM,2800,InsertionSort,1,2.176964
RANDOM,2800,InsertionSort,2,1.926085
RANDOM,2800,InsertionSort,3,1.952166
RANDOM,2800,InsertionSort,4,2.128714
RANDOM,2800,InsertionSort,5,2.012253
RANDOM,2800,LastQuickSort,1,0.418099
RANDOM,2800,LastQuickSort,2,0.315179
RANDOM,2800,LastQuickSort,3,0.308157
RANDOM,2800,LastQuickSort,4,0.307957
RANDOM,2800,LastQuickSort,5,0.304245
RANDOM,2900,InsertionSort,1,2.235446
RANDOM,2900,InsertionSort,2,1.896593
RANDOM,2900,InsertionSort,3,2.038434
RANDOM,2900,InsertionSort,4,1.930498
RANDOM,2900,InsertionSort,5,1.943438
RANDOM,2900,LastQuickSort,1,0.311668
RANDOM,2900,LastQuickSort,2,0.286991
RANDOM,2900,LastQuickSort,3,0.317487
RANDOM,2900,LastQuickSort,4,0.280772
RANDOM,2900,LastQuickSort,5,0.279167
RANDOM,3000,InsertionSort,1,2.106345
RANDOM,3000,InsertionSort,2,2.010848
RANDOM,3000,InsertionSort,3,1.749436
RANDOM,3000,InsertionSort,4,1.335450
RANDOM,3000,InsertionSort,5,1.266435
RANDOM,3000,LastQuickSort,1,0.306152
RANDOM,3000,LastQuickSort,2,0.253789
RANDOM,3000,LastQuickSort,3,0.247268
RANDOM,3000,LastQuickSort,4,0.246967
RANDOM,3000,LastQuickSort,5,0.245262
RANDOM,3100,InsertionSort,1,1.341368
RANDOM,3100,InsertionSort,2,1.363637
RANDOM,3100,InsertionSort,3,1.732182
RANDOM,3100,InsertionSort,4,2.502877
RANDOM,3100,InsertionSort,5,2.588542
RANDOM,3100,LastQuickSort,1,0.462938
RANDOM,3100,LastQuickSort,2,0.450500
RANDOM,3100,LastQuickSort,3,0.440368
RANDOM,3100,LastQuickSort,4,0.441271
RANDOM,3100,LastQuickSort,5,0.438663
RANDOM,3200,InsertionSort,1,2.651238
RANDOM,3200,InsertionSort,2,2.084477
RANDOM,3200,InsertionSort,3,4.596281
RANDOM,3200,InsertionSort,4,3.258023
RANDOM,3200,InsertionSort,5,2.691262
RANDOM,3200,LastQuickSort,1,0.515301
RANDOM,3200,LastQuickSort,2,0.620528
RANDOM,3200,LastQuickSort,3,0.573181
RANDOM,3200,LastQuickSort,4,0.465045
RANDOM,3200,LastQuickSort,5,0.540680
RANDOM,3300,InsertionSort,1,3.955490
RANDOM,3300,InsertionSort,2,3.898613
RANDOM,3300,InsertionSort,3,3.909146
RANDOM,3300,InsertionSort,4,3.928004
RANDOM,3300,InsertionSort,5,3.628674
RANDOM,3300,LastQuickSort,1,0.686733
RANDOM,3300,LastQuickSort,2,0.650019
RANDOM,3300,LastQuickSort,3,0.593043
RANDOM,3300,LastQuickSort,4,0.586422
RANDOM,3300,LastQuickSort,5,0.723949
RANDOM,3400,InsertionSort,1,4.347910
RANDOM,3400,InsertionSort,2,3.741425
RANDOM,3400,InsertionSort,3,3.755469
RANDOM,3400,InsertionSort,4,3.773626
RANDOM,3400,InsertionSort,5,3.623859
RANDOM,3400,LastQuickSort,1,0.683424
RANDOM,3400,LastQuickSort,2,0.596353
RANDOM,3400,LastQuickSort,3,0.571375
RANDOM,3400,LastQuickSort,4,0.659650
RANDOM,3400,LastQuickSort,5,0.563150
RANDOM,3500,InsertionSort,1,2.944449
RANDOM,3500,InsertionSort,2,2.717644
RANDOM,3500,InsertionSort,3,2.802307
RANDOM,3500,InsertionSort,4,2.776025
RANDOM,3500,InsertionSort,5,2.802809
RANDOM,3500,LastQuickSort,1,0.469660
RANDOM,3500,LastQuickSort,2,0.451302
RANDOM,3500,LastQuickSort,3,0.548003
RANDOM,3500,LastQuickSort,4,0.481396
RANDOM,3500,LastQuickSort,5,0.460130
RANDOM,3600,InsertionSort,1,3.280192
RANDOM,3600,InsertionSort,2,3.481618
RANDOM,3600,InsertionSort,3,4.234959
RANDOM,3600,InsertionSort,4,4.293239
RANDOM,3600,InsertionSort,5,4.384724
RANDOM,3600,LastQuickSort,1,0.742608
RANDOM,3600,LastQuickSort,2,0.670684
RANDOM,3600,LastQuickSort,3,0.664866
RANDOM,3600,LastQuickSort,4,0.658446
RANDOM,3600,LastQuickSort,5,0.798080
RANDOM,3700,InsertionSort,1,4.740931
RANDOM,3700,InsertionSort,2,4.636005
RANDOM,3700,InsertionSort,3,4.185505
RANDOM,3700,InsertionSort,4,3.391237
RANDOM,3700,InsertionSort,5,3.456239
RANDOM,3700,LastQuickSort,1,0.616716
RANDOM,3700,LastQuickSort,2,0.578698
RANDOM,3700,LastQuickSort,3,0.541382
RANDOM,3700,LastQuickSort,4,0.573382
RANDOM,3700,LastQuickSort,5,0.538774
RANDOM,3800,InsertionSort,1,3.879354
RANDOM,3800,InsertionSort,2,3.902224
RANDOM,3800,InsertionSort,3,4.659778
RANDOM,3800,InsertionSort,4,3.881961
RANDOM,3800,InsertionSort,5,3.450020
RANDOM,3800,LastQuickSort,1,0.389611
RANDOM,3800,LastQuickSort,2,0.383893
RANDOM,3800,LastQuickSort,3,0.372558
RANDOM,3800,LastQuickSort,4,0.413183
RANDOM,3800,LastQuickSort,5,0.370952
RANDOM,3900,InsertionSort,1,3.107756
RANDOM,3900,InsertionSort,2,2.332949
RANDOM,3900,InsertionSort,3,2.357826
RANDOM,3900,InsertionSort,4,2.244273
RANDOM,3900,InsertionSort,5,2.143460
RANDOM,3900,LastQuickSort,1,0.338351
RANDOM,3900,LastQuickSort,2,0.365837
RANDOM,3900,LastQuickSort,3,0.319091
RANDOM,3900,LastQuickSort,4,0.315380
RANDOM,3900,LastQuickSort,5,0.325110
RANDOM,4000,InsertionSort,1,2.370265
RANDOM,4000,InsertionSort,2,2.308071
RANDOM,4000,InsertionSort,3,2.260724
RANDOM,4000,InsertionSort,4,2.413198
RANDOM,4000,InsertionSort,5,2.236650
RANDOM,4000,LastQuickSort,1,0.398237
RANDOM,4000,LastQuickSort,2,0.334941
RANDOM,4000,LastQuickSort,3,0.355304
RANDOM,4000,LastQuickSort,4,0.323806
RANDOM,4000,LastQuickSort,5,0.322703
RANDOM,4100,InsertionSort,1,2.421925
RANDOM,4100,InsertionSort,2,2.758471
RANDOM,4100,InsertionSort,3,2.407180
RANDOM,4100,InsertionSort,4,2.504281
RANDOM,4100,InsertionSort,5,2.354917
RANDOM,4100,LastQuickSort,1,0.407165
RANDOM,4100,LastQuickSort,2,0.350589
RANDOM,4100,LastQuickSort,3,0.345072
RANDOM,4100,LastQuickSort,4,0.338452
RANDOM,4100,LastQuickSort,5,0.357611
RANDOM,4200,InsertionSort,1,2.721756
RANDOM,4200,InsertionSort,2,2.495855
RANDOM,4200,InsertionSort,3,2.530763
RANDOM,4200,InsertionSort,4,2.608906
RANDOM,4200,InsertionSort,5,2.476896
RANDOM,4200,LastQuickSort,1,0.392018
RANDOM,4200,LastQuickSort,2,0.354903
RANDOM,4200,LastQuickSort,3,0.351292
RANDOM,4200,LastQuickSort,4,0.352997
RANDOM,4200,LastQuickSort,5,0.346376
RANDOM,4300,InsertionSort,1,6.608935
RANDOM,4300,InsertionSort,2,6.340902
RANDOM,4300,InsertionSort,3,6.417440
RANDOM,4300,InsertionSort,4,6.177695
RANDOM,4300,InsertionSort,5,7.550260
RANDOM,4300,LastQuickSort,1,0.916950
RANDOM,4300,LastQuickSort,2,0.855558
RANDOM,4300,LastQuickSort,3,0.893677
RANDOM,4300,LastQuickSort,4,0.872110
RANDOM,4300,LastQuickSort,5,0.842217
RANDOM,4400,InsertionSort,1,5.754781
RANDOM,4400,InsertionSort,2,4.711740
RANDOM,4400,InsertionSort,3,4.688167
RANDOM,4400,InsertionSort,4,4.838333
RANDOM,4400,InsertionSort,5,6.626991
RANDOM,4400,LastQuickSort,1,0.986966
RANDOM,4400,LastQuickSort,2,0.846731
RANDOM,4400,LastQuickSort,3,0.822656
RANDOM,4400,LastQuickSort,4,0.846631
RANDOM,4400,LastQuickSort,5,1.032207
RANDOM,4500,InsertionSort,1,10.546770
RANDOM,4500,InsertionSort,2,8.110902
RANDOM,4500,InsertionSort,3,9.863046
RANDOM,4500,InsertionSort,4,6.263060
RANDOM,4500,InsertionSort,5,6.540222
RANDOM,4500,LastQuickSort,1,1.057887
RANDOM,4500,LastQuickSort,2,1.071229
RANDOM,4500,LastQuickSort,3,0.979544
RANDOM,4500,LastQuickSort,4,1.050865
RANDOM,4500,LastQuickSort,5,1.046953
RANDOM,4600,InsertionSort,1,9.166482
RANDOM,4600,InsertionSort,2,8.563006
RANDOM,4600,InsertionSort,3,8.430294
RANDOM,4600,InsertionSort,4,6.106674
RANDOM,4600,InsertionSort,5,3.898614
RANDOM,4600,LastQuickSort,1,0.481496
RANDOM,4600,LastQuickSort,2,0.469057
RANDOM,4600,LastQuickSort,3,0.461735
RANDOM,4600,LastQuickSort,4,0.459929
RANDOM,4600,LastQuickSort,5,0.460130
RANDOM,4700,InsertionSort,1,4.318217
RANDOM,4700,InsertionSort,2,6.549149
RANDOM,4700,InsertionSort,3,4.308889
RANDOM,4700,InsertionSort,4,3.690366
RANDOM,4700,InsertionSort,5,3.745538
RANDOM,4700,LastQuickSort,1,0.453208
RANDOM,4700,LastQuickSort,2,0.449798
RANDOM,4700,LastQuickSort,3,0.449798
RANDOM,4700,LastQuickSort,4,0.453509
RANDOM,4700,LastQuickSort,5,0.437459
RANDOM,4800,InsertionSort,1,3.327338
RANDOM,4800,InsertionSort,2,3.461154
RANDOM,4800,InsertionSort,3,3.290223
RANDOM,4800,InsertionSort,4,3.506896
RANDOM,4800,InsertionSort,5,3.400566
RANDOM,4800,LastQuickSort,1,0.425021
RANDOM,4800,LastQuickSort,2,0.416594
RANDOM,4800,LastQuickSort,3,0.460230
RANDOM,4800,LastQuickSort,4,0.412682
RANDOM,4800,LastQuickSort,5,0.409573
RANDOM,4900,InsertionSort,1,3.494157
RANDOM,4900,InsertionSort,2,5.316118
RANDOM,4900,InsertionSort,3,4.369276
RANDOM,4900,InsertionSort,4,5.057213
RANDOM,4900,InsertionSort,5,9.367908
RANDOM,4900,LastQuickSort,1,1.060997
RANDOM,4900,LastQuickSort,2,1.055379
RANDOM,4900,LastQuickSort,3,0.934503
RANDOM,4900,LastQuickSort,4,1.011844
RANDOM,4900,LastQuickSort,5,0.861978
RANDOM,5000,InsertionSort,1,4.453537
RANDOM,5000,InsertionSort,2,3.828295
RANDOM,5000,InsertionSort,3,3.688259
RANDOM,5000,InsertionSort,4,3.670103
RANDOM,5000,InsertionSort,5,3.710429
RANDOM,5000,LastQuickSort,1,0.497947
RANDOM,5000,LastQuickSort,2,0.438764
RANDOM,5000,LastQuickSort,3,0.451001
RANDOM,5000,LastQuickSort,4,0.429234
RANDOM,5000,LastQuickSort,5,0.454612
RANDOM,5100,InsertionSort,1,3.957496
RANDOM,5100,InsertionSort,2,3.775230
RANDOM,5100,InsertionSort,3,3.706517
RANDOM,5100,InsertionSort,4,3.774327
RANDOM,5100,InsertionSort,5,3.746641
RANDOM,5100,LastQuickSort,1,0.456418
RANDOM,5100,LastQuickSort,2,0.440368
RANDOM,5100,LastQuickSort,3,0.434550
RANDOM,5100,LastQuickSort,4,0.438162
RANDOM,5100,LastQuickSort,5,0.468757
RANDOM,5200,InsertionSort,1,4.573109
RANDOM,5200,InsertionSort,2,5.390048
RANDOM,5200,InsertionSort,3,4.111876
RANDOM,5200,InsertionSort,4,4.051388
RANDOM,5200,InsertionSort,5,4.202658
RANDOM,5200,LastQuickSort,1,0.487214
RANDOM,5200,LastQuickSort,2,0.445585
RANDOM,5200,LastQuickSort,3,0.438161
RANDOM,5200,LastQuickSort,4,0.437158
RANDOM,5200,LastQuickSort,5,0.433547
RANDOM,5300,InsertionSort,1,4.113581
RANDOM,5300,InsertionSort,2,4.057006
RANDOM,5300,InsertionSort,3,4.101042
RANDOM,5300,InsertionSort,4,9.186143
RANDOM,5300,InsertionSort,5,10.499724
RANDOM,5300,LastQuickSort,1,1.147366
RANDOM,5300,LastQuickSort,2,1.074538
RANDOM,5300,LastQuickSort,3,1.107642
RANDOM,5300,LastQuickSort,4,1.124394
RANDOM,5300,LastQuickSort,5,1.047856
RANDOM,5400,InsertionSort,1,11.778597
RANDOM,5400,InsertionSort,2,9.141705
RANDOM,5400,InsertionSort,3,11.135901
RANDOM,5400,InsertionSort,4,7.660101
RANDOM,5400,InsertionSort,5,6.799326
RANDOM,5400,LastQuickSort,1,0.910429
RANDOM,5400,LastQuickSort,2,0.820750
RANDOM,5400,LastQuickSort,3,0.749730
RANDOM,5400,LastQuickSort,4,0.770695
RANDOM,5400,LastQuickSort,5,0.740300
RANDOM,5500,InsertionSort,1,10.297337
RANDOM,5500,InsertionSort,2,10.356349
RANDOM,5500,InsertionSort,3,9.940862
RANDOM,5500,InsertionSort,4,9.117517
RANDOM,5500,InsertionSort,5,6.990407
RANDOM,5500,LastQuickSort,1,0.874528
RANDOM,5500,LastQuickSort,2,0.819632
RANDOM,5500,LastQuickSort,3,0.775675
RANDOM,5500,LastQuickSort,4,0.745969
RANDOM,5500,LastQuickSort,5,0.747374
RANDOM,5600,InsertionSort,1,7.435901
RANDOM,5600,InsertionSort,2,8.671421
RANDOM,5600,InsertionSort,3,10.077953
RANDOM,5600,InsertionSort,4,10.062097
RANDOM,5600,InsertionSort,5,11.506664
RANDOM,5600,LastQuickSort,1,1.309986
RANDOM,5600,LastQuickSort,2,1.026272
RANDOM,5600,LastQuickSort,3,0.998974
RANDOM,5600,LastQuickSort,4,0.991848
RANDOM,5600,LastQuickSort,5,0.817826
RANDOM,5700,InsertionSort,1,8.145539
RANDOM,5700,InsertionSort,2,7.517794
RANDOM,5700,InsertionSort,3,7.420848
RANDOM,5700,InsertionSort,4,7.336647
RANDOM,5700,InsertionSort,5,7.329721
RANDOM,5700,LastQuickSort,1,0.808592
RANDOM,5700,LastQuickSort,2,0.779690
RANDOM,5700,LastQuickSort,3,0.773266
RANDOM,5700,LastQuickSort,4,0.856765
RANDOM,5700,LastQuickSort,5,0.767546
RANDOM,5800,InsertionSort,1,6.603825
RANDOM,5800,InsertionSort,2,5.562399
RANDOM,5800,InsertionSort,3,9.850639
RANDOM,5800,InsertionSort,4,10.939134
RANDOM,5800,InsertionSort,5,11.182805
RANDOM,5800,LastQuickSort,1,1.127835
RANDOM,5800,LastQuickSort,2,1.090501
RANDOM,5800,LastQuickSort,3,1.172996
RANDOM,5800,LastQuickSort,4,1.066917
RANDOM,5800,LastQuickSort,5,1.099735
RANDOM,5900,InsertionSort,1,10.646487
RANDOM,5900,InsertionSort,2,7.954556
RANDOM,5900,InsertionSort,3,8.139919
RANDOM,5900,InsertionSort,4,8.161597
RANDOM,5900,InsertionSort,5,6.158632
RANDOM,5900,LastQuickSort,1,0.705323
RANDOM,5900,LastQuickSort,2,0.649323
RANDOM,5900,LastQuickSort,3,0.642097
RANDOM,5900,LastQuickSort,4,0.604061
RANDOM,5900,LastQuickSort,5,0.598742
RANDOM,6000,InsertionSort,1,11.966810
RANDOM,6000,InsertionSort,2,10.268936
RANDOM,6000,InsertionSort,3,10.348521
RANDOM,6000,InsertionSort,4,11.529144
RANDOM,6000,InsertionSort,5,14.121619
RANDOM,6000,LastQuickSort,1,1.134860
RANDOM,6000,LastQuickSort,2,0.989540
RANDOM,6000,LastQuickSort,3,1.035906
RANDOM,6000,LastQuickSort,4,1.015734
RANDOM,6000,LastQuickSort,5,1.020751
RANDOM,6100,InsertionSort,1,13.517558
RANDOM,6100,InsertionSort,2,8.293368
RANDOM,6100,InsertionSort,3,6.516713
RANDOM,6100,InsertionSort,4,9.811500
RANDOM,6100,InsertionSort,5,15.287288
RANDOM,6100,LastQuickSort,1,1.221269
RANDOM,6100,LastQuickSort,2,1.479894
RANDOM,6100,LastQuickSort,3,1.225083
RANDOM,6100,LastQuickSort,4,1.983295
RANDOM,6100,LastQuickSort,5,1.678906
RANDOM,6200,InsertionSort,1,13.679035
RANDOM,6200,InsertionSort,2,10.606243
RANDOM,6200,InsertionSort,3,5.853239
RANDOM,6200,InsertionSort,4,5.475086
RANDOM,6200,InsertionSort,5,5.678414
RANDOM,6200,LastQuickSort,1,0.626039
RANDOM,6200,LastQuickSort,2,0.552075
RANDOM,6200,LastQuickSort,3,0.559903
RANDOM,6200,LastQuickSort,4,0.578871
RANDOM,6200,LastQuickSort,5,0.606169
RANDOM,6300,InsertionSort,1,7.302624
RANDOM,6300,InsertionSort,2,9.105073
RANDOM,6300,InsertionSort,3,9.311712
RANDOM,6300,InsertionSort,4,9.302177
RANDOM,6300,InsertionSort,5,9.380457
RANDOM,6300,LastQuickSort,1,0.710241
RANDOM,6300,LastQuickSort,2,0.718169
RANDOM,6300,LastQuickSort,3,0.693481
RANDOM,6300,LastQuickSort,4,0.716764
RANDOM,6300,LastQuickSort,5,0.717567
RANDOM,6400,InsertionSort,1,13.346345
RANDOM,6400,InsertionSort,2,13.127362
RANDOM,6400,InsertionSort,3,9.631355
RANDOM,6400,InsertionSort,4,9.276485
RANDOM,6400,InsertionSort,5,10.496450
RANDOM,6400,LastQuickSort,1,0.752392
RANDOM,6400,LastQuickSort,2,0.799861
RANDOM,6400,LastQuickSort,3,0.709438
RANDOM,6400,LastQuickSort,4,0.780692
RANDOM,6400,LastQuickSort,5,0.740248
RANDOM,6500,InsertionSort,1,9.690166
RANDOM,6500,InsertionSort,2,10.026769
RANDOM,6500,InsertionSort,3,9.764231
RANDOM,6500,InsertionSort,4,6.311177
RANDOM,6500,InsertionSort,5,6.050044
RANDOM,6500,LastQuickSort,1,0.613193
RANDOM,6500,LastQuickSort,2,0.564820
RANDOM,6500,LastQuickSort,3,0.563516
RANDOM,6500,LastQuickSort,4,0.562713
RANDOM,6500,LastQuickSort,5,0.615301
RANDOM,6600,InsertionSort,1,6.508885
RANDOM,6600,InsertionSort,2,6.650391
RANDOM,6600,InsertionSort,3,6.525946
RANDOM,6600,InsertionSort,4,6.637144
RANDOM,6600,InsertionSort,5,6.504971
RANDOM,6600,LastQuickSort,1,0.658756
RANDOM,6600,LastQuickSort,2,0.716363
RANDOM,6600,LastQuickSort,3,0.604061
RANDOM,6600,LastQuickSort,4,0.589308
RANDOM,6600,LastQuickSort,5,0.588505
RANDOM,6700,InsertionSort,1,6.455895
RANDOM,6700,InsertionSort,2,6.374705
RANDOM,6700,InsertionSort,3,6.706592
RANDOM,6700,InsertionSort,4,6.420769
RANDOM,6700,InsertionSort,5,6.845388
RANDOM,6700,LastQuickSort,1,0.642599
RANDOM,6700,LastQuickSort,2,0.669194
RANDOM,6700,LastQuickSort,3,0.610785
RANDOM,6700,LastQuickSort,4,0.657854
RANDOM,6700,LastQuickSort,5,0.610885
RANDOM,6800,InsertionSort,1,6.764399
RANDOM,6800,InsertionSort,2,6.588369
RANDOM,6800,InsertionSort,3,6.557359
RANDOM,6800,InsertionSort,4,6.692241
RANDOM,6800,InsertionSort,5,6.532469
RANDOM,6800,LastQuickSort,1,0.680334
RANDOM,6800,LastQuickSort,2,0.629351
RANDOM,6800,LastQuickSort,3,0.609681
RANDOM,6800,LastQuickSort,4,0.607272
RANDOM,6800,LastQuickSort,5,0.638383
RANDOM,6900,InsertionSort,1,7.362439
RANDOM,6900,InsertionSort,2,6.814077
RANDOM,6900,InsertionSort,3,6.963913
RANDOM,6900,InsertionSort,4,6.808255
RANDOM,6900,InsertionSort,5,6.766908
RANDOM,6900,LastQuickSort,1,1.075346
RANDOM,6900,LastQuickSort,2,1.006300
RANDOM,6900,LastQuickSort,3,0.995562
RANDOM,6900,LastQuickSort,4,1.321829
RANDOM,6900,LastQuickSort,5,1.328452
RANDOM,7000,InsertionSort,1,15.071718
RANDOM,7000,InsertionSort,2,8.316151
RANDOM,7000,InsertionSort,3,8.602675
RANDOM,7000,InsertionSort,4,7.527328
RANDOM,7000,InsertionSort,5,7.406195
RANDOM,7000,LastQuickSort,1,0.671904
RANDOM,7000,LastQuickSort,2,0.675517
RANDOM,7000,LastQuickSort,3,0.862787
RANDOM,7000,LastQuickSort,4,0.642097
RANDOM,7000,LastQuickSort,5,0.638585
RANDOM,7100,InsertionSort,1,7.866642
RANDOM,7100,InsertionSort,2,12.312747
RANDOM,7100,InsertionSort,3,13.824456
RANDOM,7100,InsertionSort,4,11.366663
RANDOM,7100,InsertionSort,5,12.244102
RANDOM,7100,LastQuickSort,1,1.169785
RANDOM,7100,LastQuickSort,2,1.175605
RANDOM,7100,LastQuickSort,3,1.189154
RANDOM,7100,LastQuickSort,4,1.017741
RANDOM,7100,LastQuickSort,5,0.966658
RANDOM,7200,InsertionSort,1,15.235804
RANDOM,7200,InsertionSort,2,15.888138
RANDOM,7200,InsertionSort,3,14.743041
RANDOM,7200,InsertionSort,4,12.306224
RANDOM,7200,InsertionSort,5,11.646163
RANDOM,7200,LastQuickSort,1,1.217857
RANDOM,7200,LastQuickSort,2,1.028780
RANDOM,7200,LastQuickSort,3,0.970974
RANDOM,7200,LastQuickSort,4,1.075848
RANDOM,7200,LastQuickSort,5,1.111376
RANDOM,7300,InsertionSort,1,17.350971
RANDOM,7300,InsertionSort,2,14.709220
RANDOM,7300,InsertionSort,3,12.102027
RANDOM,7300,InsertionSort,4,10.083317
RANDOM,7300,InsertionSort,5,10.185826
RANDOM,7300,LastQuickSort,1,0.945069
RANDOM,7300,LastQuickSort,2,0.851496
RANDOM,7300,LastQuickSort,3,1.017458
RANDOM,7300,LastQuickSort,4,0.878604
RANDOM,7300,LastQuickSort,5,0.823585
RANDOM,7400,InsertionSort,1,10.370362
RANDOM,7400,InsertionSort,2,9.930909
RANDOM,7400,InsertionSort,3,9.945568
RANDOM,7400,InsertionSort,4,7.739770
RANDOM,7400,InsertionSort,5,8.210347
RANDOM,7400,LastQuickSort,1,0.694369
RANDOM,7400,LastQuickSort,2,0.704410
RANDOM,7400,LastQuickSort,3,0.672883
RANDOM,7400,LastQuickSort,4,0.710534
RANDOM,7400,LastQuickSort,5,0.737441
RANDOM,7500,InsertionSort,1,9.362241
RANDOM,7500,InsertionSort,2,8.351309
RANDOM,7500,InsertionSort,3,8.706827
RANDOM,7500,InsertionSort,4,8.368478
RANDOM,7500,InsertionSort,5,9.137746
RANDOM,7500,LastQuickSort,1,0.763646
RANDOM,7500,LastQuickSort,2,0.686840
RANDOM,7500,LastQuickSort,3,0.704409
RANDOM,7500,LastQuickSort,4,0.703908
RANDOM,7500,LastQuickSort,5,0.680313
RANDOM,7600,InsertionSort,1,12.344837
RANDOM,7600,InsertionSort,2,13.880864
RANDOM,7600,InsertionSort,3,14.162889
RANDOM,7600,InsertionSort,4,14.337486
RANDOM,7600,InsertionSort,5,14.225941
RANDOM,7600,LastQuickSort,1,0.946675
RANDOM,7600,LastQuickSort,2,0.977700
RANDOM,7600,LastQuickSort,3,0.900793
RANDOM,7600,LastQuickSort,4,0.929909
RANDOM,7600,LastQuickSort,5,1.004005
RANDOM,7700,InsertionSort,1,15.395605
RANDOM,7700,InsertionSort,2,11.242139
RANDOM,7700,InsertionSort,3,8.970981
RANDOM,7700,InsertionSort,4,9.666054
RANDOM,7700,InsertionSort,5,8.458537
RANDOM,7700,LastQuickSort,1,0.768264
RANDOM,7700,LastQuickSort,2,0.704209
RANDOM,7700,LastQuickSort,3,0.724189
RANDOM,7700,LastQuickSort,4,0.778906
RANDOM,7700,LastQuickSort,5,0.860030
RANDOM,7800,InsertionSort,1,8.988652
RANDOM,7800,InsertionSort,2,8.996684
RANDOM,7800,InsertionSort,3,9.243367
RANDOM,7800,InsertionSort,4,8.986944
RANDOM,7800,InsertionSort,5,12.122450
RANDOM,7800,LastQuickSort,1,1.102899
RANDOM,7800,LastQuickSort,2,1.009928
RANDOM,7800,LastQuickSort,3,1.047277
RANDOM,7800,LastQuickSort,4,1.098180
RANDOM,7800,LastQuickSort,5,1.005611
RANDOM,7900,InsertionSort,1,17.251810
RANDOM,7900,InsertionSort,2,13.067822
RANDOM,7900,InsertionSort,3,9.797176
RANDOM,7900,InsertionSort,4,8.888151
RANDOM,7900,InsertionSort,5,8.992567
RANDOM,7900,LastQuickSort,1,0.749188
RANDOM,7900,LastQuickSort,2,0.759630
RANDOM,7900,LastQuickSort,3,0.751196
RANDOM,7900,LastQuickSort,4,0.744269
RANDOM,7900,LastQuickSort,5,0.724490
RANDOM,8000,InsertionSort,1,9.097485
RANDOM,8000,InsertionSort,2,9.464750
RANDOM,8000,InsertionSort,3,9.717157
RANDOM,8000,InsertionSort,4,9.298889
RANDOM,8000,InsertionSort,5,11.089531
RANDOM,8000,LastQuickSort,1,0.756518
RANDOM,8000,LastQuickSort,2,0.748284
RANDOM,8000,LastQuickSort,3,0.745373
RANDOM,8000,LastQuickSort,4,0.785634
RANDOM,8000,LastQuickSort,5,0.765453
RANDOM,8100,InsertionSort,1,9.154614
RANDOM,8100,InsertionSort,2,9.168067
RANDOM,8100,InsertionSort,3,9.557018
RANDOM,8100,InsertionSort,4,9.319371
RANDOM,8100,InsertionSort,5,14.954145
RANDOM,8100,LastQuickSort,1,0.900592
RANDOM,8100,LastQuickSort,2,0.939447
RANDOM,8100,LastQuickSort,3,0.893463
RANDOM,8100,LastQuickSort,4,0.926294
RANDOM,8100,LastQuickSort,5,0.890050
RANDOM,8200,InsertionSort,1,16.450914
RANDOM,8200,InsertionSort,2,16.611054
RANDOM,8200,InsertionSort,3,12.268232
RANDOM,8200,InsertionSort,4,9.649788
RANDOM,8200,InsertionSort,5,9.497982
RANDOM,8200,LastQuickSort,1,0.881415
RANDOM,8200,LastQuickSort,2,0.771377
RANDOM,8200,LastQuickSort,3,0.791658
RANDOM,8200,LastQuickSort,4,0.762943
RANDOM,8200,LastQuickSort,5,0.815352
RANDOM,8300,InsertionSort,1,10.379600
RANDOM,8300,InsertionSort,2,16.266880
RANDOM,8300,InsertionSort,3,14.237888
RANDOM,8300,InsertionSort,4,10.218356
RANDOM,8300,InsertionSort,5,10.113538
RANDOM,8300,LastQuickSort,1,0.775895
RANDOM,8300,LastQuickSort,2,0.768163
RANDOM,8300,LastQuickSort,3,0.766859
RANDOM,8300,LastQuickSort,4,0.799589
RANDOM,8300,LastQuickSort,5,0.782621
RANDOM,8400,InsertionSort,1,10.130305
RANDOM,8400,InsertionSort,2,9.875690
RANDOM,8400,InsertionSort,3,16.071201
RANDOM,8400,InsertionSort,4,16.909143
RANDOM,8400,InsertionSort,5,22.447131
RANDOM,8400,LastQuickSort,1,2.287423
RANDOM,8400,LastQuickSort,2,1.473176
RANDOM,8400,LastQuickSort,3,1.619459
RANDOM,8400,LastQuickSort,4,1.363037
RANDOM,8400,LastQuickSort,5,1.877991
RANDOM,8500,InsertionSort,1,28.589028
RANDOM,8500,InsertionSort,2,25.700507
RANDOM,8500,InsertionSort,3,19.290340
RANDOM,8500,InsertionSort,4,15.299422
RANDOM,8500,InsertionSort,5,10.706202
RANDOM,8500,LastQuickSort,1,0.810131
RANDOM,8500,LastQuickSort,2,0.795071
RANDOM,8500,LastQuickSort,3,0.817159
RANDOM,8500,LastQuickSort,4,0.786939
RANDOM,8500,LastQuickSort,5,0.883323
RANDOM,8600,InsertionSort,1,11.071860
RANDOM,8600,InsertionSort,2,11.072563
RANDOM,8600,InsertionSort,3,10.639235
RANDOM,8600,InsertionSort,4,15.277234
RANDOM,8600,InsertionSort,5,11.894542
RANDOM,8600,LastQuickSort,1,1.546368
RANDOM,8600,LastQuickSort,2,1.616147
RANDOM,8600,LastQuickSort,3,1.634519
RANDOM,8600,LastQuickSort,4,1.360929
RANDOM,8600,LastQuickSort,5,1.421068
RANDOM,8700,InsertionSort,1,16.629728
RANDOM,8700,InsertionSort,2,13.735082
RANDOM,8700,InsertionSort,3,13.214406
RANDOM,8700,InsertionSort,4,12.008797
RANDOM,8700,InsertionSort,5,10.928388
RANDOM,8700,LastQuickSort,1,0.840954
RANDOM,8700,LastQuickSort,2,0.789449
RANDOM,8700,LastQuickSort,3,0.831215
RANDOM,8700,LastQuickSort,4,0.818063
RANDOM,8700,LastQuickSort,5,0.804911
RANDOM,8800,InsertionSort,1,12.059500
RANDOM,8800,InsertionSort,2,11.071387
RANDOM,8800,InsertionSort,3,11.064508
RANDOM,8800,InsertionSort,4,11.421962
RANDOM,8800,InsertionSort,5,11.225107
RANDOM,8800,LastQuickSort,1,0.859739
RANDOM,8800,LastQuickSort,2,0.826293
RANDOM,8800,LastQuickSort,3,0.854616
RANDOM,8800,LastQuickSort,4,0.838144
RANDOM,8800,LastQuickSort,5,0.819162
RANDOM,8900,InsertionSort,1,16.524448
RANDOM,8900,InsertionSort,2,18.322064
RANDOM,8900,InsertionSort,3,16.100505
RANDOM,8900,InsertionSort,4,18.713064
RANDOM,8900,InsertionSort,5,18.617146
RANDOM,8900,LastQuickSort,1,1.521013
RANDOM,8900,LastQuickSort,2,1.252948
RANDOM,8900,LastQuickSort,3,1.282175
RANDOM,8900,LastQuickSort,4,1.486061
RANDOM,8900,LastQuickSort,5,1.058502
RANDOM,9000,InsertionSort,1,25.559432
RANDOM,9000,InsertionSort,2,21.194452
RANDOM,9000,InsertionSort,3,15.069220
RANDOM,9000,InsertionSort,4,11.784237
RANDOM,9000,InsertionSort,5,11.804325
RANDOM,9000,LastQuickSort,1,0.857428
RANDOM,9000,LastQuickSort,2,0.951838
RANDOM,9000,LastQuickSort,3,0.856725
RANDOM,9000,LastQuickSort,4,0.835934
RANDOM,9000,LastQuickSort,5,0.860341
RANDOM,9100,InsertionSort,1,11.898434
RANDOM,9100,InsertionSort,2,12.051399
RANDOM,9100,InsertionSort,3,12.070683
RANDOM,9100,InsertionSort,4,12.929718
RANDOM,9100,InsertionSort,5,12.737181
RANDOM,9100,LastQuickSort,1,1.052376
RANDOM,9100,LastQuickSort,2,1.118664
RANDOM,9100,LastQuickSort,3,1.074974
RANDOM,9100,LastQuickSort,4,1.046952
RANDOM,9100,LastQuickSort,5,1.080800
RANDOM,9200,InsertionSort,1,19.719038
RANDOM,9200,InsertionSort,2,18.503252
RANDOM,9200,InsertionSort,3,12.146311
RANDOM,9200,InsertionSort,4,12.295762
RANDOM,9200,InsertionSort,5,12.438482
RANDOM,9200,LastQuickSort,1,1.779537
RANDOM,9200,LastQuickSort,2,2.064678
RANDOM,9200,LastQuickSort,3,1.881681
RANDOM,9200,LastQuickSort,4,2.025707
RANDOM,9200,LastQuickSort,5,1.935314
RANDOM,9300,InsertionSort,1,28.582074
RANDOM,9300,InsertionSort,2,19.584553
RANDOM,9300,InsertionSort,3,14.130640
RANDOM,9300,InsertionSort,4,22.322759
RANDOM,9300,InsertionSort,5,27.297087
RANDOM,9300,LastQuickSort,1,1.411136
RANDOM,9300,LastQuickSort,2,1.417061
RANDOM,9300,LastQuickSort,3,1.501629
RANDOM,9300,LastQuickSort,4,1.799123
RANDOM,9300,LastQuickSort,5,1.522319
RANDOM,9400,InsertionSort,1,21.710898
RANDOM,9400,InsertionSort,2,24.988449
RANDOM,9400,InsertionSort,3,25.508611
RANDOM,9400,InsertionSort,4,24.135541
RANDOM,9400,InsertionSort,5,27.307934
RANDOM,9400,LastQuickSort,1,2.056944
RANDOM,9400,LastQuickSort,2,2.138699
RANDOM,9400,LastQuickSort,3,1.901066
RANDOM,9400,LastQuickSort,4,1.148895
RANDOM,9400,LastQuickSort,5,1.141362
RANDOM,9500,InsertionSort,1,21.094619
RANDOM,9500,InsertionSort,2,31.417603
RANDOM,9500,InsertionSort,3,25.441218
RANDOM,9500,InsertionSort,4,19.442636
RANDOM,9500,InsertionSort,5,20.055702
RANDOM,9500,LastQuickSort,1,2.020887
RANDOM,9500,LastQuickSort,2,1.964341
RANDOM,9500,LastQuickSort,3,2.048808
RANDOM,9500,LastQuickSort,4,2.054332
RANDOM,9500,LastQuickSort,5,2.716210
RANDOM,9600,InsertionSort,1,40.137919
RANDOM,9600,InsertionSort,2,25.163711
RANDOM,9600,InsertionSort,3,19.569287
RANDOM,9600,InsertionSort,4,17.077151
RANDOM,9600,InsertionSort,5,13.636591
RANDOM,9600,LastQuickSort,1,0.941494
RANDOM,9600,LastQuickSort,2,0.906742
RANDOM,9600,LastQuickSort,3,0.918996
RANDOM,9600,LastQuickSort,4,0.912769
RANDOM,9600,LastQuickSort,5,0.945511
RANDOM,9700,InsertionSort,1,13.240570
RANDOM,9700,InsertionSort,2,13.415933
RANDOM,9700,InsertionSort,3,14.227561
RANDOM,9700,InsertionSort,4,13.222792
RANDOM,9700,InsertionSort,5,22.256370
RANDOM,9700,LastQuickSort,1,1.546524
RANDOM,9700,LastQuickSort,2,1.582983
RANDOM,9700,LastQuickSort,3,1.416358
RANDOM,9700,LastQuickSort,4,2.333789
RANDOM,9700,LastQuickSort,5,1.845705
RANDOM,9800,InsertionSort,1,23.144004
RANDOM,9800,InsertionSort,2,21.711626
RANDOM,9800,InsertionSort,3,29.201847
RANDOM,9800,InsertionSort,4,21.898898
RANDOM,9800,InsertionSort,5,13.532994
RANDOM,9800,LastQuickSort,1,0.988207
RANDOM,9800,LastQuickSort,2,0.987806
RANDOM,9800,LastQuickSort,3,0.911148
RANDOM,9800,LastQuickSort,4,0.903714
RANDOM,9800,LastQuickSort,5,0.963492
RANDOM,9900,InsertionSort,1,14.320968
RANDOM,9900,InsertionSort,2,14.044077
RANDOM,9900,InsertionSort,3,13.875090
RANDOM,9900,InsertionSort,4,14.327197
RANDOM,9900,InsertionSort,5,14.332321
RANDOM,9900,LastQuickSort,1,1.043465
RANDOM,9900,LastQuickSort,2,0.930438
RANDOM,9900,LastQuickSort,3,0.975850
RANDOM,9900,LastQuickSort,4,1.010311
RANDOM,9900,LastQuickSort,5,0.963090
RANDOM,10000,InsertionSort,1,27.057550
RANDOM,10000,InsertionSort,2,14.947589
RANDOM,10000,InsertionSort,3,14.255765
RANDOM,10000,InsertionSort,4,14.322576
RANDOM,10000,InsertionSort,5,14.196990
RANDOM,10000,LastQuickSort,1,1.028194
RANDOM,10000,LastQuickSort,2,0.976151
RANDOM,10000,LastQuickSort,3,0.939882
RANDOM,10000,LastQuickSort,4,0.932448
RANDOM,10000,LastQuickSort,5,0.994436
RANDOM,10,InsertionSort,1,0.001106
RANDOM,10,InsertionSort,2,0.000904
RANDOM,10,InsertionSort,3,0.000302
RANDOM,10,InsertionSort,4,0.000201
RANDOM,10,InsertionSort,5,0.000100
RANDOM,10,LastQuickSort,1,0.001105
RANDOM,10,LastQuickSort,2,0.000402
RANDOM,10,LastQuickSort,3,0.000200
RANDOM,10,LastQuickSort,4,0.000201
RANDOM,10,LastQuickSort,5,0.000804
RANDOM,20,InsertionSort,1,0.001407
RANDOM,20,InsertionSort,2,0.000603
RANDOM,20,InsertionSort,3,0.000402
RANDOM,20,InsertionSort,4,0.000302
RANDOM,20,InsertionSort,5,0.000905
RANDOM,20,LastQuickSort,1,0.001708
RANDOM,20,LastQuickSort,2,0.000704
RANDOM,20,LastQuickSort,3,0.000502
RANDOM,20,LastQuickSort,4,0.000402
RANDOM,20,LastQuickSort,5,0.000302
RANDOM,30,InsertionSort,1,0.001407
RANDOM,30,InsertionSort,2,0.001005
RANDOM,30,InsertionSort,3,0.001306
RANDOM,30,InsertionSort,4,0.000602
RANDOM,30,InsertionSort,5,0.000603
RANDOM,30,LastQuickSort,1,0.002310
RANDOM,30,LastQuickSort,2,0.001105
RANDOM,30,LastQuickSort,3,0.000904
RANDOM,30,LastQuickSort,4,0.000602
RANDOM,30,LastQuickSort,5,0.000603
RANDOM,40,InsertionSort,1,0.001909
RANDOM,40,InsertionSort,2,0.000904
RANDOM,40,InsertionSort,3,0.000703
RANDOM,40,InsertionSort,4,0.000502
RANDOM,40,InsertionSort,5,0.000603
RANDOM,40,LastQuickSort,1,0.003014
RANDOM,40,LastQuickSort,2,0.001105
RANDOM,40,LastQuickSort,3,0.000703
RANDOM,40,LastQuickSort,4,0.000804
RANDOM,40,LastQuickSort,5,0.000603
RANDOM,50,InsertionSort,1,0.002310
RANDOM,50,InsertionSort,2,0.001507
RANDOM,50,InsertionSort,3,0.001306
RANDOM,50,InsertionSort,4,0.000904
RANDOM,50,InsertionSort,5,0.000803
RANDOM,50,LastQuickSort,1,0.003718
RANDOM,50,LastQuickSort,2,0.001507
RANDOM,50,LastQuickSort,3,0.001005
RANDOM,50,LastQuickSort,4,0.001407
RANDOM,50,LastQuickSort,5,0.001306
RANDOM,60,InsertionSort,1,0.002814
RANDOM,60,InsertionSort,2,0.001406
RANDOM,60,InsertionSort,3,0.001005
RANDOM,60,InsertionSort,4,0.001004
RANDOM,60,InsertionSort,5,0.001005
RANDOM,60,LastQuickSort,1,0.004120
RANDOM,60,LastQuickSort,2,0.001708
RANDOM,60,LastQuickSort,3,0.001306
RANDOM,60,LastQuickSort,4,0.001507
RANDOM,60,LastQuickSort,5,0.001507
RANDOM,70,InsertionSort,1,0.003717
RANDOM,70,InsertionSort,2,0.002110
RANDOM,70,InsertionSort,3,0.001707
RANDOM,70,InsertionSort,4,0.001306
RANDOM,70,InsertionSort,5,0.001206
RANDOM,70,LastQuickSort,1,0.006430
RANDOM,70,LastQuickSort,2,0.003315
RANDOM,70,LastQuickSort,3,0.001909
RANDOM,70,LastQuickSort,4,0.001507
RANDOM,70,LastQuickSort,5,0.001406
RANDOM,80,InsertionSort,1,0.004320
RANDOM,80,InsertionSort,2,0.002310
RANDOM,80,InsertionSort,3,0.001708
RANDOM,80,InsertionSort,4,0.001406
RANDOM,80,InsertionSort,5,0.001406
RANDOM,80,LastQuickSort,1,0.005626
RANDOM,80,LastQuickSort,2,0.002210
RANDOM,80,LastQuickSort,3,0.001608
RANDOM,80,LastQuickSort,4,0.001607
RANDOM,80,LastQuickSort,5,0.001507
RANDOM,90,InsertionSort,1,0.004320
RANDOM,90,InsertionSort,2,0.002211
RANDOM,90,InsertionSort,3,0.001808
RANDOM,90,InsertionSort,4,0.001808
RANDOM,90,InsertionSort,5,0.001909
RANDOM,90,LastQuickSort,1,0.005727
RANDOM,90,LastQuickSort,2,0.002411
RANDOM,90,LastQuickSort,3,0.001909
RANDOM,90,LastQuickSort,4,0.001809
RANDOM,90,LastQuickSort,5,0.001809
RANDOM,100,InsertionSort,1,0.003919
RANDOM,100,InsertionSort,2,0.002612
RANDOM,100,InsertionSort,3,0.002210
RANDOM,100,InsertionSort,4,0.002211
RANDOM,100,InsertionSort,5,0.002210
RANDOM,100,LastQuickSort,1,0.006229
RANDOM,100,LastQuickSort,2,0.002914
RANDOM,100,LastQuickSort,3,0.002110
RANDOM,100,LastQuickSort,4,0.002009
RANDOM,100,LastQuickSort,5,0.001909
RANDOM,110,InsertionSort,1,0.004522
RANDOM,110,InsertionSort,2,0.002914
RANDOM,110,InsertionSort,3,0.002411
RANDOM,110,InsertionSort,4,0.002411
RANDOM,110,InsertionSort,5,0.002311
RANDOM,110,LastQuickSort,1,0.006630
RANDOM,110,LastQuickSort,2,0.003215
RANDOM,110,LastQuickSort,3,0.002110
RANDOM,110,LastQuickSort,4,0.002009
RANDOM,110,LastQuickSort,5,0.002009
RANDOM,120,InsertionSort,1,0.006430
RANDOM,120,InsertionSort,2,0.004320
RANDOM,120,InsertionSort,3,0.004119
RANDOM,120,InsertionSort,4,0.004019
RANDOM,120,InsertionSort,5,0.003215
RANDOM,120,LastQuickSort,1,0.009143
RANDOM,120,LastQuickSort,2,0.003919
RANDOM,120,LastQuickSort,3,0.002914
RANDOM,120,LastQuickSort,4,0.002913
RANDOM,120,LastQuickSort,5,0.002813
RANDOM,130,InsertionSort,1,0.006832
RANDOM,130,InsertionSort,2,0.004521
RANDOM,130,InsertionSort,3,0.004019
RANDOM,130,InsertionSort,4,0.004019
RANDOM,130,InsertionSort,5,0.003918
RANDOM,130,LastQuickSort,1,0.010650
RANDOM,130,LastQuickSort,2,0.005526
RANDOM,130,LastQuickSort,3,0.004018
RANDOM,130,LastQuickSort,4,0.004320
RANDOM,130,LastQuickSort,5,0.004119
RANDOM,140,InsertionSort,1,0.007937
RANDOM,140,InsertionSort,2,0.006429
RANDOM,140,InsertionSort,3,0.005928
RANDOM,140,InsertionSort,4,0.006129
RANDOM,140,InsertionSort,5,0.005828
RANDOM,140,LastQuickSort,1,0.011253
RANDOM,140,LastQuickSort,2,0.006932
RANDOM,140,LastQuickSort,3,0.005023
RANDOM,140,LastQuickSort,4,0.004722
RANDOM,140,LastQuickSort,5,0.004421
RANDOM,150,InsertionSort,1,0.008138
RANDOM,150,InsertionSort,2,0.007736
RANDOM,150,InsertionSort,3,0.006129
RANDOM,150,InsertionSort,4,0.006832
RANDOM,150,InsertionSort,5,0.004722
RANDOM,150,LastQuickSort,1,0.009645
RANDOM,150,LastQuickSort,2,0.004722
RANDOM,150,LastQuickSort,3,0.003316
RANDOM,150,LastQuickSort,4,0.003114
RANDOM,150,LastQuickSort,5,0.003014
RANDOM,160,InsertionSort,1,0.007133
RANDOM,160,InsertionSort,2,0.005426
RANDOM,160,InsertionSort,3,0.004622
RANDOM,160,InsertionSort,4,0.004521
RANDOM,160,InsertionSort,5,0.004421
RANDOM,160,LastQuickSort,1,0.010750
RANDOM,160,LastQuickSort,2,0.005124
RANDOM,160,LastQuickSort,3,0.003517
RANDOM,160,LastQuickSort,4,0.003315
RANDOM,160,LastQuickSort,5,0.003315
RANDOM,170,InsertionSort,1,0.007334
RANDOM,170,InsertionSort,2,0.005123
RANDOM,170,InsertionSort,3,0.004823
RANDOM,170,InsertionSort,4,0.005124
RANDOM,170,InsertionSort,5,0.004421
RANDOM,170,LastQuickSort,1,0.013362
RANDOM,170,LastQuickSort,2,0.007736
RANDOM,170,LastQuickSort,3,0.006028
RANDOM,170,LastQuickSort,4,0.005827
RANDOM,170,LastQuickSort,5,0.004823
RANDOM,180,InsertionSort,1,0.008138
RANDOM,180,InsertionSort,2,0.006530
RANDOM,180,InsertionSort,3,0.005727
RANDOM,180,InsertionSort,4,0.012257
RANDOM,180,InsertionSort,5,0.005525
RANDOM,180,LastQuickSort,1,0.012157
RANDOM,180,LastQuickSort,2,0.005828
RANDOM,180,LastQuickSort,3,0.003918
RANDOM,180,LastQuickSort,4,0.003817
RANDOM,180,LastQuickSort,5,0.003517
RANDOM,190,InsertionSort,1,0.009143
RANDOM,190,InsertionSort,2,0.007234
RANDOM,190,InsertionSort,3,0.006531
RANDOM,190,InsertionSort,4,0.006330
RANDOM,190,InsertionSort,5,0.006229
RANDOM,190,LastQuickSort,1,0.012157
RANDOM,190,LastQuickSort,2,0.006731
RANDOM,190,LastQuickSort,3,0.004521
RANDOM,190,LastQuickSort,4,0.004220
RANDOM,190,LastQuickSort,5,0.004119
RANDOM,200,InsertionSort,1,0.009343
RANDOM,200,InsertionSort,2,0.007535
RANDOM,200,InsertionSort,3,0.006731
RANDOM,200,InsertionSort,4,0.006630
RANDOM,200,InsertionSort,5,0.006531
RANDOM,200,LastQuickSort,1,0.013563
RANDOM,200,LastQuickSort,2,0.007033
RANDOM,200,LastQuickSort,3,0.004621
RANDOM,200,LastQuickSort,4,0.004120
RANDOM,200,LastQuickSort,5,0.004119
RANDOM,210,InsertionSort,1,0.010549
RANDOM,210,InsertionSort,2,0.008540
RANDOM,210,InsertionSort,3,0.007736
RANDOM,210,InsertionSort,4,0.007535
RANDOM,210,InsertionSort,5,0.007435
RANDOM,210,LastQuickSort,1,0.014568
RANDOM,210,LastQuickSort,2,0.009343
RANDOM,210,LastQuickSort,3,0.007535
RANDOM,210,LastQuickSort,4,0.006932
RANDOM,210,LastQuickSort,5,0.005325
RANDOM,220,InsertionSort,1,0.014970
RANDOM,220,InsertionSort,2,0.014367
RANDOM,220,InsertionSort,3,0.008942
RANDOM,220,InsertionSort,4,0.012056
RANDOM,220,InsertionSort,5,0.011152
RANDOM,220,LastQuickSort,1,0.014166
RANDOM,220,LastQuickSort,2,0.007133
RANDOM,220,LastQuickSort,3,0.004923
RANDOM,220,LastQuickSort,4,0.004622
RANDOM,220,LastQuickSort,5,0.004320
RANDOM,230,InsertionSort,1,0.015472
RANDOM,230,InsertionSort,2,0.013061
RANDOM,230,InsertionSort,3,0.014266
RANDOM,230,InsertionSort,4,0.010851
RANDOM,230,InsertionSort,5,0.011655
RANDOM,230,LastQuickSort,1,0.018185
RANDOM,230,LastQuickSort,2,0.010951
RANDOM,230,LastQuickSort,3,0.008238
RANDOM,230,LastQuickSort,4,0.007233
RANDOM,230,LastQuickSort,5,0.006229
RANDOM,240,InsertionSort,1,0.017783
RANDOM,240,InsertionSort,2,0.017783
RANDOM,240,InsertionSort,3,0.017682
RANDOM,240,InsertionSort,4,0.015774
RANDOM,240,InsertionSort,5,0.015070
RANDOM,240,LastQuickSort,1,0.020294
RANDOM,240,LastQuickSort,2,0.010951
RANDOM,240,LastQuickSort,3,0.007233
RANDOM,240,LastQuickSort,4,0.006732
RANDOM,240,LastQuickSort,5,0.007133
RANDOM,250,InsertionSort,1,0.022505
RANDOM,250,InsertionSort,2,0.019290
RANDOM,250,InsertionSort,3,0.018888
RANDOM,250,InsertionSort,4,0.017381
RANDOM,250,InsertionSort,5,0.037977
RANDOM,250,LastQuickSort,1,0.022103
RANDOM,250,LastQuickSort,2,0.013162
RANDOM,250,LastQuickSort,3,0.008641
RANDOM,250,LastQuickSort,4,0.007937
RANDOM,250,LastQuickSort,5,0.006530
RANDOM,260,InsertionSort,1,0.023610
RANDOM,260,InsertionSort,2,0.019792
RANDOM,260,InsertionSort,3,0.019089
RANDOM,260,InsertionSort,4,0.019692
RANDOM,260,InsertionSort,5,0.018687
RANDOM,260,LastQuickSort,1,0.020294
RANDOM,260,LastQuickSort,2,0.011253
RANDOM,260,LastQuickSort,3,0.008942
RANDOM,260,LastQuickSort,4,0.008439
RANDOM,260,LastQuickSort,5,0.008339
RANDOM,270,InsertionSort,1,0.022807
RANDOM,270,InsertionSort,2,0.012458
RANDOM,270,InsertionSort,3,0.011856
RANDOM,270,InsertionSort,4,0.011253
RANDOM,270,InsertionSort,5,0.011152
RANDOM,270,LastQuickSort,1,0.020898
RANDOM,270,LastQuickSort,2,0.014267
RANDOM,270,LastQuickSort,3,0.011554
RANDOM,270,LastQuickSort,4,0.008841
RANDOM,270,LastQuickSort,5,0.008339
RANDOM,280,InsertionSort,1,0.025017
RANDOM,280,InsertionSort,2,0.024213
RANDOM,280,InsertionSort,3,0.022103
RANDOM,280,InsertionSort,4,0.017682
RANDOM,280,InsertionSort,5,0.020998
RANDOM,280,LastQuickSort,1,0.024012
RANDOM,280,LastQuickSort,2,0.014769
RANDOM,280,LastQuickSort,3,0.010448
RANDOM,280,LastQuickSort,4,0.009142
RANDOM,280,LastQuickSort,5,0.011755
RANDOM,290,InsertionSort,1,0.025117
RANDOM,290,InsertionSort,2,0.021600
RANDOM,290,InsertionSort,3,0.021802
RANDOM,290,InsertionSort,4,0.022405
RANDOM,290,InsertionSort,5,0.021600
RANDOM,290,LastQuickSort,1,0.025117
RANDOM,290,LastQuickSort,2,0.015070
RANDOM,290,LastQuickSort,3,0.010148
RANDOM,290,LastQuickSort,4,0.009745
RANDOM,290,LastQuickSort,5,0.010550
RANDOM,300,InsertionSort,1,0.027226
RANDOM,300,InsertionSort,2,0.026825
RANDOM,300,InsertionSort,3,0.025720
RANDOM,300,InsertionSort,4,0.023510
RANDOM,300,InsertionSort,5,0.025218
RANDOM,300,LastQuickSort,1,0.026323
RANDOM,300,LastQuickSort,2,0.015673
RANDOM,300,LastQuickSort,3,0.010148
RANDOM,300,LastQuickSort,4,0.010247
RANDOM,300,LastQuickSort,5,0.010549
RANDOM,310,InsertionSort,1,0.024916
RANDOM,310,InsertionSort,2,0.022505
RANDOM,310,InsertionSort,3,0.020797
RANDOM,310,InsertionSort,4,0.022103
RANDOM,310,InsertionSort,5,0.024314
RANDOM,310,LastQuickSort,1,0.026323
RANDOM,310,LastQuickSort,2,0.018085
RANDOM,310,LastQuickSort,3,0.011353
RANDOM,310,LastQuickSort,4,0.009846
RANDOM,310,LastQuickSort,5,0.009946
RANDOM,320,InsertionSort,1,0.028131
RANDOM,320,InsertionSort,2,0.020294
RANDOM,320,InsertionSort,3,0.024112
RANDOM,320,InsertionSort,4,0.024514
RANDOM,320,InsertionSort,5,0.016678
RANDOM,320,LastQuickSort,1,0.025519
RANDOM,320,LastQuickSort,2,0.012759
RANDOM,320,LastQuickSort,3,0.010047
RANDOM,320,LastQuickSort,4,0.008640
RANDOM,320,LastQuickSort,5,0.008138
RANDOM,330,InsertionSort,1,0.032049
RANDOM,330,InsertionSort,2,0.031246
RANDOM,330,InsertionSort,3,0.020897
RANDOM,330,InsertionSort,4,0.027428
RANDOM,330,InsertionSort,5,0.026523
RANDOM,330,LastQuickSort,1,0.025820
RANDOM,330,LastQuickSort,2,0.016577
RANDOM,330,LastQuickSort,3,0.011052
RANDOM,330,LastQuickSort,4,0.009946
RANDOM,330,LastQuickSort,5,0.009545
RANDOM,340,InsertionSort,1,0.029939
RANDOM,340,InsertionSort,2,0.020998
RANDOM,340,InsertionSort,3,0.019491
RANDOM,340,InsertionSort,4,0.019189
RANDOM,340,InsertionSort,5,0.018787
RANDOM,340,LastQuickSort,1,0.024414
RANDOM,340,LastQuickSort,2,0.015372
RANDOM,340,LastQuickSort,3,0.012960
RANDOM,340,LastQuickSort,4,0.010247
RANDOM,340,LastQuickSort,5,0.008540
RANDOM,350,InsertionSort,1,0.034662
RANDOM,350,InsertionSort,2,0.021500
RANDOM,350,InsertionSort,3,0.019792
RANDOM,350,InsertionSort,4,0.021701
RANDOM,350,InsertionSort,5,0.021500
RANDOM,350,LastQuickSort,1,0.024614
RANDOM,350,LastQuickSort,2,0.014870
RANDOM,350,LastQuickSort,3,0.010047
RANDOM,350,LastQuickSort,4,0.008741
RANDOM,350,LastQuickSort,5,0.008339
RANDOM,360,InsertionSort,1,0.026423
RANDOM,360,InsertionSort,2,0.024715
RANDOM,360,InsertionSort,3,0.023108
RANDOM,360,InsertionSort,4,0.022706
RANDOM,360,InsertionSort,5,0.023710
RANDOM,360,LastQuickSort,1,0.032451
RANDOM,360,LastQuickSort,2,0.025519
RANDOM,360,LastQuickSort,3,0.018586
RANDOM,360,LastQuickSort,4,0.015473
RANDOM,360,LastQuickSort,5,0.013664
RANDOM,370,InsertionSort,1,0.039082
RANDOM,370,InsertionSort,2,0.037777
RANDOM,370,InsertionSort,3,0.036269
RANDOM,370,InsertionSort,4,0.035264
RANDOM,370,InsertionSort,5,0.032150
RANDOM,370,LastQuickSort,1,0.034259
RANDOM,370,LastQuickSort,2,0.024313
RANDOM,370,LastQuickSort,3,0.017079
RANDOM,370,LastQuickSort,4,0.014568
RANDOM,370,LastQuickSort,5,0.013463
RANDOM,380,InsertionSort,1,0.041192
RANDOM,380,InsertionSort,2,0.040087
RANDOM,380,InsertionSort,3,0.041996
RANDOM,380,InsertionSort,4,0.042598
RANDOM,380,InsertionSort,5,0.037173
RANDOM,380,LastQuickSort,1,0.033958
RANDOM,380,LastQuickSort,2,0.043905
RANDOM,380,LastQuickSort,3,0.020596
RANDOM,380,LastQuickSort,4,0.012659
RANDOM,380,LastQuickSort,5,0.011353
RANDOM,390,InsertionSort,1,0.043703
RANDOM,390,InsertionSort,2,0.044006
RANDOM,390,InsertionSort,3,0.041293
RANDOM,390,InsertionSort,4,0.037675
RANDOM,390,InsertionSort,5,0.041393
RANDOM,390,LastQuickSort,1,0.034360
RANDOM,390,LastQuickSort,2,0.023007
RANDOM,390,LastQuickSort,3,0.015975
RANDOM,390,LastQuickSort,4,0.013965
RANDOM,390,LastQuickSort,5,0.013061
RANDOM,400,InsertionSort,1,0.060783
RANDOM,400,InsertionSort,2,0.039786
RANDOM,400,InsertionSort,3,0.038279
RANDOM,400,InsertionSort,4,0.039685
RANDOM,400,InsertionSort,5,0.041193
RANDOM,400,LastQuickSort,1,0.035566
RANDOM,400,LastQuickSort,2,0.023610
RANDOM,400,LastQuickSort,3,0.014768
RANDOM,400,LastQuickSort,4,0.014166
RANDOM,400,LastQuickSort,5,0.013061
RANDOM,410,InsertionSort,1,0.038781
RANDOM,410,InsertionSort,2,0.038580
RANDOM,410,InsertionSort,3,0.041393
RANDOM,410,InsertionSort,4,0.031246
RANDOM,410,InsertionSort,5,0.026926
RANDOM,410,LastQuickSort,1,0.036872
RANDOM,410,LastQuickSort,2,0.019089
RANDOM,410,LastQuickSort,3,0.014266
RANDOM,410,LastQuickSort,4,0.011052
RANDOM,410,LastQuickSort,5,0.010047
RANDOM,420,InsertionSort,1,0.047421
RANDOM,420,InsertionSort,2,0.039685
RANDOM,420,InsertionSort,3,0.036169
RANDOM,420,InsertionSort,4,0.027328
RANDOM,420,InsertionSort,5,0.026825
RANDOM,420,LastQuickSort,1,0.031044
RANDOM,420,LastQuickSort,2,0.020295
RANDOM,420,LastQuickSort,3,0.016778
RANDOM,420,LastQuickSort,4,0.014668
RANDOM,420,LastQuickSort,5,0.012357
RANDOM,430,InsertionSort,1,0.034361
RANDOM,430,InsertionSort,2,0.032452
RANDOM,430,InsertionSort,3,0.030944
RANDOM,430,InsertionSort,4,0.030341
RANDOM,430,InsertionSort,5,0.029940
RANDOM,430,LastQuickSort,1,0.031145
RANDOM,430,LastQuickSort,2,0.020395
RANDOM,430,LastQuickSort,3,0.014267
RANDOM,430,LastQuickSort,4,0.011755
RANDOM,430,LastQuickSort,5,0.010850
RANDOM,440,InsertionSort,1,0.045311
RANDOM,440,InsertionSort,2,0.043302
RANDOM,440,InsertionSort,3,0.039484
RANDOM,440,InsertionSort,4,0.044808
RANDOM,440,InsertionSort,5,0.031346
RANDOM,440,LastQuickSort,1,0.031547
RANDOM,440,LastQuickSort,2,0.024414
RANDOM,440,LastQuickSort,3,0.016075
RANDOM,440,LastQuickSort,4,0.013864
RANDOM,440,LastQuickSort,5,0.012559
RANDOM,450,InsertionSort,1,0.054052
RANDOM,450,InsertionSort,2,0.034762
RANDOM,450,InsertionSort,3,0.033255
RANDOM,450,InsertionSort,4,0.032452
RANDOM,450,InsertionSort,5,0.032050
RANDOM,450,LastQuickSort,1,0.032451
RANDOM,450,LastQuickSort,2,0.020897
RANDOM,450,LastQuickSort,3,0.014267
RANDOM,450,LastQuickSort,4,0.012257
RANDOM,450,LastQuickSort,5,0.010951
RANDOM,460,InsertionSort,1,0.037876
RANDOM,460,InsertionSort,2,0.055459
RANDOM,460,InsertionSort,3,0.035365
RANDOM,460,InsertionSort,4,0.034561
RANDOM,460,InsertionSort,5,0.035967
RANDOM,460,LastQuickSort,1,0.032351
RANDOM,460,LastQuickSort,2,0.022204
RANDOM,460,LastQuickSort,3,0.014668
RANDOM,460,LastQuickSort,4,0.012257
RANDOM,460,LastQuickSort,5,0.011252
RANDOM,470,InsertionSort,1,0.044508
RANDOM,470,InsertionSort,2,0.048225
RANDOM,470,InsertionSort,3,0.047823
RANDOM,470,InsertionSort,4,0.050536
RANDOM,470,InsertionSort,5,0.040187
RANDOM,470,LastQuickSort,1,0.032853
RANDOM,470,LastQuickSort,2,0.021198
RANDOM,470,LastQuickSort,3,0.014769
RANDOM,470,LastQuickSort,4,0.012659
RANDOM,470,LastQuickSort,5,0.011554
RANDOM,480,InsertionSort,1,0.063597
RANDOM,480,InsertionSort,2,0.039283
RANDOM,480,InsertionSort,3,0.047019
RANDOM,480,InsertionSort,4,0.053751
RANDOM,480,InsertionSort,5,0.054755
RANDOM,480,LastQuickSort,1,0.041694
RANDOM,480,LastQuickSort,2,0.030241
RANDOM,480,LastQuickSort,3,0.020295
RANDOM,480,LastQuickSort,4,0.017983
RANDOM,480,LastQuickSort,5,0.017381
RANDOM,490,InsertionSort,1,0.059076
RANDOM,490,InsertionSort,2,0.038781
RANDOM,490,InsertionSort,3,0.084393
RANDOM,490,InsertionSort,4,0.051239
RANDOM,490,InsertionSort,5,0.052545
RANDOM,490,LastQuickSort,1,0.073945
RANDOM,490,LastQuickSort,2,0.028132
RANDOM,490,LastQuickSort,3,0.021902
RANDOM,490,LastQuickSort,4,0.018888
RANDOM,490,LastQuickSort,5,0.015572
RANDOM,500,InsertionSort,1,0.058472
RANDOM,500,InsertionSort,2,0.055157
RANDOM,500,InsertionSort,3,0.053750
RANDOM,500,InsertionSort,4,0.050234
RANDOM,500,InsertionSort,5,0.050736
RANDOM,500,LastQuickSort,1,0.043805
RANDOM,500,LastQuickSort,2,0.032351
RANDOM,500,LastQuickSort,3,0.022304
RANDOM,500,LastQuickSort,4,0.018989
RANDOM,500,LastQuickSort,5,0.016878
RANDOM,510,InsertionSort,1,0.059376
RANDOM,510,InsertionSort,2,0.053550
RANDOM,510,InsertionSort,3,0.053951
RANDOM,510,InsertionSort,4,0.053147
RANDOM,510,InsertionSort,5,0.050637
RANDOM,510,LastQuickSort,1,0.044407
RANDOM,510,LastQuickSort,2,0.032552
RANDOM,510,LastQuickSort,3,0.021500
RANDOM,510,LastQuickSort,4,0.020696
RANDOM,510,LastQuickSort,5,0.016979
RANDOM,520,InsertionSort,1,0.124280
RANDOM,520,InsertionSort,2,0.114936
RANDOM,520,InsertionSort,3,0.106095
RANDOM,520,InsertionSort,4,0.116343
RANDOM,520,InsertionSort,5,0.118452
RANDOM,520,LastQuickSort,1,0.080174
RANDOM,520,LastQuickSort,2,0.096048
RANDOM,520,LastQuickSort,3,0.032049
RANDOM,520,LastQuickSort,4,0.024113
RANDOM,520,LastQuickSort,5,0.021802
RANDOM,530,InsertionSort,1,0.113730
RANDOM,530,InsertionSort,2,0.112726
RANDOM,530,InsertionSort,3,0.078366
RANDOM,530,InsertionSort,4,0.076457
RANDOM,530,InsertionSort,5,0.075854
RANDOM,530,LastQuickSort,1,0.081279
RANDOM,530,LastQuickSort,2,0.061688
RANDOM,530,LastQuickSort,3,0.042900
RANDOM,530,LastQuickSort,4,0.075954
RANDOM,530,LastQuickSort,5,0.034862
RANDOM,540,InsertionSort,1,0.135833
RANDOM,540,InsertionSort,2,0.133422
RANDOM,540,InsertionSort,3,0.137843
RANDOM,540,InsertionSort,4,0.134929
RANDOM,540,InsertionSort,5,0.130207
RANDOM,540,LastQuickSort,1,0.081882
RANDOM,540,LastQuickSort,2,0.058271
RANDOM,540,LastQuickSort,3,0.042598
RANDOM,540,LastQuickSort,4,0.083992
RANDOM,540,LastQuickSort,5,0.034059
RANDOM,550,InsertionSort,1,0.072538
RANDOM,550,InsertionSort,2,0.158037
RANDOM,550,InsertionSort,3,0.076859
RANDOM,550,InsertionSort,4,0.075552
RANDOM,550,InsertionSort,5,0.076155
RANDOM,550,LastQuickSort,1,0.054052
RANDOM,550,LastQuickSort,2,0.040790
RANDOM,550,LastQuickSort,3,0.025117
RANDOM,550,LastQuickSort,4,0.017381
RANDOM,550,LastQuickSort,5,0.017080
RANDOM,560,InsertionSort,1,0.075954
RANDOM,560,InsertionSort,2,0.052445
RANDOM,560,InsertionSort,3,0.083289
RANDOM,560,InsertionSort,4,0.075754
RANDOM,560,InsertionSort,5,0.050033
RANDOM,560,LastQuickSort,1,0.050335
RANDOM,560,LastQuickSort,2,0.028534
RANDOM,560,LastQuickSort,3,0.040187
RANDOM,560,LastQuickSort,4,0.017582
RANDOM,560,LastQuickSort,5,0.015773
RANDOM,570,InsertionSort,1,0.054252
RANDOM,570,InsertionSort,2,0.052545
RANDOM,570,InsertionSort,3,0.069625
RANDOM,570,InsertionSort,4,0.050435
RANDOM,570,InsertionSort,5,0.049932
RANDOM,570,LastQuickSort,1,0.050134
RANDOM,570,LastQuickSort,2,0.029237
RANDOM,570,LastQuickSort,3,0.020997
RANDOM,570,LastQuickSort,4,0.034059
RANDOM,570,LastQuickSort,5,0.014970
RANDOM,580,InsertionSort,1,0.066209
RANDOM,580,InsertionSort,2,0.054555
RANDOM,580,InsertionSort,3,0.052444
RANDOM,580,InsertionSort,4,0.051641
RANDOM,580,InsertionSort,5,0.051239
RANDOM,580,LastQuickSort,1,0.043604
RANDOM,580,LastQuickSort,2,0.031949
RANDOM,580,LastQuickSort,3,0.022806
RANDOM,580,LastQuickSort,4,0.018586
RANDOM,580,LastQuickSort,5,0.016376
RANDOM,590,InsertionSort,1,0.069022
RANDOM,590,InsertionSort,2,0.057167
RANDOM,590,InsertionSort,3,0.055258
RANDOM,590,InsertionSort,4,0.054353
RANDOM,590,InsertionSort,5,0.054052
RANDOM,590,LastQuickSort,1,0.049731
RANDOM,590,LastQuickSort,2,0.030040
RANDOM,590,LastQuickSort,3,0.021300
RANDOM,590,LastQuickSort,4,0.018085
RANDOM,590,LastQuickSort,5,0.016376
RANDOM,600,InsertionSort,1,0.070930
RANDOM,600,InsertionSort,2,0.060080
RANDOM,600,InsertionSort,3,0.058372
RANDOM,600,InsertionSort,4,0.057367
RANDOM,600,InsertionSort,5,0.056865
RANDOM,600,LastQuickSort,1,0.048225
RANDOM,600,LastQuickSort,2,0.031949
RANDOM,600,LastQuickSort,3,0.023209
RANDOM,600,LastQuickSort,4,0.019089
RANDOM,600,LastQuickSort,5,0.016376
RANDOM,610,InsertionSort,1,0.060482
RANDOM,610,InsertionSort,2,0.058975
RANDOM,610,InsertionSort,3,0.057167
RANDOM,610,InsertionSort,4,0.064099
RANDOM,610,InsertionSort,5,0.055860
RANDOM,610,LastQuickSort,1,0.052846
RANDOM,610,LastQuickSort,2,0.071032
RANDOM,610,LastQuickSort,3,0.033456
RANDOM,610,LastQuickSort,4,0.020898
RANDOM,610,LastQuickSort,5,0.018286
RANDOM,620,InsertionSort,1,0.087005
RANDOM,620,InsertionSort,2,0.060884
RANDOM,620,InsertionSort,3,0.068821
RANDOM,620,InsertionSort,4,0.086303
RANDOM,620,InsertionSort,5,0.058372
RANDOM,620,LastQuickSort,1,0.055559
RANDOM,620,LastQuickSort,2,0.081279
RANDOM,620,LastQuickSort,3,0.056162
RANDOM,620,LastQuickSort,4,0.038881
RANDOM,620,LastQuickSort,5,0.032854
RANDOM,630,InsertionSort,1,0.170596
RANDOM,630,InsertionSort,2,0.147186
RANDOM,630,InsertionSort,3,0.151707
RANDOM,630,InsertionSort,4,0.155424
RANDOM,630,InsertionSort,5,0.154219
RANDOM,630,LastQuickSort,1,0.084694
RANDOM,630,LastQuickSort,2,0.051942
RANDOM,630,LastQuickSort,3,0.035766
RANDOM,630,LastQuickSort,4,0.028433
RANDOM,630,LastQuickSort,5,0.025720
RANDOM,640,InsertionSort,1,0.162759
RANDOM,640,InsertionSort,2,0.169189
RANDOM,640,InsertionSort,3,0.283120
RANDOM,640,InsertionSort,4,0.074447
RANDOM,640,InsertionSort,5,0.080375
RANDOM,640,LastQuickSort,1,0.096048
RANDOM,640,LastQuickSort,2,0.061084
RANDOM,640,LastQuickSort,3,0.051942
RANDOM,640,LastQuickSort,4,0.041594
RANDOM,640,LastQuickSort,5,0.034661
RANDOM,650,InsertionSort,1,0.202846
RANDOM,650,InsertionSort,2,0.189383
RANDOM,650,InsertionSort,3,0.199330
RANDOM,650,InsertionSort,4,0.257099
RANDOM,650,InsertionSort,5,0.187575
RANDOM,650,LastQuickSort,1,0.173408
RANDOM,650,LastQuickSort,2,0.077562
RANDOM,650,LastQuickSort,3,0.057970
RANDOM,650,LastQuickSort,4,0.045914
RANDOM,650,LastQuickSort,5,0.111620
RANDOM,660,InsertionSort,1,0.212893
RANDOM,660,InsertionSort,2,0.129203
RANDOM,660,InsertionSort,3,0.158338
RANDOM,660,InsertionSort,4,0.169791
RANDOM,660,InsertionSort,5,0.154821
RANDOM,660,LastQuickSort,1,0.115438
RANDOM,660,LastQuickSort,2,0.066711
RANDOM,660,LastQuickSort,3,0.047422
RANDOM,660,LastQuickSort,4,0.039082
RANDOM,660,LastQuickSort,5,0.034863
RANDOM,670,InsertionSort,1,0.187374
RANDOM,670,InsertionSort,2,0.125384
RANDOM,670,InsertionSort,3,0.139651
RANDOM,670,InsertionSort,4,0.210381
RANDOM,670,InsertionSort,5,0.156228
RANDOM,670,LastQuickSort,1,0.105090
RANDOM,670,LastQuickSort,2,0.086402
RANDOM,670,LastQuickSort,3,0.058171
RANDOM,670,LastQuickSort,4,0.128097
RANDOM,670,LastQuickSort,5,0.051942
RANDOM,680,InsertionSort,1,0.295679
RANDOM,680,InsertionSort,2,0.113027
RANDOM,680,InsertionSort,3,0.158037
RANDOM,680,InsertionSort,4,0.132920
RANDOM,680,InsertionSort,5,0.091527
RANDOM,680,LastQuickSort,1,0.159845
RANDOM,680,LastQuickSort,2,0.076958
RANDOM,680,LastQuickSort,3,0.059277
RANDOM,680,LastQuickSort,4,0.045412
RANDOM,680,LastQuickSort,5,0.036069
RANDOM,690,InsertionSort,1,0.137943
RANDOM,690,InsertionSort,2,0.121868
RANDOM,690,InsertionSort,3,0.118954
RANDOM,690,InsertionSort,4,0.118050
RANDOM,690,InsertionSort,5,0.162256
RANDOM,690,LastQuickSort,1,0.081983
RANDOM,690,LastQuickSort,2,0.059377
RANDOM,690,LastQuickSort,3,0.042298
RANDOM,690,LastQuickSort,4,0.094239
RANDOM,690,LastQuickSort,5,0.045412
RANDOM,700,InsertionSort,1,0.131211
RANDOM,700,InsertionSort,2,0.127695
RANDOM,700,InsertionSort,3,0.124983
RANDOM,700,InsertionSort,4,0.123777
RANDOM,700,InsertionSort,5,0.123174
RANDOM,700,LastQuickSort,1,0.086905
RANDOM,700,LastQuickSort,2,0.065405
RANDOM,700,LastQuickSort,3,0.049430
RANDOM,700,LastQuickSort,4,0.040187
RANDOM,700,LastQuickSort,5,0.034862
RANDOM,710,InsertionSort,1,0.131011
RANDOM,710,InsertionSort,2,0.127795
RANDOM,710,InsertionSort,3,0.125285
RANDOM,710,InsertionSort,4,0.123777
RANDOM,710,InsertionSort,5,0.203248
RANDOM,710,LastQuickSort,1,0.103985
RANDOM,710,LastQuickSort,2,0.084996
RANDOM,710,LastQuickSort,3,0.066912
RANDOM,710,LastQuickSort,4,0.060683
RANDOM,710,LastQuickSort,5,0.053148
RANDOM,720,InsertionSort,1,0.159243
RANDOM,720,InsertionSort,2,0.130609
RANDOM,720,InsertionSort,3,0.157635
RANDOM,720,InsertionSort,4,0.128198
RANDOM,720,InsertionSort,5,0.167179
RANDOM,720,LastQuickSort,1,0.089015
RANDOM,720,LastQuickSort,2,0.065204
RANDOM,720,LastQuickSort,3,0.049129
RANDOM,720,LastQuickSort,4,0.041091
RANDOM,720,LastQuickSort,5,0.036068
RANDOM,730,InsertionSort,1,0.156329
RANDOM,730,InsertionSort,2,0.208372
RANDOM,730,InsertionSort,3,0.175619
RANDOM,730,InsertionSort,4,0.190689
RANDOM,730,InsertionSort,5,0.168486
RANDOM,730,LastQuickSort,1,0.088714
RANDOM,730,LastQuickSort,2,0.068017
RANDOM,730,LastQuickSort,3,0.060281
RANDOM,730,LastQuickSort,4,0.046718
RANDOM,730,LastQuickSort,5,0.048325
RANDOM,740,InsertionSort,1,0.218519
RANDOM,740,InsertionSort,2,0.172504
RANDOM,740,InsertionSort,3,0.232685
RANDOM,740,InsertionSort,4,0.192497
RANDOM,740,InsertionSort,5,0.199631
RANDOM,740,LastQuickSort,1,0.070429
RANDOM,740,LastQuickSort,2,0.060784
RANDOM,740,LastQuickSort,3,0.049833
RANDOM,740,LastQuickSort,4,0.044408
RANDOM,740,LastQuickSort,5,0.038379
RANDOM,750,InsertionSort,1,0.151607
RANDOM,750,InsertionSort,2,0.150702
RANDOM,750,InsertionSort,3,0.149698
RANDOM,750,InsertionSort,4,0.145278
RANDOM,750,InsertionSort,5,0.245244
RANDOM,750,LastQuickSort,1,0.070629
RANDOM,750,LastQuickSort,2,0.060482
RANDOM,750,LastQuickSort,3,0.049229
RANDOM,750,LastQuickSort,4,0.043704
RANDOM,750,LastQuickSort,5,0.037575
RANDOM,760,InsertionSort,1,0.153917
RANDOM,760,InsertionSort,2,0.155626
RANDOM,760,InsertionSort,3,0.152611
RANDOM,760,InsertionSort,4,0.148894
RANDOM,760,InsertionSort,5,0.152210
RANDOM,760,LastQuickSort,1,0.070228
RANDOM,760,LastQuickSort,2,0.058573
RANDOM,760,LastQuickSort,3,0.048426
RANDOM,760,LastQuickSort,4,0.043000
RANDOM,760,LastQuickSort,5,0.037776
RANDOM,770,InsertionSort,1,0.143469
RANDOM,770,InsertionSort,2,0.143368
RANDOM,770,InsertionSort,3,0.145478
RANDOM,770,InsertionSort,4,0.168285
RANDOM,770,InsertionSort,5,0.222437
RANDOM,770,LastQuickSort,1,0.107802
RANDOM,770,LastQuickSort,2,0.086102
RANDOM,770,LastQuickSort,3,0.079069
RANDOM,770,LastQuickSort,4,0.065304
RANDOM,770,LastQuickSort,5,0.058172
RANDOM,780,InsertionSort,1,0.237106
RANDOM,780,InsertionSort,2,0.198526
RANDOM,780,InsertionSort,3,0.218519
RANDOM,780,InsertionSort,4,0.218719
RANDOM,780,InsertionSort,5,0.226959
RANDOM,780,LastQuickSort,1,0.111922
RANDOM,780,LastQuickSort,2,0.083389
RANDOM,780,LastQuickSort,3,0.075652
RANDOM,780,LastQuickSort,4,0.065707
RANDOM,780,LastQuickSort,5,0.058473
RANDOM,790,InsertionSort,1,0.260715
RANDOM,790,InsertionSort,2,0.241224
RANDOM,790,InsertionSort,3,0.239918
RANDOM,790,InsertionSort,4,0.230575
RANDOM,790,InsertionSort,5,0.233589
RANDOM,790,LastQuickSort,1,0.116142
RANDOM,790,LastQuickSort,2,0.098761
RANDOM,790,LastQuickSort,3,0.087207
RANDOM,790,LastQuickSort,4,0.078064
RANDOM,790,LastQuickSort,5,0.085298
RANDOM,800,InsertionSort,1,0.380976
RANDOM,800,InsertionSort,2,0.313562
RANDOM,800,InsertionSort,3,0.248760
RANDOM,800,InsertionSort,4,0.238311
RANDOM,800,InsertionSort,5,0.299999
RANDOM,800,LastQuickSort,1,0.160348
RANDOM,800,LastQuickSort,2,0.114031
RANDOM,800,LastQuickSort,3,0.089316
RANDOM,800,LastQuickSort,4,0.145981
RANDOM,800,LastQuickSort,5,0.111118
RANDOM,810,InsertionSort,1,0.216409
RANDOM,810,InsertionSort,2,0.166275
RANDOM,810,InsertionSort,3,0.129704
RANDOM,810,InsertionSort,4,0.164668
RANDOM,810,InsertionSort,5,0.177327
RANDOM,810,LastQuickSort,1,0.116342
RANDOM,810,LastQuickSort,2,0.072437
RANDOM,810,LastQuickSort,3,0.054655
RANDOM,810,LastQuickSort,4,0.046115
RANDOM,810,LastQuickSort,5,0.040188
RANDOM,820,InsertionSort,1,0.168184
RANDOM,820,InsertionSort,2,0.131714
RANDOM,820,InsertionSort,3,0.137742
RANDOM,820,InsertionSort,4,0.128298
RANDOM,820,InsertionSort,5,0.211687
RANDOM,820,LastQuickSort,1,0.090421
RANDOM,820,LastQuickSort,2,0.077260
RANDOM,820,LastQuickSort,3,0.055960
RANDOM,820,LastQuickSort,4,0.048828
RANDOM,820,LastQuickSort,5,0.043101
RANDOM,830,InsertionSort,1,0.134527
RANDOM,830,InsertionSort,2,0.131815
RANDOM,830,InsertionSort,3,0.203649
RANDOM,830,InsertionSort,4,0.187876
RANDOM,830,InsertionSort,5,0.129102
RANDOM,830,LastQuickSort,1,0.094642
RANDOM,830,LastQuickSort,2,0.069021
RANDOM,830,LastQuickSort,3,0.059377
RANDOM,830,LastQuickSort,4,0.053851
RANDOM,830,LastQuickSort,5,0.050837
RANDOM,840,InsertionSort,1,0.156731
RANDOM,840,InsertionSort,2,0.163562
RANDOM,840,InsertionSort,3,0.140354
RANDOM,840,InsertionSort,4,0.191292
RANDOM,840,InsertionSort,5,0.173811
RANDOM,840,LastQuickSort,1,0.093436
RANDOM,840,LastQuickSort,2,0.078466
RANDOM,840,LastQuickSort,3,0.070630
RANDOM,840,LastQuickSort,4,0.066310
RANDOM,840,LastQuickSort,5,0.044105
RANDOM,850,InsertionSort,1,0.237005
RANDOM,850,InsertionSort,2,0.195713
RANDOM,850,InsertionSort,3,0.191795
RANDOM,850,InsertionSort,4,0.137140
RANDOM,850,InsertionSort,5,0.135632
RANDOM,850,LastQuickSort,1,0.096952
RANDOM,850,LastQuickSort,2,0.080777
RANDOM,850,LastQuickSort,3,0.067113
RANDOM,850,LastQuickSort,4,0.059477
RANDOM,850,LastQuickSort,5,0.052545
RANDOM,860,InsertionSort,1,0.198827
RANDOM,860,InsertionSort,2,0.208673
RANDOM,860,InsertionSort,3,0.163764
RANDOM,860,InsertionSort,4,0.148492
RANDOM,860,InsertionSort,5,0.237809
RANDOM,860,LastQuickSort,1,0.087809
RANDOM,860,LastQuickSort,2,0.084494
RANDOM,860,LastQuickSort,3,0.067515
RANDOM,860,LastQuickSort,4,0.056564
RANDOM,860,LastQuickSort,5,0.051841
RANDOM,870,InsertionSort,1,0.198224
RANDOM,870,InsertionSort,2,0.257099
RANDOM,870,InsertionSort,3,0.254185
RANDOM,870,InsertionSort,4,0.250668
RANDOM,870,InsertionSort,5,0.252879
RANDOM,870,LastQuickSort,1,0.103181
RANDOM,870,LastQuickSort,2,0.086503
RANDOM,870,LastQuickSort,3,0.071835
RANDOM,870,LastQuickSort,4,0.062994
RANDOM,870,LastQuickSort,5,0.055258
RANDOM,880,InsertionSort,1,0.286636
RANDOM,880,InsertionSort,2,0.229370
RANDOM,880,InsertionSort,3,0.254888
RANDOM,880,InsertionSort,4,0.222839
RANDOM,880,InsertionSort,5,0.211184
RANDOM,880,LastQuickSort,1,0.102679
RANDOM,880,LastQuickSort,2,0.085297
RANDOM,880,LastQuickSort,3,0.071232
RANDOM,880,LastQuickSort,4,0.064099
RANDOM,880,LastQuickSort,5,0.059779
RANDOM,890,InsertionSort,1,0.263228
RANDOM,890,InsertionSort,2,0.269758
RANDOM,890,InsertionSort,3,0.264835
RANDOM,890,InsertionSort,4,0.253884
RANDOM,890,InsertionSort,5,0.262625
RANDOM,890,LastQuickSort,1,0.104989
RANDOM,890,LastQuickSort,2,0.139048
RANDOM,890,LastQuickSort,3,0.111620
RANDOM,890,LastQuickSort,4,0.080275
RANDOM,890,LastQuickSort,5,0.057166
RANDOM,900,InsertionSort,1,0.218418
RANDOM,900,InsertionSort,2,0.217414
RANDOM,900,InsertionSort,3,0.216308
RANDOM,900,InsertionSort,4,0.214399
RANDOM,900,InsertionSort,5,0.215706
RANDOM,900,LastQuickSort,1,0.085900
RANDOM,900,LastQuickSort,2,0.073643
RANDOM,900,LastQuickSort,3,0.062793
RANDOM,900,LastQuickSort,4,0.055157
RANDOM,900,LastQuickSort,5,0.051339
RANDOM,910,InsertionSort,1,0.206463
RANDOM,910,InsertionSort,2,0.246851
RANDOM,910,InsertionSort,3,0.203850
RANDOM,910,InsertionSort,4,0.180541
RANDOM,910,InsertionSort,5,0.210883
RANDOM,910,LastQuickSort,1,0.080977
RANDOM,910,LastQuickSort,2,0.058272
RANDOM,910,LastQuickSort,3,0.047924
RANDOM,910,LastQuickSort,4,0.042498
RANDOM,910,LastQuickSort,5,0.037877
RANDOM,920,InsertionSort,1,0.139751
RANDOM,920,InsertionSort,2,0.163965
RANDOM,920,InsertionSort,3,0.161151
RANDOM,920,InsertionSort,4,0.140556
RANDOM,920,InsertionSort,5,0.144876
RANDOM,920,LastQuickSort,1,0.195310
RANDOM,920,LastQuickSort,2,0.112524
RANDOM,920,LastQuickSort,3,0.203951
RANDOM,920,LastQuickSort,4,0.080877
RANDOM,920,LastQuickSort,5,0.113630
RANDOM,930,InsertionSort,1,0.348726
RANDOM,930,InsertionSort,2,0.240421
RANDOM,930,InsertionSort,3,0.208372
RANDOM,930,InsertionSort,4,0.207568
RANDOM,930,InsertionSort,5,0.253883
RANDOM,930,LastQuickSort,1,0.112022
RANDOM,930,LastQuickSort,2,0.094641
RANDOM,930,LastQuickSort,3,0.079471
RANDOM,930,LastQuickSort,4,0.108004
RANDOM,930,LastQuickSort,5,0.066209
RANDOM,940,InsertionSort,1,0.234393
RANDOM,940,InsertionSort,2,0.214098
RANDOM,940,InsertionSort,3,0.248860
RANDOM,940,InsertionSort,4,0.303415
RANDOM,940,InsertionSort,5,0.306429
RANDOM,940,LastQuickSort,1,0.145177
RANDOM,940,LastQuickSort,2,0.122471
RANDOM,940,LastQuickSort,3,0.115036
RANDOM,940,LastQuickSort,4,0.108707
RANDOM,940,LastQuickSort,5,0.096450
RANDOM,950,InsertionSort,1,0.148693
RANDOM,950,InsertionSort,2,0.155425
RANDOM,950,InsertionSort,3,0.191794
RANDOM,950,InsertionSort,4,0.146885
RANDOM,950,InsertionSort,5,0.141862
RANDOM,950,LastQuickSort,1,0.079771
RANDOM,950,LastQuickSort,2,0.065706
RANDOM,950,LastQuickSort,3,0.055458
RANDOM,950,LastQuickSort,4,0.048425
RANDOM,950,LastQuickSort,5,0.044407
RANDOM,960,InsertionSort,1,0.194005
RANDOM,960,InsertionSort,2,0.196918
RANDOM,960,InsertionSort,3,0.218519
RANDOM,960,InsertionSort,4,0.245444
RANDOM,960,InsertionSort,5,0.250066
RANDOM,960,LastQuickSort,1,0.108506
RANDOM,960,LastQuickSort,2,0.074648
RANDOM,960,LastQuickSort,3,0.070328
RANDOM,960,LastQuickSort,4,0.080677
RANDOM,960,LastQuickSort,5,0.060984
RANDOM,970,InsertionSort,1,0.201842
RANDOM,970,InsertionSort,2,0.217414
RANDOM,970,InsertionSort,3,0.180240
RANDOM,970,InsertionSort,4,0.247252
RANDOM,970,InsertionSort,5,0.199128
RANDOM,970,LastQuickSort,1,0.093436
RANDOM,970,LastQuickSort,2,0.077260
RANDOM,970,LastQuickSort,3,0.068620
RANDOM,970,LastQuickSort,4,0.060080
RANDOM,970,LastQuickSort,5,0.056262
RANDOM,980,InsertionSort,1,0.294272
RANDOM,980,InsertionSort,2,0.356361
RANDOM,980,InsertionSort,3,0.355457
RANDOM,980,InsertionSort,4,0.208472
RANDOM,980,InsertionSort,5,0.276690
RANDOM,980,LastQuickSort,1,0.099866
RANDOM,980,LastQuickSort,2,0.082686
RANDOM,980,LastQuickSort,3,0.070830
RANDOM,980,LastQuickSort,4,0.062994
RANDOM,980,LastQuickSort,5,0.057267
RANDOM,990,InsertionSort,1,0.354252
RANDOM,990,InsertionSort,2,0.212591
RANDOM,990,InsertionSort,3,0.215806
RANDOM,990,InsertionSort,4,0.226054
RANDOM,990,InsertionSort,5,0.240621
RANDOM,990,LastQuickSort,1,0.098459
RANDOM,990,LastQuickSort,2,0.086001
RANDOM,990,LastQuickSort,3,0.075150
RANDOM,990,LastQuickSort,4,0.069926
RANDOM,990,LastQuickSort,5,0.061687
RANDOM,1000,InsertionSort,1,0.265639
RANDOM,1000,InsertionSort,2,0.343903
RANDOM,1000,InsertionSort,3,0.280307
RANDOM,1000,InsertionSort,4,0.284426
RANDOM,1000,InsertionSort,5,0.326321
RANDOM,1000,LastQuickSort,1,0.103181
RANDOM,1000,LastQuickSort,2,0.130911
RANDOM,1000,LastQuickSort,3,0.065405
RANDOM,1000,LastQuickSort,4,0.057267
RANDOM,1000,LastQuickSort,5,0.051842
RANDOM,10000,LastQuickSort,1,1.085963
RANDOM,10000,LastQuickSort,2,0.995040
RANDOM,10000,LastQuickSort,3,1.074208
RANDOM,10000,LastQuickSort,4,0.982883
RANDOM,10000,LastQuickSort,5,1.037940
RANDOM,10000,TwoPointerQuickSort,1,6.906802
RANDOM,10000,TwoPointerQuickSort,2,2.577919
RANDOM,10000,TwoPointerQuickSort,3,1.290115
RANDOM,10000,TwoPointerQuickSort,4,1.107865
RANDOM,10000,TwoPointerQuickSort,5,1.181408
RANDOM,20000,LastQuickSort,1,2.604443
RANDOM,20000,LastQuickSort,2,2.477752
RANDOM,20000,LastQuickSort,3,2.614087
RANDOM,20000,LastQuickSort,4,2.149522
RANDOM,20000,LastQuickSort,5,2.061311
RANDOM,20000,TwoPointerQuickSort,1,2.369749
RANDOM,20000,TwoPointerQuickSort,2,2.213219
RANDOM,20000,TwoPointerQuickSort,3,2.274806
RANDOM,20000,TwoPointerQuickSort,4,2.142589
RANDOM,20000,TwoPointerQuickSort,5,2.044633
RANDOM,30000,LastQuickSort,1,3.209865
RANDOM,30000,LastQuickSort,2,3.371720
RANDOM,30000,LastQuickSort,3,3.323394
RANDOM,30000,LastQuickSort,4,4.091777
RANDOM,30000,LastQuickSort,5,4.436986
RANDOM,30000,TwoPointerQuickSort,1,4.339131
RANDOM,30000,TwoPointerQuickSort,2,4.739095
RANDOM,30000,TwoPointerQuickSort,3,5.420371
RANDOM,30000,TwoPointerQuickSort,4,5.391035
RANDOM,30000,TwoPointerQuickSort,5,5.026736
RANDOM,40000,LastQuickSort,1,6.093409
RANDOM,40000,LastQuickSort,2,5.485174
RANDOM,40000,LastQuickSort,3,6.088084
RANDOM,40000,LastQuickSort,4,5.677369
RANDOM,40000,LastQuickSort,5,5.717054
RANDOM,40000,TwoPointerQuickSort,1,5.764174
RANDOM,40000,TwoPointerQuickSort,2,5.540531
RANDOM,40000,TwoPointerQuickSort,3,5.564644
RANDOM,40000,TwoPointerQuickSort,4,5.279414
RANDOM,40000,TwoPointerQuickSort,5,4.492044
RANDOM,50000,LastQuickSort,1,5.522749
RANDOM,50000,LastQuickSort,2,6.101347
RANDOM,50000,LastQuickSort,3,6.962160
RANDOM,50000,LastQuickSort,4,5.880316
RANDOM,50000,LastQuickSort,5,5.426901
RANDOM,50000,TwoPointerQuickSort,1,5.753927
RANDOM,50000,TwoPointerQuickSort,2,6.812060
RANDOM,50000,TwoPointerQuickSort,3,7.073579
RANDOM,50000,TwoPointerQuickSort,4,6.945080
RANDOM,50000,TwoPointerQuickSort,5,7.041128
RANDOM,60000,LastQuickSort,1,8.355154
RANDOM,60000,LastQuickSort,2,14.384866
RANDOM,60000,LastQuickSort,3,14.844810
RANDOM,60000,LastQuickSort,4,14.813766
RANDOM,60000,LastQuickSort,5,11.061372
RANDOM,60000,TwoPointerQuickSort,1,11.524128
RANDOM,60000,TwoPointerQuickSort,2,10.097276
RANDOM,60000,TwoPointerQuickSort,3,8.589145
RANDOM,60000,TwoPointerQuickSort,4,8.586432
RANDOM,60000,TwoPointerQuickSort,5,8.536500
RANDOM,70000,LastQuickSort,1,8.350532
RANDOM,70000,LastQuickSort,2,7.688547
RANDOM,70000,LastQuickSort,3,7.691259
RANDOM,70000,LastQuickSort,4,7.809811
RANDOM,70000,LastQuickSort,5,7.686939
RANDOM,70000,TwoPointerQuickSort,1,7.787608
RANDOM,70000,TwoPointerQuickSort,2,7.833823
RANDOM,70000,TwoPointerQuickSort,3,7.784695
RANDOM,70000,TwoPointerQuickSort,4,7.822872
RANDOM,70000,TwoPointerQuickSort,5,7.846482
RANDOM,80000,LastQuickSort,1,8.760545
RANDOM,80000,LastQuickSort,2,9.195371
RANDOM,80000,LastQuickSort,3,8.757932
RANDOM,80000,LastQuickSort,4,8.931341
RANDOM,80000,LastQuickSort,5,8.717644
RANDOM,80000,TwoPointerQuickSort,1,8.928025
RANDOM,80000,TwoPointerQuickSort,2,9.011615
RANDOM,80000,TwoPointerQuickSort,3,8.908735
RANDOM,80000,TwoPointerQuickSort,4,10.214222
RANDOM,80000,TwoPointerQuickSort,5,8.839613
RANDOM,90000,LastQuickSort,1,9.874537
RANDOM,90000,LastQuickSort,2,9.914565
RANDOM,90000,LastQuickSort,3,9.762097
RANDOM,90000,LastQuickSort,4,10.447682
RANDOM,90000,LastQuickSort,5,10.033336
RANDOM,90000,TwoPointerQuickSort,1,10.036452
RANDOM,90000,TwoPointerQuickSort,2,18.556315
RANDOM,90000,TwoPointerQuickSort,3,12.600309
RANDOM,90000,TwoPointerQuickSort,4,12.286762
RANDOM,90000,TwoPointerQuickSort,5,9.940276
RANDOM,100000,LastQuickSort,1,11.270745
RANDOM,100000,LastQuickSort,2,11.052367
RANDOM,100000,LastQuickSort,3,11.683281
RANDOM,100000,LastQuickSort,4,11.172058
RANDOM,100000,LastQuickSort,5,10.917602
RANDOM,100000,TwoPointerQuickSort,1,11.246324
RANDOM,100000,TwoPointerQuickSort,2,11.183112
RANDOM,100000,TwoPointerQuickSort,3,11.241099
RANDOM,100000,TwoPointerQuickSort,4,27.049045
RANDOM,100000,TwoPointerQuickSort,5,24.126415
RANDOM,110000,LastQuickSort,1,19.905979
RANDOM,110000,LastQuickSort,2,21.748777
RANDOM,110000,LastQuickSort,3,25.886003
RANDOM,110000,LastQuickSort,4,23.449775
RANDOM,110000,LastQuickSort,5,19.940751
RANDOM,110000,TwoPointerQuickSort,1,31.411986
RANDOM,110000,TwoPointerQuickSort,2,29.544364
RANDOM,110000,TwoPointerQuickSort,3,29.246996
RANDOM,110000,TwoPointerQuickSort,4,27.384300
RANDOM,110000,TwoPointerQuickSort,5,27.640163
RANDOM,120000,LastQuickSort,1,31.510069
RANDOM,120000,LastQuickSort,2,34.909553
RANDOM,120000,LastQuickSort,3,28.240126
RANDOM,120000,LastQuickSort,4,27.243806
RANDOM,120000,LastQuickSort,5,20.893655
RANDOM,120000,TwoPointerQuickSort,1,25.530447
RANDOM,120000,TwoPointerQuickSort,2,24.489508
RANDOM,120000,TwoPointerQuickSort,3,21.101782
RANDOM,120000,TwoPointerQuickSort,4,16.912399
RANDOM,120000,TwoPointerQuickSort,5,14.201213
RANDOM,130000,LastQuickSort,1,14.661284
RANDOM,130000,LastQuickSort,2,14.569230
RANDOM,130000,LastQuickSort,3,14.686409
RANDOM,130000,LastQuickSort,4,15.032618
RANDOM,130000,LastQuickSort,5,32.508298
RANDOM,130000,TwoPointerQuickSort,1,34.905533
RANDOM,130000,TwoPointerQuickSort,2,38.417774
RANDOM,130000,TwoPointerQuickSort,3,34.113624
RANDOM,130000,TwoPointerQuickSort,4,31.855696
RANDOM,130000,TwoPointerQuickSort,5,31.709577
RANDOM,140000,LastQuickSort,1,33.254677
RANDOM,140000,LastQuickSort,2,36.328680
RANDOM,140000,LastQuickSort,3,34.091375
RANDOM,140000,LastQuickSort,4,26.714889
RANDOM,140000,LastQuickSort,5,20.460757
RANDOM,140000,TwoPointerQuickSort,1,19.917527
RANDOM,140000,TwoPointerQuickSort,2,21.799780
RANDOM,140000,TwoPointerQuickSort,3,36.470205
RANDOM,140000,TwoPointerQuickSort,4,24.504467
RANDOM,140000,TwoPointerQuickSort,5,18.319910
RANDOM,150000,LastQuickSort,1,18.096506
RANDOM,150000,LastQuickSort,2,38.235226
RANDOM,150000,LastQuickSort,3,35.910185
RANDOM,150000,LastQuickSort,4,37.071649
RANDOM,150000,LastQuickSort,5,35.619719
RANDOM,150000,TwoPointerQuickSort,1,42.611027
RANDOM,150000,TwoPointerQuickSort,2,34.585541
RANDOM,150000,TwoPointerQuickSort,3,27.339860
RANDOM,150000,TwoPointerQuickSort,4,26.426233
RANDOM,150000,TwoPointerQuickSort,5,19.970714
RANDOM,160000,LastQuickSort,1,21.637102
RANDOM,160000,LastQuickSort,2,21.135195
RANDOM,160000,LastQuickSort,3,18.674322
RANDOM,160000,LastQuickSort,4,18.914316
RANDOM,160000,LastQuickSort,5,19.309146
RANDOM,160000,TwoPointerQuickSort,1,20.946678
RANDOM,160000,TwoPointerQuickSort,2,20.007512
RANDOM,160000,TwoPointerQuickSort,3,19.019282
RANDOM,160000,TwoPointerQuickSort,4,22.533738
RANDOM,160000,TwoPointerQuickSort,5,18.840720
RANDOM,170000,LastQuickSort,1,51.817181
RANDOM,170000,LastQuickSort,2,44.879964
RANDOM,170000,LastQuickSort,3,43.196225
RANDOM,170000,LastQuickSort,4,42.437811
RANDOM,170000,LastQuickSort,5,42.537670
RANDOM,170000,TwoPointerQuickSort,1,35.642733
RANDOM,170000,TwoPointerQuickSort,2,38.487172
RANDOM,170000,TwoPointerQuickSort,3,42.884112
RANDOM,170000,TwoPointerQuickSort,4,39.611070
RANDOM,170000,TwoPointerQuickSort,5,28.407991
RANDOM,180000,LastQuickSort,1,24.079133
RANDOM,180000,LastQuickSort,2,21.370153
RANDOM,180000,LastQuickSort,3,20.578416
RANDOM,180000,LastQuickSort,4,38.522571
RANDOM,180000,LastQuickSort,5,34.978209
RANDOM,180000,TwoPointerQuickSort,1,53.497888
RANDOM,180000,TwoPointerQuickSort,2,43.932587
RANDOM,180000,TwoPointerQuickSort,3,46.503996
RANDOM,180000,TwoPointerQuickSort,4,46.716889
RANDOM,180000,TwoPointerQuickSort,5,40.506387
RANDOM,190000,LastQuickSort,1,53.282984
RANDOM,190000,LastQuickSort,2,41.607156
RANDOM,190000,LastQuickSort,3,27.394109
RANDOM,190000,LastQuickSort,4,23.444275
RANDOM,190000,LastQuickSort,5,22.484296
RANDOM,190000,TwoPointerQuickSort,1,29.441080
RANDOM,190000,TwoPointerQuickSort,2,33.248818
RANDOM,190000,TwoPointerQuickSort,3,28.349865
RANDOM,190000,TwoPointerQuickSort,4,22.699534
RANDOM,190000,TwoPointerQuickSort,5,25.957329
RANDOM,200000,LastQuickSort,1,34.050267
RANDOM,200000,LastQuickSort,2,32.954727
RANDOM,200000,LastQuickSort,3,24.799126
RANDOM,200000,LastQuickSort,4,22.875392
RANDOM,200000,LastQuickSort,5,22.864228
RANDOM,200000,TwoPointerQuickSort,1,23.320066
RANDOM,200000,TwoPointerQuickSort,2,23.956248
RANDOM,200000,TwoPointerQuickSort,3,23.600086
RANDOM,200000,TwoPointerQuickSort,4,23.452130
RANDOM,200000,TwoPointerQuickSort,5,23.730843
RANDOM,210000,LastQuickSort,1,24.876876
RANDOM,210000,LastQuickSort,2,25.002301
RANDOM,210000,LastQuickSort,3,25.033281
RANDOM,210000,LastQuickSort,4,24.838755
RANDOM,210000,LastQuickSort,5,24.871746
RANDOM,210000,TwoPointerQuickSort,1,45.940281
RANDOM,210000,TwoPointerQuickSort,2,38.200286
RANDOM,210000,TwoPointerQuickSort,3,27.436691
RANDOM,210000,TwoPointerQuickSort,4,55.495181
RANDOM,210000,TwoPointerQuickSort,5,39.565789
RANDOM,220000,LastQuickSort,1,37.407196
RANDOM,220000,LastQuickSort,2,42.109109
RANDOM,220000,LastQuickSort,3,40.662536
RANDOM,220000,LastQuickSort,4,40.620191
RANDOM,220000,LastQuickSort,5,45.655533
RANDOM,220000,TwoPointerQuickSort,1,46.331143
RANDOM,220000,TwoPointerQuickSort,2,35.622970
RANDOM,220000,TwoPointerQuickSort,3,26.960032
RANDOM,220000,TwoPointerQuickSort,4,26.793367
RANDOM,220000,TwoPointerQuickSort,5,26.839065
RANDOM,230000,LastQuickSort,1,35.307520
RANDOM,230000,LastQuickSort,2,29.009155
RANDOM,230000,LastQuickSort,3,35.018099
RANDOM,230000,LastQuickSort,4,52.306334
RANDOM,230000,LastQuickSort,5,45.935841
RANDOM,230000,TwoPointerQuickSort,1,31.427038
RANDOM,230000,TwoPointerQuickSort,2,33.532260
RANDOM,230000,TwoPointerQuickSort,3,35.351079
RANDOM,230000,TwoPointerQuickSort,4,37.041937
RANDOM,230000,TwoPointerQuickSort,5,47.049666
RANDOM,240000,LastQuickSort,1,50.394462
RANDOM,240000,LastQuickSort,2,52.934470
RANDOM,240000,LastQuickSort,3,50.887797
RANDOM,240000,LastQuickSort,4,36.454643
RANDOM,240000,LastQuickSort,5,59.459483
RANDOM,240000,TwoPointerQuickSort,1,52.928233
RANDOM,240000,TwoPointerQuickSort,2,36.863475
RANDOM,240000,TwoPointerQuickSort,3,32.155169
RANDOM,240000,TwoPointerQuickSort,4,28.750618
RANDOM,240000,TwoPointerQuickSort,5,28.688247
RANDOM,250000,LastQuickSort,1,38.591857
RANDOM,250000,LastQuickSort,2,40.076789
RANDOM,250000,LastQuickSort,3,39.660715
RANDOM,250000,LastQuickSort,4,40.655287
RANDOM,250000,LastQuickSort,5,33.576747
RANDOM,250000,TwoPointerQuickSort,1,30.659585
RANDOM,250000,TwoPointerQuickSort,2,31.222210
RANDOM,250000,TwoPointerQuickSort,3,30.610586
RANDOM,250000,TwoPointerQuickSort,4,30.381391
RANDOM,250000,TwoPointerQuickSort,5,30.416907
RANDOM,260000,LastQuickSort,1,30.997643
RANDOM,260000,LastQuickSort,2,31.289621
RANDOM,260000,LastQuickSort,3,31.923983
RANDOM,260000,LastQuickSort,4,30.440048
RANDOM,260000,LastQuickSort,5,30.361268
RANDOM,260000,TwoPointerQuickSort,1,31.258230
RANDOM,260000,TwoPointerQuickSort,2,32.001958
RANDOM,260000,TwoPointerQuickSort,3,31.300487
RANDOM,260000,TwoPointerQuickSort,4,41.112934
RANDOM,260000,TwoPointerQuickSort,5,42.245832
RANDOM,270000,LastQuickSort,1,45.599452
RANDOM,270000,LastQuickSort,2,33.909171
RANDOM,270000,LastQuickSort,3,54.753692
RANDOM,270000,LastQuickSort,4,51.438003
RANDOM,270000,LastQuickSort,5,66.458864
RANDOM,270000,TwoPointerQuickSort,1,63.206762
RANDOM,270000,TwoPointerQuickSort,2,72.757919
RANDOM,270000,TwoPointerQuickSort,3,46.255090
RANDOM,270000,TwoPointerQuickSort,4,36.511508
RANDOM,270000,TwoPointerQuickSort,5,32.642474
RANDOM,280000,LastQuickSort,1,34.704181
RANDOM,280000,LastQuickSort,2,35.857043
RANDOM,280000,LastQuickSort,3,45.810976
RANDOM,280000,LastQuickSort,4,38.337853
RANDOM,280000,LastQuickSort,5,34.879872
RANDOM,280000,TwoPointerQuickSort,1,35.398292
RANDOM,280000,TwoPointerQuickSort,2,48.882959
RANDOM,280000,TwoPointerQuickSort,3,71.618491
RANDOM,280000,TwoPointerQuickSort,4,46.711671
RANDOM,280000,TwoPointerQuickSort,5,82.808604
RANDOM,290000,LastQuickSort,1,81.789976
RANDOM,290000,LastQuickSort,2,51.219977
RANDOM,290000,LastQuickSort,3,37.302421
RANDOM,290000,LastQuickSort,4,73.507928
RANDOM,290000,LastQuickSort,5,68.558885
RANDOM,290000,TwoPointerQuickSort,1,81.422392
RANDOM,290000,TwoPointerQuickSort,2,77.120556
RANDOM,290000,TwoPointerQuickSort,3,80.679460
RANDOM,290000,TwoPointerQuickSort,4,78.232295
RANDOM,290000,TwoPointerQuickSort,5,78.174933
RANDOM,300000,LastQuickSort,1,78.272247
RANDOM,300000,LastQuickSort,2,58.353268
RANDOM,300000,LastQuickSort,3,42.036754
RANDOM,300000,LastQuickSort,4,37.364226
RANDOM,300000,LastQuickSort,5,37.540037
RANDOM,300000,TwoPointerQuickSort,1,41.622235
RANDOM,300000,TwoPointerQuickSort,2,62.833180
RANDOM,300000,TwoPointerQuickSort,3,81.064091
RANDOM,300000,TwoPointerQuickSort,4,63.992607
RANDOM,300000,TwoPointerQuickSort,5,62.393903
RANDOM,310000,LastQuickSort,1,45.425269
RANDOM,310000,LastQuickSort,2,38.714660
RANDOM,310000,LastQuickSort,3,38.444754
RANDOM,310000,LastQuickSort,4,38.468229
RANDOM,310000,LastQuickSort,5,40.071809
RANDOM,310000,TwoPointerQuickSort,1,46.800264
RANDOM,310000,TwoPointerQuickSort,2,43.101541
RANDOM,310000,TwoPointerQuickSort,3,42.700871
RANDOM,310000,TwoPointerQuickSort,4,40.633210
RANDOM,310000,TwoPointerQuickSort,5,64.067411
RANDOM,320000,LastQuickSort,1,88.280204
RANDOM,320000,LastQuickSort,2,55.000659
RANDOM,320000,LastQuickSort,3,51.261778
RANDOM,320000,LastQuickSort,4,43.027667
RANDOM,320000,LastQuickSort,5,42.883040
RANDOM,320000,TwoPointerQuickSort,1,40.971983
RANDOM,320000,TwoPointerQuickSort,2,40.639148
RANDOM,320000,TwoPointerQuickSort,3,40.384012
RANDOM,320000,TwoPointerQuickSort,4,40.797464
RANDOM,320000,TwoPointerQuickSort,5,46.554085
RANDOM,330000,LastQuickSort,1,50.259550
RANDOM,330000,LastQuickSort,2,42.014268
RANDOM,330000,LastQuickSort,3,55.734969
RANDOM,330000,LastQuickSort,4,84.513133
RANDOM,330000,LastQuickSort,5,114.080496
RANDOM,330000,TwoPointerQuickSort,1,85.455834
RANDOM,330000,TwoPointerQuickSort,2,57.523708
RANDOM,330000,TwoPointerQuickSort,3,60.548804
RANDOM,330000,TwoPointerQuickSort,4,71.010962
RANDOM,330000,TwoPointerQuickSort,5,74.178337
RANDOM,340000,LastQuickSort,1,61.878019
RANDOM,340000,LastQuickSort,2,48.262170
RANDOM,340000,LastQuickSort,3,78.410593
RANDOM,340000,LastQuickSort,4,74.478895
RANDOM,340000,LastQuickSort,5,46.509840
RANDOM,340000,TwoPointerQuickSort,1,65.162215
RANDOM,340000,TwoPointerQuickSort,2,56.075860
RANDOM,340000,TwoPointerQuickSort,3,57.508530
RANDOM,340000,TwoPointerQuickSort,4,83.795414
RANDOM,340000,TwoPointerQuickSort,5,94.934358
RANDOM,350000,LastQuickSort,1,91.197494
RANDOM,350000,LastQuickSort,2,76.479573
RANDOM,350000,LastQuickSort,3,45.268130
RANDOM,350000,LastQuickSort,4,44.361561
RANDOM,350000,LastQuickSort,5,44.358744
RANDOM,350000,TwoPointerQuickSort,1,49.839008
RANDOM,350000,TwoPointerQuickSort,2,46.035930
RANDOM,350000,TwoPointerQuickSort,3,57.493768
RANDOM,350000,TwoPointerQuickSort,4,54.236805
RANDOM,350000,TwoPointerQuickSort,5,45.270243
RANDOM,360000,LastQuickSort,1,68.228485
RANDOM,360000,LastQuickSort,2,51.414357
RANDOM,360000,LastQuickSort,3,102.412892
RANDOM,360000,LastQuickSort,4,83.608821
RANDOM,360000,LastQuickSort,5,62.007903
RANDOM,360000,TwoPointerQuickSort,1,97.348091
RANDOM,360000,TwoPointerQuickSort,2,83.524992
RANDOM,360000,TwoPointerQuickSort,3,50.186044
RANDOM,360000,TwoPointerQuickSort,4,47.413132
RANDOM,360000,TwoPointerQuickSort,5,57.686512
RANDOM,370000,LastQuickSort,1,125.045007
RANDOM,370000,LastQuickSort,2,87.682448
RANDOM,370000,LastQuickSort,3,77.321716
RANDOM,370000,LastQuickSort,4,52.703844
RANDOM,370000,LastQuickSort,5,54.511058
RANDOM,370000,TwoPointerQuickSort,1,87.866116
RANDOM,370000,TwoPointerQuickSort,2,63.785563
RANDOM,370000,TwoPointerQuickSort,3,49.667572
RANDOM,370000,TwoPointerQuickSort,4,52.225689
RANDOM,370000,TwoPointerQuickSort,5,95.478279
RANDOM,380000,LastQuickSort,1,99.143216
RANDOM,380000,LastQuickSort,2,60.751283
RANDOM,380000,LastQuickSort,3,76.812816
RANDOM,380000,LastQuickSort,4,95.158660
RANDOM,380000,LastQuickSort,5,109.098468
RANDOM,380000,TwoPointerQuickSort,1,116.308841
RANDOM,380000,TwoPointerQuickSort,2,110.627451
RANDOM,380000,TwoPointerQuickSort,3,68.904362
RANDOM,380000,TwoPointerQuickSort,4,59.057637
RANDOM,380000,TwoPointerQuickSort,5,128.713386
RANDOM,390000,LastQuickSort,1,109.478581
RANDOM,390000,LastQuickSort,2,81.107820
RANDOM,390000,LastQuickSort,3,87.866096
RANDOM,390000,LastQuickSort,4,52.150788
RANDOM,390000,LastQuickSort,5,49.781232
RANDOM,390000,TwoPointerQuickSort,1,72.625280
RANDOM,390000,TwoPointerQuickSort,2,101.934075
RANDOM,390000,TwoPointerQuickSort,3,69.130649
RANDOM,390000,TwoPointerQuickSort,4,62.824654
RANDOM,390000,TwoPointerQuickSort,5,83.376272
RANDOM,400000,LastQuickSort,1,60.746827
RANDOM,400000,LastQuickSort,2,53.536174
RANDOM,400000,LastQuickSort,3,52.107382
RANDOM,400000,LastQuickSort,4,59.996480
RANDOM,400000,LastQuickSort,5,55.433404
RANDOM,400000,TwoPointerQuickSort,1,110.795888
RANDOM,400000,TwoPointerQuickSort,2,97.118543
RANDOM,400000,TwoPointerQuickSort,3,73.382390
RANDOM,400000,TwoPointerQuickSort,4,63.485067
RANDOM,400000,TwoPointerQuickSort,5,92.459991
RANDOM,410000,LastQuickSort,1,81.082306
RANDOM,410000,LastQuickSort,2,86.063825
RANDOM,410000,LastQuickSort,3,93.019549
RANDOM,410000,LastQuickSort,4,56.043349
RANDOM,410000,LastQuickSort,5,54.291440
RANDOM,410000,TwoPointerQuickSort,1,87.880992
RANDOM,410000,TwoPointerQuickSort,2,81.138409
RANDOM,410000,TwoPointerQuickSort,3,55.334309
RANDOM,410000,TwoPointerQuickSort,4,54.262373
RANDOM,410000,TwoPointerQuickSort,5,54.307304
RANDOM,420000,LastQuickSort,1,55.775735
RANDOM,420000,LastQuickSort,2,67.326115
RANDOM,420000,LastQuickSort,3,66.513911
RANDOM,420000,LastQuickSort,4,55.990930
RANDOM,420000,LastQuickSort,5,58.998045
RANDOM,420000,TwoPointerQuickSort,1,57.323780
RANDOM,420000,TwoPointerQuickSort,2,57.022861
RANDOM,420000,TwoPointerQuickSort,3,128.910976
RANDOM,420000,TwoPointerQuickSort,4,92.181848
RANDOM,420000,TwoPointerQuickSort,5,84.192205
RANDOM,430000,LastQuickSort,1,61.494646
RANDOM,430000,LastQuickSort,2,57.823595
RANDOM,430000,LastQuickSort,3,57.306470
RANDOM,430000,LastQuickSort,4,66.240751
RANDOM,430000,LastQuickSort,5,115.917608
RANDOM,430000,TwoPointerQuickSort,1,109.075538
RANDOM,430000,TwoPointerQuickSort,2,59.793588
RANDOM,430000,TwoPointerQuickSort,3,70.102784
RANDOM,430000,TwoPointerQuickSort,4,61.070592
RANDOM,430000,TwoPointerQuickSort,5,58.729304
RANDOM,440000,LastQuickSort,1,65.754057
RANDOM,440000,LastQuickSort,2,84.745091
RANDOM,440000,LastQuickSort,3,89.205108
RANDOM,440000,LastQuickSort,4,87.089402
RANDOM,440000,LastQuickSort,5,67.433800
RANDOM,440000,TwoPointerQuickSort,1,109.108402
RANDOM,440000,TwoPointerQuickSort,2,134.255359
RANDOM,440000,TwoPointerQuickSort,3,95.666625
RANDOM,440000,TwoPointerQuickSort,4,61.190265
RANDOM,440000,TwoPointerQuickSort,5,103.403227
RANDOM,450000,LastQuickSort,1,128.552364
RANDOM,450000,LastQuickSort,2,122.948561
RANDOM,450000,LastQuickSort,3,100.436443
RANDOM,450000,LastQuickSort,4,94.638447
RANDOM,450000,LastQuickSort,5,69.708046
RANDOM,450000,TwoPointerQuickSort,1,120.823859
RANDOM,450000,TwoPointerQuickSort,2,122.748453
RANDOM,450000,TwoPointerQuickSort,3,135.740577
RANDOM,450000,TwoPointerQuickSort,4,137.988004
RANDOM,450000,TwoPointerQuickSort,5,126.094136
RANDOM,460000,LastQuickSort,1,73.408875
RANDOM,460000,LastQuickSort,2,157.603595
RANDOM,460000,LastQuickSort,3,113.353560
RANDOM,460000,LastQuickSort,4,104.931265
RANDOM,460000,LastQuickSort,5,90.847411
RANDOM,460000,TwoPointerQuickSort,1,77.632600
RANDOM,460000,TwoPointerQuickSort,2,76.671989
RANDOM,460000,TwoPointerQuickSort,3,67.561896
RANDOM,460000,TwoPointerQuickSort,4,83.306984
RANDOM,460000,TwoPointerQuickSort,5,65.341713
RANDOM,470000,LastQuickSort,1,76.613667
RANDOM,470000,LastQuickSort,2,65.794063
RANDOM,470000,LastQuickSort,3,65.393060
RANDOM,470000,LastQuickSort,4,65.247575
RANDOM,470000,LastQuickSort,5,138.304425
RANDOM,470000,TwoPointerQuickSort,1,141.191117
RANDOM,470000,TwoPointerQuickSort,2,77.410639
RANDOM,470000,TwoPointerQuickSort,3,66.760577
RANDOM,470000,TwoPointerQuickSort,4,66.745938
RANDOM,470000,TwoPointerQuickSort,5,131.973995
RANDOM,480000,LastQuickSort,1,154.169760
RANDOM,480000,LastQuickSort,2,130.568203
RANDOM,480000,LastQuickSort,3,134.419756
RANDOM,480000,LastQuickSort,4,128.867437
RANDOM,480000,LastQuickSort,5,138.295242
RANDOM,480000,TwoPointerQuickSort,1,157.608649
RANDOM,480000,TwoPointerQuickSort,2,82.853117
RANDOM,480000,TwoPointerQuickSort,3,110.212856
RANDOM,480000,TwoPointerQuickSort,4,113.349021
RANDOM,480000,TwoPointerQuickSort,5,134.249815
RANDOM,490000,LastQuickSort,1,126.991659
RANDOM,490000,LastQuickSort,2,93.020198
RANDOM,490000,LastQuickSort,3,68.550630
RANDOM,490000,LastQuickSort,4,82.303787
RANDOM,490000,LastQuickSort,5,153.901844
RANDOM,490000,TwoPointerQuickSort,1,169.754374
RANDOM,490000,TwoPointerQuickSort,2,78.526750
RANDOM,490000,TwoPointerQuickSort,3,69.782024
RANDOM,490000,TwoPointerQuickSort,4,144.646178
RANDOM,490000,TwoPointerQuickSort,5,150.318714
RANDOM,500000,LastQuickSort,1,149.911548
RANDOM,500000,LastQuickSort,2,104.999389
RANDOM,500000,LastQuickSort,3,75.654572
RANDOM,500000,LastQuickSort,4,161.654193
RANDOM,500000,LastQuickSort,5,90.231885
RANDOM,500000,TwoPointerQuickSort,1,80.659288
RANDOM,500000,TwoPointerQuickSort,2,73.280152
RANDOM,500000,TwoPointerQuickSort,3,81.394770
RANDOM,500000,TwoPointerQuickSort,4,114.248782
RANDOM,500000,TwoPointerQuickSort,5,80.385020
RANDOM,510000,LastQuickSort,1,84.736632
RANDOM,510000,LastQuickSort,2,122.243559
RANDOM,510000,LastQuickSort,3,105.395006
RANDOM,510000,LastQuickSort,4,119.844126
RANDOM,510000,LastQuickSort,5,74.795778
RANDOM,510000,TwoPointerQuickSort,1,89.832502
RANDOM,510000,TwoPointerQuickSort,2,146.570755
RANDOM,510000,TwoPointerQuickSort,3,182.831664
RANDOM,510000,TwoPointerQuickSort,4,138.073116
RANDOM,510000,TwoPointerQuickSort,5,85.779449
RANDOM,520000,LastQuickSort,1,74.551698
RANDOM,520000,LastQuickSort,2,73.245801
RANDOM,520000,LastQuickSort,3,73.766818
RANDOM,520000,LastQuickSort,4,155.621166
RANDOM,520000,LastQuickSort,5,150.786771
RANDOM,520000,TwoPointerQuickSort,1,169.608089
RANDOM,520000,TwoPointerQuickSort,2,136.759864
RANDOM,520000,TwoPointerQuickSort,3,158.177113
RANDOM,520000,TwoPointerQuickSort,4,163.975574
RANDOM,520000,TwoPointerQuickSort,5,163.349170
RANDOM,530000,LastQuickSort,1,160.631636
RANDOM,530000,LastQuickSort,2,93.006056
RANDOM,530000,LastQuickSort,3,99.644247
RANDOM,530000,LastQuickSort,4,162.578358
RANDOM,530000,LastQuickSort,5,173.791077
RANDOM,530000,TwoPointerQuickSort,1,164.187795
RANDOM,530000,TwoPointerQuickSort,2,170.781566
RANDOM,530000,TwoPointerQuickSort,3,171.309502
RANDOM,530000,TwoPointerQuickSort,4,169.433911
RANDOM,530000,TwoPointerQuickSort,5,120.812437
RANDOM,540000,LastQuickSort,1,146.260801
RANDOM,540000,LastQuickSort,2,163.980281
RANDOM,540000,LastQuickSort,3,157.041250
RANDOM,540000,LastQuickSort,4,141.316851
RANDOM,540000,LastQuickSort,5,150.049953
RANDOM,540000,TwoPointerQuickSort,1,194.034504
RANDOM,540000,TwoPointerQuickSort,2,134.169958
RANDOM,540000,TwoPointerQuickSort,3,99.303868
RANDOM,540000,TwoPointerQuickSort,4,110.018739
RANDOM,540000,TwoPointerQuickSort,5,88.669595
RANDOM,550000,LastQuickSort,1,83.026903
RANDOM,550000,LastQuickSort,2,79.206158
RANDOM,550000,LastQuickSort,3,146.709878
RANDOM,550000,LastQuickSort,4,161.827934
RANDOM,550000,LastQuickSort,5,174.204040
RANDOM,550000,TwoPointerQuickSort,1,174.500961
RANDOM,550000,TwoPointerQuickSort,2,136.028415
RANDOM,550000,TwoPointerQuickSort,3,85.844497
RANDOM,550000,TwoPointerQuickSort,4,81.644422
RANDOM,550000,TwoPointerQuickSort,5,82.716585
RANDOM,560000,LastQuickSort,1,105.078549
RANDOM,560000,LastQuickSort,2,163.219779
RANDOM,560000,LastQuickSort,3,181.620172
RANDOM,560000,LastQuickSort,4,178.867561
RANDOM,560000,LastQuickSort,5,164.499401
RANDOM,560000,TwoPointerQuickSort,1,189.147901
RANDOM,560000,TwoPointerQuickSort,2,182.546843
RANDOM,560000,TwoPointerQuickSort,3,148.715412
RANDOM,560000,TwoPointerQuickSort,4,186.215402
RANDOM,560000,TwoPointerQuickSort,5,185.930740
RANDOM,570000,LastQuickSort,1,124.797431
RANDOM,570000,LastQuickSort,2,96.918290
RANDOM,570000,LastQuickSort,3,92.295461
RANDOM,570000,LastQuickSort,4,145.592065
RANDOM,570000,LastQuickSort,5,94.473162
RANDOM,570000,TwoPointerQuickSort,1,143.598064
RANDOM,570000,TwoPointerQuickSort,2,108.119013
RANDOM,570000,TwoPointerQuickSort,3,90.322316
RANDOM,570000,TwoPointerQuickSort,4,166.103948
RANDOM,570000,TwoPointerQuickSort,5,158.697189
RANDOM,580000,LastQuickSort,1,163.405974
RANDOM,580000,LastQuickSort,2,122.496163
RANDOM,580000,LastQuickSort,3,103.157554
RANDOM,580000,LastQuickSort,4,99.803284
RANDOM,580000,LastQuickSort,5,108.404625
RANDOM,580000,TwoPointerQuickSort,1,129.765393
RANDOM,580000,TwoPointerQuickSort,2,87.938806
RANDOM,580000,TwoPointerQuickSort,3,87.743562
RANDOM,580000,TwoPointerQuickSort,4,171.449051
RANDOM,580000,TwoPointerQuickSort,5,168.245556
RANDOM,590000,LastQuickSort,1,198.643700
RANDOM,590000,LastQuickSort,2,161.833609
RANDOM,590000,LastQuickSort,3,186.390471
RANDOM,590000,LastQuickSort,4,179.032578
RANDOM,590000,LastQuickSort,5,163.164023
RANDOM,590000,TwoPointerQuickSort,1,101.825595
RANDOM,590000,TwoPointerQuickSort,2,127.449039
RANDOM,590000,TwoPointerQuickSort,3,91.277488
RANDOM,590000,TwoPointerQuickSort,4,163.242725
RANDOM,590000,TwoPointerQuickSort,5,188.523525
RANDOM,600000,LastQuickSort,1,177.054072
RANDOM,600000,LastQuickSort,2,92.951182
RANDOM,600000,LastQuickSort,3,114.281786
RANDOM,600000,LastQuickSort,4,199.468334
RANDOM,600000,LastQuickSort,5,107.458594
RANDOM,600000,TwoPointerQuickSort,1,99.433587
RANDOM,600000,TwoPointerQuickSort,2,212.150934
RANDOM,600000,TwoPointerQuickSort,3,212.207907
RANDOM,600000,TwoPointerQuickSort,4,118.742187
RANDOM,600000,TwoPointerQuickSort,5,91.752170
RANDOM,610000,LastQuickSort,1,192.367771
RANDOM,610000,LastQuickSort,2,151.353373
RANDOM,610000,LastQuickSort,3,159.647873
RANDOM,610000,LastQuickSort,4,147.446347
RANDOM,610000,LastQuickSort,5,142.984650
RANDOM,610000,TwoPointerQuickSort,1,149.116216
RANDOM,610000,TwoPointerQuickSort,2,98.435897
RANDOM,610000,TwoPointerQuickSort,3,95.542263
RANDOM,610000,TwoPointerQuickSort,4,101.906183
RANDOM,610000,TwoPointerQuickSort,5,137.077681
RANDOM,620000,LastQuickSort,1,123.365866
RANDOM,620000,LastQuickSort,2,194.979313
RANDOM,620000,LastQuickSort,3,175.399876
RANDOM,620000,LastQuickSort,4,129.761440
RANDOM,620000,LastQuickSort,5,122.027535
RANDOM,620000,TwoPointerQuickSort,1,190.306778
RANDOM,620000,TwoPointerQuickSort,2,102.804934
RANDOM,620000,TwoPointerQuickSort,3,106.475353
RANDOM,620000,TwoPointerQuickSort,4,195.688012
RANDOM,620000,TwoPointerQuickSort,5,207.784694
RANDOM,630000,LastQuickSort,1,170.303798
RANDOM,630000,LastQuickSort,2,102.008869
RANDOM,630000,LastQuickSort,3,112.428636
RANDOM,630000,LastQuickSort,4,200.832594
RANDOM,630000,LastQuickSort,5,200.146850
RANDOM,630000,TwoPointerQuickSort,1,179.874643
RANDOM,630000,TwoPointerQuickSort,2,134.573303
RANDOM,630000,TwoPointerQuickSort,3,141.132197
RANDOM,630000,TwoPointerQuickSort,4,133.580196
RANDOM,630000,TwoPointerQuickSort,5,126.568773
RANDOM,640000,LastQuickSort,1,123.428144
RANDOM,640000,LastQuickSort,2,120.634283
RANDOM,640000,LastQuickSort,3,188.479605
RANDOM,640000,LastQuickSort,4,212.338345
RANDOM,640000,LastQuickSort,5,181.552410
RANDOM,640000,TwoPointerQuickSort,1,187.995846
RANDOM,640000,TwoPointerQuickSort,2,160.984677
RANDOM,640000,TwoPointerQuickSort,3,220.749637
RANDOM,640000,TwoPointerQuickSort,4,216.536636
RANDOM,640000,TwoPointerQuickSort,5,128.047714
RANDOM,650000,LastQuickSort,1,148.002832
RANDOM,650000,LastQuickSort,2,146.529021
RANDOM,650000,LastQuickSort,3,102.142000
RANDOM,650000,LastQuickSort,4,99.797470
RANDOM,650000,LastQuickSort,5,139.619982
RANDOM,650000,TwoPointerQuickSort,1,195.846112
RANDOM,650000,TwoPointerQuickSort,2,118.708065
RANDOM,650000,TwoPointerQuickSort,3,199.272477
RANDOM,650000,TwoPointerQuickSort,4,208.201559
RANDOM,650000,TwoPointerQuickSort,5,205.248368
RANDOM,660000,LastQuickSort,1,155.747975
RANDOM,660000,LastQuickSort,2,156.849218
RANDOM,660000,LastQuickSort,3,120.278786
RANDOM,660000,LastQuickSort,4,113.271371
RANDOM,660000,LastQuickSort,5,128.160982
RANDOM,660000,TwoPointerQuickSort,1,145.651754
RANDOM,660000,TwoPointerQuickSort,2,119.117438
RANDOM,660000,TwoPointerQuickSort,3,186.016133
RANDOM,660000,TwoPointerQuickSort,4,203.373934
RANDOM,660000,TwoPointerQuickSort,5,105.708090
RANDOM,670000,LastQuickSort,1,170.062274
RANDOM,670000,LastQuickSort,2,137.023750
RANDOM,670000,LastQuickSort,3,197.696790
RANDOM,670000,LastQuickSort,4,199.394979
RANDOM,670000,LastQuickSort,5,224.564499
RANDOM,670000,TwoPointerQuickSort,1,158.159636
RANDOM,670000,TwoPointerQuickSort,2,136.981668
RANDOM,670000,TwoPointerQuickSort,3,179.422905
RANDOM,670000,TwoPointerQuickSort,4,211.084089
RANDOM,670000,TwoPointerQuickSort,5,170.346500
RANDOM,680000,LastQuickSort,1,116.684356
RANDOM,680000,LastQuickSort,2,140.481277
RANDOM,680000,LastQuickSort,3,180.502547
RANDOM,680000,LastQuickSort,4,172.966928
RANDOM,680000,LastQuickSort,5,218.984410
RANDOM,680000,TwoPointerQuickSort,1,181.459597
RANDOM,680000,TwoPointerQuickSort,2,107.925695
RANDOM,680000,TwoPointerQuickSort,3,179.791266
RANDOM,680000,TwoPointerQuickSort,4,204.532704
RANDOM,680000,TwoPointerQuickSort,5,170.900721
RANDOM,690000,LastQuickSort,1,133.559180
RANDOM,690000,LastQuickSort,2,142.804675
RANDOM,690000,LastQuickSort,3,180.350186
RANDOM,690000,LastQuickSort,4,231.667046
RANDOM,690000,LastQuickSort,5,226.343383
RANDOM,690000,TwoPointerQuickSort,1,258.808776
RANDOM,690000,TwoPointerQuickSort,2,168.957014
RANDOM,690000,TwoPointerQuickSort,3,112.399503
RANDOM,690000,TwoPointerQuickSort,4,195.837360
RANDOM,690000,TwoPointerQuickSort,5,142.221029
RANDOM,700000,LastQuickSort,1,123.652608
RANDOM,700000,LastQuickSort,2,110.895070
RANDOM,700000,LastQuickSort,3,232.952880
RANDOM,700000,LastQuickSort,4,203.444199
RANDOM,700000,LastQuickSort,5,207.019719
RANDOM,700000,TwoPointerQuickSort,1,166.620107
RANDOM,700000,TwoPointerQuickSort,2,240.304784
RANDOM,700000,TwoPointerQuickSort,3,216.848179
RANDOM,700000,TwoPointerQuickSort,4,162.023049
RANDOM,700000,TwoPointerQuickSort,5,238.238371
RANDOM,710000,LastQuickSort,1,203.285644
RANDOM,710000,LastQuickSort,2,166.110242
RANDOM,710000,LastQuickSort,3,211.849002
RANDOM,710000,LastQuickSort,4,236.829748
RANDOM,710000,LastQuickSort,5,123.347650
RANDOM,710000,TwoPointerQuickSort,1,241.480254
RANDOM,710000,TwoPointerQuickSort,2,122.130772
RANDOM,710000,TwoPointerQuickSort,3,217.204415
RANDOM,710000,TwoPointerQuickSort,4,231.055401
RANDOM,710000,TwoPointerQuickSort,5,200.569351
RANDOM,720000,LastQuickSort,1,177.156482
RANDOM,720000,LastQuickSort,2,115.292644
RANDOM,720000,LastQuickSort,3,216.635388
RANDOM,720000,LastQuickSort,4,266.884442
RANDOM,720000,LastQuickSort,5,235.987577
RANDOM,720000,TwoPointerQuickSort,1,236.817757
RANDOM,720000,TwoPointerQuickSort,2,180.494897
RANDOM,720000,TwoPointerQuickSort,3,238.342865
RANDOM,720000,TwoPointerQuickSort,4,250.985047
RANDOM,720000,TwoPointerQuickSort,5,255.183499
RANDOM,730000,LastQuickSort,1,245.070656
RANDOM,730000,LastQuickSort,2,163.397529
RANDOM,730000,LastQuickSort,3,184.912463
RANDOM,730000,LastQuickSort,4,131.160095
RANDOM,730000,LastQuickSort,5,118.210478
RANDOM,730000,TwoPointerQuickSort,1,263.881535
RANDOM,730000,TwoPointerQuickSort,2,255.147992
RANDOM,730000,TwoPointerQuickSort,3,261.468771
RANDOM,730000,TwoPointerQuickSort,4,247.660049
RANDOM,730000,TwoPointerQuickSort,5,258.282230
RANDOM,740000,LastQuickSort,1,209.881967
RANDOM,740000,LastQuickSort,2,117.311612
RANDOM,740000,LastQuickSort,3,230.581978
RANDOM,740000,LastQuickSort,4,235.286024
RANDOM,740000,LastQuickSort,5,203.928179
RANDOM,740000,TwoPointerQuickSort,1,225.140536
RANDOM,740000,TwoPointerQuickSort,2,120.579299
RANDOM,740000,TwoPointerQuickSort,3,268.204564
RANDOM,740000,TwoPointerQuickSort,4,270.570985
RANDOM,740000,TwoPointerQuickSort,5,222.409862
RANDOM,750000,LastQuickSort,1,214.343547
RANDOM,750000,LastQuickSort,2,162.241448
RANDOM,750000,LastQuickSort,3,222.479500
RANDOM,750000,LastQuickSort,4,264.398753
RANDOM,750000,LastQuickSort,5,269.975898
RANDOM,750000,TwoPointerQuickSort,1,196.668560
RANDOM,750000,TwoPointerQuickSort,2,136.766513
RANDOM,750000,TwoPointerQuickSort,3,216.519726
RANDOM,750000,TwoPointerQuickSort,4,238.528320
RANDOM,750000,TwoPointerQuickSort,5,264.507659
RANDOM,760000,LastQuickSort,1,246.137145
RANDOM,760000,LastQuickSort,2,256.735105
RANDOM,760000,LastQuickSort,3,267.991682
RANDOM,760000,LastQuickSort,4,245.855960
RANDOM,760000,LastQuickSort,5,225.151920
RANDOM,760000,TwoPointerQuickSort,1,193.830031
RANDOM,760000,TwoPointerQuickSort,2,126.702255
RANDOM,760000,TwoPointerQuickSort,3,239.530773
RANDOM,760000,TwoPointerQuickSort,4,262.581474
RANDOM,760000,TwoPointerQuickSort,5,272.845544
RANDOM,770000,LastQuickSort,1,172.084232
RANDOM,770000,LastQuickSort,2,125.889908
RANDOM,770000,LastQuickSort,3,236.510009
RANDOM,770000,LastQuickSort,4,216.651364
RANDOM,770000,LastQuickSort,5,281.325738
RANDOM,770000,TwoPointerQuickSort,1,256.140899
RANDOM,770000,TwoPointerQuickSort,2,187.438358
RANDOM,770000,TwoPointerQuickSort,3,170.899055
RANDOM,770000,TwoPointerQuickSort,4,154.379071
RANDOM,770000,TwoPointerQuickSort,5,147.243276
RANDOM,780000,LastQuickSort,1,289.348374
RANDOM,780000,LastQuickSort,2,272.114694
RANDOM,780000,LastQuickSort,3,265.439058
RANDOM,780000,LastQuickSort,4,212.391221
RANDOM,780000,LastQuickSort,5,250.406449
RANDOM,780000,TwoPointerQuickSort,1,261.892255
RANDOM,780000,TwoPointerQuickSort,2,248.192682
RANDOM,780000,TwoPointerQuickSort,3,281.667583
RANDOM,780000,TwoPointerQuickSort,4,136.995869
RANDOM,780000,TwoPointerQuickSort,5,288.121135
RANDOM,790000,LastQuickSort,1,194.459595
RANDOM,790000,LastQuickSort,2,147.382375
RANDOM,790000,LastQuickSort,3,132.565659
RANDOM,790000,LastQuickSort,4,178.581505
RANDOM,790000,LastQuickSort,5,263.390625
RANDOM,790000,TwoPointerQuickSort,1,193.793575
RANDOM,790000,TwoPointerQuickSort,2,195.810639
RANDOM,790000,TwoPointerQuickSort,3,208.451780
RANDOM,790000,TwoPointerQuickSort,4,136.328189
RANDOM,790000,TwoPointerQuickSort,5,143.952681
RANDOM,800000,LastQuickSort,1,175.239763
RANDOM,800000,LastQuickSort,2,166.411630
RANDOM,800000,LastQuickSort,3,196.432979
RANDOM,800000,LastQuickSort,4,238.299626
RANDOM,800000,LastQuickSort,5,245.006850
RANDOM,800000,TwoPointerQuickSort,1,275.548744
RANDOM,800000,TwoPointerQuickSort,2,234.321284
RANDOM,800000,TwoPointerQuickSort,3,239.549932
RANDOM,800000,TwoPointerQuickSort,4,189.708437
RANDOM,800000,TwoPointerQuickSort,5,236.915298
RANDOM,810000,LastQuickSort,1,194.836364
RANDOM,810000,LastQuickSort,2,164.103527
RANDOM,810000,LastQuickSort,3,170.917988
RANDOM,810000,LastQuickSort,4,214.514397
RANDOM,810000,LastQuickSort,5,172.017601
RANDOM,810000,TwoPointerQuickSort,1,175.560826
RANDOM,810000,TwoPointerQuickSort,2,272.916292
RANDOM,810000,TwoPointerQuickSort,3,287.937432
RANDOM,810000,TwoPointerQuickSort,4,283.430051
RANDOM,810000,TwoPointerQuickSort,5,313.389776
RANDOM,820000,LastQuickSort,1,214.953869
RANDOM,820000,LastQuickSort,2,288.412380
RANDOM,820000,LastQuickSort,3,228.138643
RANDOM,820000,LastQuickSort,4,155.627826
RANDOM,820000,LastQuickSort,5,134.142643
RANDOM,820000,TwoPointerQuickSort,1,224.216121
RANDOM,820000,TwoPointerQuickSort,2,260.892613
RANDOM,820000,TwoPointerQuickSort,3,237.779230
RANDOM,820000,TwoPointerQuickSort,4,287.362126
RANDOM,820000,TwoPointerQuickSort,5,287.337696
RANDOM,830000,LastQuickSort,1,224.563763
RANDOM,830000,LastQuickSort,2,140.111130
RANDOM,830000,LastQuickSort,3,202.195823
RANDOM,830000,LastQuickSort,4,260.896541
RANDOM,830000,LastQuickSort,5,277.811080
RANDOM,830000,TwoPointerQuickSort,1,234.967744
RANDOM,830000,TwoPointerQuickSort,2,200.545113
RANDOM,830000,TwoPointerQuickSort,3,202.323941
RANDOM,830000,TwoPointerQuickSort,4,278.093345
RANDOM,830000,TwoPointerQuickSort,5,292.284027
RANDOM,840000,LastQuickSort,1,209.422454
RANDOM,840000,LastQuickSort,2,178.452747
RANDOM,840000,LastQuickSort,3,261.909723
RANDOM,840000,LastQuickSort,4,275.560896
RANDOM,840000,LastQuickSort,5,196.457713
RANDOM,840000,TwoPointerQuickSort,1,150.272384
RANDOM,840000,TwoPointerQuickSort,2,176.325967
RANDOM,840000,TwoPointerQuickSort,3,212.908891
RANDOM,840000,TwoPointerQuickSort,4,277.361635
RANDOM,840000,TwoPointerQuickSort,5,240.335904
RANDOM,850000,LastQuickSort,1,227.154277
RANDOM,850000,LastQuickSort,2,164.143389
RANDOM,850000,LastQuickSort,3,299.235907
RANDOM,850000,LastQuickSort,4,297.206356
RANDOM,850000,LastQuickSort,5,313.593396
RANDOM,850000,TwoPointerQuickSort,1,235.345031
RANDOM,850000,TwoPointerQuickSort,2,185.734517
RANDOM,850000,TwoPointerQuickSort,3,315.273618
RANDOM,850000,TwoPointerQuickSort,4,322.526564
RANDOM,850000,TwoPointerQuickSort,5,325.448992
RANDOM,860000,LastQuickSort,1,230.660430
RANDOM,860000,LastQuickSort,2,211.067949
RANDOM,860000,LastQuickSort,3,216.871691
RANDOM,860000,LastQuickSort,4,176.309640
RANDOM,860000,LastQuickSort,5,296.687967
RANDOM,860000,TwoPointerQuickSort,1,178.587825
RANDOM,860000,TwoPointerQuickSort,2,275.827413
RANDOM,860000,TwoPointerQuickSort,3,243.615738
RANDOM,860000,TwoPointerQuickSort,4,313.960299
RANDOM,860000,TwoPointerQuickSort,5,297.765749
RANDOM,870000,LastQuickSort,1,240.397604
RANDOM,870000,LastQuickSort,2,179.783303
RANDOM,870000,LastQuickSort,3,197.258148
RANDOM,870000,LastQuickSort,4,204.214763
RANDOM,870000,LastQuickSort,5,232.905355
RANDOM,870000,TwoPointerQuickSort,1,216.960134
RANDOM,870000,TwoPointerQuickSort,2,311.868677
RANDOM,870000,TwoPointerQuickSort,3,300.218016
RANDOM,870000,TwoPointerQuickSort,4,153.999632
RANDOM,870000,TwoPointerQuickSort,5,320.626545
RANDOM,880000,LastQuickSort,1,201.964572
RANDOM,880000,LastQuickSort,2,311.226260
RANDOM,880000,LastQuickSort,3,170.409780
RANDOM,880000,LastQuickSort,4,270.604737
RANDOM,880000,LastQuickSort,5,286.493388
RANDOM,880000,TwoPointerQuickSort,1,174.629195
RANDOM,880000,TwoPointerQuickSort,2,156.800720
RANDOM,880000,TwoPointerQuickSort,3,343.058006
RANDOM,880000,TwoPointerQuickSort,4,264.047514
RANDOM,880000,TwoPointerQuickSort,5,235.581430
RANDOM,890000,LastQuickSort,1,158.320474
RANDOM,890000,LastQuickSort,2,155.967729
RANDOM,890000,LastQuickSort,3,245.095749
RANDOM,890000,LastQuickSort,4,294.295734
RANDOM,890000,LastQuickSort,5,271.955586
RANDOM,890000,TwoPointerQuickSort,1,223.441019
RANDOM,890000,TwoPointerQuickSort,2,201.072306
RANDOM,890000,TwoPointerQuickSort,3,165.813969
RANDOM,890000,TwoPointerQuickSort,4,297.277701
RANDOM,890000,TwoPointerQuickSort,5,184.787503
RANDOM,900000,LastQuickSort,1,231.377612
RANDOM,900000,LastQuickSort,2,356.344402
RANDOM,900000,LastQuickSort,3,317.979417
RANDOM,900000,LastQuickSort,4,248.717750
RANDOM,900000,LastQuickSort,5,241.574843
RANDOM,900000,TwoPointerQuickSort,1,230.161678
RANDOM,900000,TwoPointerQuickSort,2,173.574794
RANDOM,900000,TwoPointerQuickSort,3,353.957372
RANDOM,900000,TwoPointerQuickSort,4,271.813615
RANDOM,900000,TwoPointerQuickSort,5,170.952861
RANDOM,910000,LastQuickSort,1,240.069903
RANDOM,910000,LastQuickSort,2,207.421725
RANDOM,910000,LastQuickSort,3,262.056663
RANDOM,910000,LastQuickSort,4,270.809344
RANDOM,910000,LastQuickSort,5,158.913376
RANDOM,910000,TwoPointerQuickSort,1,284.441974
RANDOM,910000,TwoPointerQuickSort,2,249.355775
RANDOM,910000,TwoPointerQuickSort,3,242.635153
RANDOM,910000,TwoPointerQuickSort,4,216.981657
RANDOM,910000,TwoPointerQuickSort,5,316.167928
RANDOM,920000,LastQuickSort,1,235.185121
RANDOM,920000,LastQuickSort,2,366.419302
RANDOM,920000,LastQuickSort,3,324.472078
RANDOM,920000,LastQuickSort,4,317.919569
RANDOM,920000,LastQuickSort,5,203.406730
RANDOM,920000,TwoPointerQuickSort,1,257.035070
RANDOM,920000,TwoPointerQuickSort,2,323.984258
RANDOM,920000,TwoPointerQuickSort,3,190.251073
RANDOM,920000,TwoPointerQuickSort,4,254.578554
RANDOM,920000,TwoPointerQuickSort,5,236.149606
RANDOM,930000,LastQuickSort,1,239.644079
RANDOM,930000,LastQuickSort,2,259.351480
RANDOM,930000,LastQuickSort,3,164.361584
RANDOM,930000,LastQuickSort,4,215.030858
RANDOM,930000,LastQuickSort,5,198.447361
RANDOM,930000,TwoPointerQuickSort,1,297.493205
RANDOM,930000,TwoPointerQuickSort,2,314.177749
RANDOM,930000,TwoPointerQuickSort,3,274.296607
RANDOM,930000,TwoPointerQuickSort,4,354.554052
RANDOM,930000,TwoPointerQuickSort,5,365.736549
RANDOM,940000,LastQuickSort,1,271.587151
RANDOM,940000,LastQuickSort,2,286.311907
RANDOM,940000,LastQuickSort,3,242.917727
RANDOM,940000,LastQuickSort,4,215.310187
RANDOM,940000,LastQuickSort,5,188.167067
RANDOM,940000,TwoPointerQuickSort,1,169.034164
RANDOM,940000,TwoPointerQuickSort,2,243.243905
RANDOM,940000,TwoPointerQuickSort,3,353.633913
RANDOM,940000,TwoPointerQuickSort,4,331.573812
RANDOM,940000,TwoPointerQuickSort,5,360.608977
RANDOM,950000,LastQuickSort,1,341.097483
RANDOM,950000,LastQuickSort,2,349.188898
RANDOM,950000,LastQuickSort,3,178.920609
RANDOM,950000,LastQuickSort,4,269.411732
RANDOM,950000,LastQuickSort,5,348.217242
RANDOM,950000,TwoPointerQuickSort,1,240.680483
RANDOM,950000,TwoPointerQuickSort,2,335.820855
RANDOM,950000,TwoPointerQuickSort,3,255.247115
RANDOM,950000,TwoPointerQuickSort,4,192.498369
RANDOM,950000,TwoPointerQuickSort,5,172.896483
RANDOM,960000,LastQuickSort,1,288.553835
RANDOM,960000,LastQuickSort,2,207.176262
RANDOM,960000,LastQuickSort,3,229.574809
RANDOM,960000,LastQuickSort,4,337.290415
RANDOM,960000,LastQuickSort,5,312.075304
RANDOM,960000,TwoPointerQuickSort,1,329.810330
RANDOM,960000,TwoPointerQuickSort,2,344.016605
RANDOM,960000,TwoPointerQuickSort,3,337.767193
RANDOM,960000,TwoPointerQuickSort,4,326.680976
RANDOM,960000,TwoPointerQuickSort,5,318.557584
RANDOM,970000,LastQuickSort,1,185.400329
RANDOM,970000,LastQuickSort,2,202.014244
RANDOM,970000,LastQuickSort,3,398.308413
RANDOM,970000,LastQuickSort,4,275.707957
RANDOM,970000,LastQuickSort,5,348.368996
RANDOM,970000,TwoPointerQuickSort,1,365.288953
RANDOM,970000,TwoPointerQuickSort,2,296.397751
RANDOM,970000,TwoPointerQuickSort,3,285.819558
RANDOM,970000,TwoPointerQuickSort,4,254.372126
RANDOM,970000,TwoPointerQuickSort,5,213.742045
RANDOM,980000,LastQuickSort,1,277.306933
RANDOM,980000,LastQuickSort,2,259.917644
RANDOM,980000,LastQuickSort,3,352.283090
RANDOM,980000,LastQuickSort,4,345.853222
RANDOM,980000,LastQuickSort,5,388.335364
RANDOM,980000,TwoPointerQuickSort,1,411.244005
RANDOM,980000,TwoPointerQuickSort,2,356.770228
RANDOM,980000,TwoPointerQuickSort,3,321.148519
RANDOM,980000,TwoPointerQuickSort,4,263.470440
RANDOM,980000,TwoPointerQuickSort,5,250.179425
RANDOM,990000,LastQuickSort,1,256.494388
RANDOM,990000,LastQuickSort,2,207.726668
RANDOM,990000,LastQuickSort,3,184.167160
RANDOM,990000,LastQuickSort,4,353.822374
RANDOM,990000,LastQuickSort,5,358.613142
RANDOM,990000,TwoPointerQuickSort,1,298.404358
RANDOM,990000,TwoPointerQuickSort,2,389.131162
RANDOM,990000,TwoPointerQuickSort,3,299.323499
RANDOM,990000,TwoPointerQuickSort,4,198.348824
RANDOM,990000,TwoPointerQuickSort,5,332.435898
RANDOM,1000000,LastQuickSort,1,257.982139
RANDOM,1000000,LastQuickSort,2,283.199371
RANDOM,1000000,LastQuickSort,3,321.123897
RANDOM,1000000,LastQuickSort,4,356.922896
RANDOM,1000000,LastQuickSort,5,391.036839
RANDOM,1000000,TwoPointerQuickSort,1,304.515303
RANDOM,1000000,TwoPointerQuickSort,2,248.404399
RANDOM,1000000,TwoPointerQuickSort,3,341.499479
RANDOM,1000000,TwoPointerQuickSort,4,398.518058
RANDOM,1000000,TwoPointerQuickSort,5,346.841583
RANDOM,10000,LastQuickSort,1,2.097193
RANDOM,10000,LastQuickSort,2,1.740107
RANDOM,10000,LastQuickSort,3,1.574479
RANDOM,10000,LastQuickSort,4,1.938600
RANDOM,10000,LastQuickSort,5,1.714379
RANDOM,10000,MiddleQuickSort,1,8.792496
RANDOM,10000,MiddleQuickSort,2,3.282927
RANDOM,10000,MiddleQuickSort,3,4.054689
RANDOM,10000,MiddleQuickSort,4,1.802619
RANDOM,10000,MiddleQuickSort,5,1.959504
RANDOM,10000,MedianOf3QuickSort,1,15.287395
RANDOM,10000,MedianOf3QuickSort,2,2.274883
RANDOM,10000,MedianOf3QuickSort,3,2.141114
RANDOM,10000,MedianOf3QuickSort,4,3.909965
RANDOM,10000,MedianOf3QuickSort,5,2.526241
RANDOM,20000,LastQuickSort,1,2.602120
RANDOM,20000,LastQuickSort,2,2.496392
RANDOM,20000,LastQuickSort,3,2.442924
RANDOM,20000,LastQuickSort,4,2.372974
RANDOM,20000,LastQuickSort,5,3.914386
RANDOM,20000,MiddleQuickSort,1,2.540311
RANDOM,20000,MiddleQuickSort,2,2.360511
RANDOM,20000,MiddleQuickSort,3,2.305838
RANDOM,20000,MiddleQuickSort,4,2.427346
RANDOM,20000,MiddleQuickSort,5,2.578904
RANDOM,20000,MedianOf3QuickSort,1,2.425637
RANDOM,20000,MedianOf3QuickSort,2,2.080208
RANDOM,20000,MedianOf3QuickSort,3,2.458401
RANDOM,20000,MedianOf3QuickSort,4,2.422321
RANDOM,20000,MedianOf3QuickSort,5,2.099907
RANDOM,30000,LastQuickSort,1,5.137809
RANDOM,30000,LastQuickSort,2,3.554687
RANDOM,30000,LastQuickSort,3,3.477501
RANDOM,30000,LastQuickSort,4,3.976598
RANDOM,30000,LastQuickSort,5,3.652979
RANDOM,30000,MiddleQuickSort,1,4.317504
RANDOM,30000,MiddleQuickSort,2,3.554586
RANDOM,30000,MiddleQuickSort,3,3.888960
RANDOM,30000,MiddleQuickSort,4,4.009764
RANDOM,30000,MiddleQuickSort,5,4.133885
RANDOM,30000,MedianOf3QuickSort,1,3.804437
RANDOM,30000,MedianOf3QuickSort,2,3.720115
RANDOM,30000,MedianOf3QuickSort,3,3.689059
RANDOM,30000,MedianOf3QuickSort,4,3.354786
RANDOM,30000,MedianOf3QuickSort,5,2.992172
RANDOM,40000,LastQuickSort,1,4.456600
RANDOM,40000,LastQuickSort,2,4.600218
RANDOM,40000,LastQuickSort,3,4.413383
RANDOM,40000,LastQuickSort,4,4.572278
RANDOM,40000,LastQuickSort,5,4.614188
RANDOM,40000,MiddleQuickSort,1,4.473183
RANDOM,40000,MiddleQuickSort,2,4.536499
RANDOM,40000,MiddleQuickSort,3,4.526751
RANDOM,40000,MiddleQuickSort,4,4.564339
RANDOM,40000,MiddleQuickSort,5,4.445343
RANDOM,40000,MedianOf3QuickSort,1,4.387052
RANDOM,40000,MedianOf3QuickSort,2,4.361524
RANDOM,40000,MedianOf3QuickSort,3,4.391474
RANDOM,40000,MedianOf3QuickSort,4,4.235795
RANDOM,40000,MedianOf3QuickSort,5,4.289564
RANDOM,50000,LastQuickSort,1,5.488161
RANDOM,50000,LastQuickSort,2,5.478112
RANDOM,50000,LastQuickSort,3,5.455699
RANDOM,50000,LastQuickSort,4,5.542433
RANDOM,50000,LastQuickSort,5,5.556604
RANDOM,50000,MiddleQuickSort,1,5.681128
RANDOM,50000,MiddleQuickSort,2,5.735599
RANDOM,50000,MiddleQuickSort,3,5.579519
RANDOM,50000,MiddleQuickSort,4,5.599820
RANDOM,50000,MiddleQuickSort,5,5.547559
RANDOM,50000,MedianOf3QuickSort,1,5.400322
RANDOM,50000,MedianOf3QuickSort,2,5.313086
RANDOM,50000,MedianOf3QuickSort,3,5.446553
RANDOM,50000,MedianOf3QuickSort,4,5.388463
RANDOM,50000,MedianOf3QuickSort,5,5.354895
RANDOM,60000,LastQuickSort,1,6.708769
RANDOM,60000,LastQuickSort,2,6.812790
RANDOM,60000,LastQuickSort,3,10.365064
RANDOM,60000,LastQuickSort,4,15.300360
RANDOM,60000,LastQuickSort,5,15.301163
RANDOM,60000,MiddleQuickSort,1,11.562456
RANDOM,60000,MiddleQuickSort,2,11.690497
RANDOM,60000,MiddleQuickSort,3,10.824262
RANDOM,60000,MiddleQuickSort,4,8.656214
RANDOM,60000,MiddleQuickSort,5,8.807873
RANDOM,60000,MedianOf3QuickSort,1,8.429579
RANDOM,60000,MedianOf3QuickSort,2,14.585583
RANDOM,60000,MedianOf3QuickSort,3,17.411121
RANDOM,60000,MedianOf3QuickSort,4,13.884097
RANDOM,60000,MedianOf3QuickSort,5,13.766877
RANDOM,70000,LastQuickSort,1,12.395991
RANDOM,70000,LastQuickSort,2,12.111499
RANDOM,70000,LastQuickSort,3,10.239785
RANDOM,70000,LastQuickSort,4,9.722474
RANDOM,70000,LastQuickSort,5,9.472262
RANDOM,70000,MiddleQuickSort,1,14.567475
RANDOM,70000,MiddleQuickSort,2,16.071662
RANDOM,70000,MiddleQuickSort,3,14.073385
RANDOM,70000,MiddleQuickSort,4,11.605446
RANDOM,70000,MiddleQuickSort,5,10.769262
RANDOM,70000,MedianOf3QuickSort,1,8.480160
RANDOM,70000,MedianOf3QuickSort,2,8.588127
RANDOM,70000,MedianOf3QuickSort,3,8.103485
RANDOM,70000,MedianOf3QuickSort,4,15.241107
RANDOM,70000,MedianOf3QuickSort,5,16.387416
RANDOM,80000,LastQuickSort,1,19.780305
RANDOM,80000,LastQuickSort,2,16.250298
RANDOM,80000,LastQuickSort,3,14.589289
RANDOM,80000,LastQuickSort,4,11.686672
RANDOM,80000,LastQuickSort,5,16.787716
RANDOM,80000,MiddleQuickSort,1,15.969224
RANDOM,80000,MiddleQuickSort,2,20.093849
RANDOM,80000,MiddleQuickSort,3,16.281360
RANDOM,80000,MiddleQuickSort,4,20.947424
RANDOM,80000,MiddleQuickSort,5,20.090833
RANDOM,80000,MedianOf3QuickSort,1,13.614278
RANDOM,80000,MedianOf3QuickSort,2,16.281763
RANDOM,80000,MedianOf3QuickSort,3,18.092154
RANDOM,80000,MedianOf3QuickSort,4,16.298651
RANDOM,80000,MedianOf3QuickSort,5,17.919952
RANDOM,90000,LastQuickSort,1,21.340284
RANDOM,90000,LastQuickSort,2,20.898669
RANDOM,90000,LastQuickSort,3,21.766720
RANDOM,90000,LastQuickSort,4,21.121235
RANDOM,90000,LastQuickSort,5,17.687131
RANDOM,90000,MiddleQuickSort,1,22.686342
RANDOM,90000,MiddleQuickSort,2,25.531458
RANDOM,90000,MiddleQuickSort,3,16.435570
RANDOM,90000,MiddleQuickSort,4,16.534991
RANDOM,90000,MiddleQuickSort,5,12.340499
RANDOM,90000,MedianOf3QuickSort,1,14.450160
RANDOM,90000,MedianOf3QuickSort,2,21.597634
RANDOM,90000,MedianOf3QuickSort,3,22.346962
RANDOM,90000,MedianOf3QuickSort,4,21.157224
RANDOM,90000,MedianOf3QuickSort,5,21.691023
RANDOM,100000,LastQuickSort,1,24.377809
RANDOM,100000,LastQuickSort,2,23.955093
RANDOM,100000,LastQuickSort,3,20.100082
RANDOM,100000,LastQuickSort,4,17.859032
RANDOM,100000,LastQuickSort,5,23.907142
RANDOM,100000,MiddleQuickSort,1,25.166746
RANDOM,100000,MiddleQuickSort,2,22.148823
RANDOM,100000,MiddleQuickSort,3,18.169057
RANDOM,100000,MiddleQuickSort,4,13.715609
RANDOM,100000,MiddleQuickSort,5,13.537475
RANDOM,100000,MedianOf3QuickSort,1,11.511051
RANDOM,100000,MedianOf3QuickSort,2,10.999305
RANDOM,100000,MedianOf3QuickSort,3,11.286735
RANDOM,100000,MedianOf3QuickSort,4,11.777913
RANDOM,100000,MedianOf3QuickSort,5,11.050145
RANDOM,110000,LastQuickSort,1,19.739317
RANDOM,110000,LastQuickSort,2,25.691368
RANDOM,110000,LastQuickSort,3,21.949468
RANDOM,110000,LastQuickSort,4,25.264843
RANDOM,110000,LastQuickSort,5,27.073906
RANDOM,110000,MiddleQuickSort,1,21.783161
RANDOM,110000,MiddleQuickSort,2,17.188712
RANDOM,110000,MiddleQuickSort,3,15.077602
RANDOM,110000,MiddleQuickSort,4,13.610404
RANDOM,110000,MiddleQuickSort,5,12.891785
RANDOM,110000,MedianOf3QuickSort,1,18.193188
RANDOM,110000,MedianOf3QuickSort,2,20.484983
RANDOM,110000,MedianOf3QuickSort,3,13.710851
RANDOM,110000,MedianOf3QuickSort,4,22.652601
RANDOM,110000,MedianOf3QuickSort,5,27.865320
RANDOM,120000,LastQuickSort,1,31.727879
RANDOM,120000,LastQuickSort,2,31.932393
RANDOM,120000,LastQuickSort,3,28.775382
RANDOM,120000,LastQuickSort,4,28.953051
RANDOM,120000,LastQuickSort,5,28.151481
RANDOM,120000,MiddleQuickSort,1,22.398818
RANDOM,120000,MiddleQuickSort,2,26.071239
RANDOM,120000,MiddleQuickSort,3,26.524309
RANDOM,120000,MiddleQuickSort,4,19.988677
RANDOM,120000,MiddleQuickSort,5,16.299564
RANDOM,120000,MedianOf3QuickSort,1,16.278148
RANDOM,120000,MedianOf3QuickSort,2,15.707336
RANDOM,120000,MedianOf3QuickSort,3,17.291170
RANDOM,120000,MedianOf3QuickSort,4,13.725933
RANDOM,120000,MedianOf3QuickSort,5,32.461981
RANDOM,130000,LastQuickSort,1,35.046974
RANDOM,130000,LastQuickSort,2,35.228665
RANDOM,130000,LastQuickSort,3,25.328490
RANDOM,130000,LastQuickSort,4,31.019316
RANDOM,130000,LastQuickSort,5,28.662668
RANDOM,130000,MiddleQuickSort,1,28.148565
RANDOM,130000,MiddleQuickSort,2,28.427787
RANDOM,130000,MiddleQuickSort,3,27.387616
RANDOM,130000,MiddleQuickSort,4,30.368174
RANDOM,130000,MiddleQuickSort,5,33.254786
RANDOM,130000,MedianOf3QuickSort,1,28.320884
RANDOM,130000,MedianOf3QuickSort,2,26.760492
RANDOM,130000,MedianOf3QuickSort,3,32.414350
RANDOM,130000,MedianOf3QuickSort,4,32.286228
RANDOM,130000,MedianOf3QuickSort,5,33.843100
RANDOM,140000,LastQuickSort,1,41.062983
RANDOM,140000,LastQuickSort,2,34.946820
RANDOM,140000,LastQuickSort,3,30.631101
RANDOM,140000,LastQuickSort,4,38.043771
RANDOM,140000,LastQuickSort,5,34.596446
RANDOM,140000,MiddleQuickSort,1,27.599318
RANDOM,140000,MiddleQuickSort,2,27.700789
RANDOM,140000,MiddleQuickSort,3,20.214405
RANDOM,140000,MiddleQuickSort,4,22.165901
RANDOM,140000,MiddleQuickSort,5,24.355338
RANDOM,140000,MedianOf3QuickSort,1,23.333380
RANDOM,140000,MedianOf3QuickSort,2,39.512446
RANDOM,140000,MedianOf3QuickSort,3,39.430082
RANDOM,140000,MedianOf3QuickSort,4,35.430043
RANDOM,140000,MedianOf3QuickSort,5,45.315043
RANDOM,150000,LastQuickSort,1,45.503505
RANDOM,150000,LastQuickSort,2,31.704751
RANDOM,150000,LastQuickSort,3,30.173925
RANDOM,150000,LastQuickSort,4,37.060228
RANDOM,150000,LastQuickSort,5,30.448271
RANDOM,150000,MiddleQuickSort,1,42.917333
RANDOM,150000,MiddleQuickSort,2,39.230357
RANDOM,150000,MiddleQuickSort,3,39.269445
RANDOM,150000,MiddleQuickSort,4,24.049562
RANDOM,150000,MiddleQuickSort,5,36.075350
RANDOM,150000,MedianOf3QuickSort,1,24.811277
RANDOM,150000,MedianOf3QuickSort,2,24.072395
RANDOM,150000,MedianOf3QuickSort,3,22.951198
RANDOM,150000,MedianOf3QuickSort,4,19.777004
RANDOM,150000,MedianOf3QuickSort,5,23.828382
RANDOM,160000,LastQuickSort,1,30.616517
RANDOM,160000,LastQuickSort,2,21.974639
RANDOM,160000,LastQuickSort,3,21.508941
RANDOM,160000,LastQuickSort,4,18.333138
RANDOM,160000,LastQuickSort,5,20.495266
RANDOM,160000,MiddleQuickSort,1,23.207684
RANDOM,160000,MiddleQuickSort,2,29.035958
RANDOM,160000,MiddleQuickSort,3,35.437956
RANDOM,160000,MiddleQuickSort,4,37.685782
RANDOM,160000,MiddleQuickSort,5,21.980473
RANDOM,160000,MedianOf3QuickSort,1,18.457257
RANDOM,160000,MedianOf3QuickSort,2,21.074221
RANDOM,160000,MedianOf3QuickSort,3,23.591709
RANDOM,160000,MedianOf3QuickSort,4,23.611726
RANDOM,160000,MedianOf3QuickSort,5,19.784749
RANDOM,170000,LastQuickSort,1,23.151962
RANDOM,170000,LastQuickSort,2,19.622107
RANDOM,170000,LastQuickSort,3,19.285154
RANDOM,170000,LastQuickSort,4,19.600180
RANDOM,170000,LastQuickSort,5,19.187488
RANDOM,170000,MiddleQuickSort,1,19.864612
RANDOM,170000,MiddleQuickSort,2,20.048175
RANDOM,170000,MiddleQuickSort,3,20.103194
RANDOM,170000,MiddleQuickSort,4,20.198748
RANDOM,170000,MiddleQuickSort,5,19.791388
RANDOM,170000,MedianOf3QuickSort,1,20.724093
RANDOM,170000,MedianOf3QuickSort,2,33.506766
RANDOM,170000,MedianOf3QuickSort,3,26.470692
RANDOM,170000,MedianOf3QuickSort,4,24.237955
RANDOM,170000,MedianOf3QuickSort,5,20.893373
RANDOM,180000,LastQuickSort,1,20.304159
RANDOM,180000,LastQuickSort,2,22.556511
RANDOM,180000,LastQuickSort,3,20.312205
RANDOM,180000,LastQuickSort,4,20.391968
RANDOM,180000,LastQuickSort,5,45.977666
RANDOM,180000,MiddleQuickSort,1,45.236668
RANDOM,180000,MiddleQuickSort,2,40.254903
RANDOM,180000,MiddleQuickSort,3,29.463659
RANDOM,180000,MiddleQuickSort,4,23.848435
RANDOM,180000,MiddleQuickSort,5,23.363256
RANDOM,180000,MedianOf3QuickSort,1,25.260314
RANDOM,180000,MedianOf3QuickSort,2,25.201867
RANDOM,180000,MedianOf3QuickSort,3,35.286013
RANDOM,180000,MedianOf3QuickSort,4,44.354936
RANDOM,180000,MedianOf3QuickSort,5,32.078679
RANDOM,190000,LastQuickSort,1,25.153178
RANDOM,190000,LastQuickSort,2,22.976259
RANDOM,190000,LastQuickSort,3,22.531921
RANDOM,190000,LastQuickSort,4,22.469954
RANDOM,190000,LastQuickSort,5,22.387062
RANDOM,190000,MiddleQuickSort,1,23.411341
RANDOM,190000,MiddleQuickSort,2,25.848605
RANDOM,190000,MiddleQuickSort,3,44.021054
RANDOM,190000,MiddleQuickSort,4,44.911539
RANDOM,190000,MiddleQuickSort,5,38.691626
RANDOM,190000,MedianOf3QuickSort,1,27.240667
RANDOM,190000,MedianOf3QuickSort,2,44.254137
RANDOM,190000,MedianOf3QuickSort,3,48.367650
RANDOM,190000,MedianOf3QuickSort,4,48.267153
RANDOM,190000,MedianOf3QuickSort,5,34.601753
RANDOM,200000,LastQuickSort,1,27.830064
RANDOM,200000,LastQuickSort,2,31.571067
RANDOM,200000,LastQuickSort,3,23.061363
RANDOM,200000,LastQuickSort,4,23.132083
RANDOM,200000,LastQuickSort,5,23.145843
RANDOM,200000,MiddleQuickSort,1,23.871191
RANDOM,200000,MiddleQuickSort,2,25.111807
RANDOM,200000,MiddleQuickSort,3,23.228096
RANDOM,200000,MiddleQuickSort,4,23.147307
RANDOM,200000,MiddleQuickSort,5,23.198014
RANDOM,200000,MedianOf3QuickSort,1,23.980353
RANDOM,200000,MedianOf3QuickSort,2,24.391846
RANDOM,200000,MedianOf3QuickSort,3,24.263467
RANDOM,200000,MedianOf3QuickSort,4,24.154105
RANDOM,200000,MedianOf3QuickSort,5,48.781879
RANDOM,210000,LastQuickSort,1,44.500949
RANDOM,210000,LastQuickSort,2,44.451449
RANDOM,210000,LastQuickSort,3,49.905184
RANDOM,210000,LastQuickSort,4,50.596873
RANDOM,210000,LastQuickSort,5,47.917142
RANDOM,210000,MiddleQuickSort,1,52.501007
RANDOM,210000,MiddleQuickSort,2,48.946275
RANDOM,210000,MiddleQuickSort,3,49.650541
RANDOM,210000,MiddleQuickSort,4,33.710389
RANDOM,210000,MiddleQuickSort,5,26.386729
RANDOM,210000,MedianOf3QuickSort,1,25.708823
RANDOM,210000,MedianOf3QuickSort,2,26.311071
RANDOM,210000,MedianOf3QuickSort,3,25.756209
RANDOM,210000,MedianOf3QuickSort,4,25.619280
RANDOM,210000,MedianOf3QuickSort,5,27.249656
RANDOM,220000,LastQuickSort,1,68.078161
RANDOM,220000,LastQuickSort,2,55.315031
RANDOM,220000,LastQuickSort,3,49.165266
RANDOM,220000,LastQuickSort,4,55.227637
RANDOM,220000,LastQuickSort,5,54.937247
RANDOM,220000,MiddleQuickSort,1,66.504651
RANDOM,220000,MiddleQuickSort,2,54.859568
RANDOM,220000,MiddleQuickSort,3,56.942609
RANDOM,220000,MiddleQuickSort,4,51.951944
RANDOM,220000,MiddleQuickSort,5,37.497745
RANDOM,220000,MedianOf3QuickSort,1,30.369204
RANDOM,220000,MedianOf3QuickSort,2,28.461342
RANDOM,220000,MedianOf3QuickSort,3,27.611504
RANDOM,220000,MedianOf3QuickSort,4,53.827908
RANDOM,220000,MedianOf3QuickSort,5,61.221786
RANDOM,230000,LastQuickSort,1,67.812915
RANDOM,230000,LastQuickSort,2,50.478864
RANDOM,230000,LastQuickSort,3,34.618597
RANDOM,230000,LastQuickSort,4,27.306122
RANDOM,230000,LastQuickSort,5,26.872649
RANDOM,230000,MiddleQuickSort,1,28.536204
RANDOM,230000,MiddleQuickSort,2,29.066272
RANDOM,230000,MiddleQuickSort,3,32.011527
RANDOM,230000,MiddleQuickSort,4,28.614487
RANDOM,230000,MiddleQuickSort,5,49.417223
RANDOM,230000,MedianOf3QuickSort,1,62.396976
RANDOM,230000,MedianOf3QuickSort,2,59.192623
RANDOM,230000,MedianOf3QuickSort,3,62.615846
RANDOM,230000,MedianOf3QuickSort,4,63.161560
RANDOM,230000,MedianOf3QuickSort,5,60.128480
RANDOM,240000,LastQuickSort,1,63.333838
RANDOM,240000,LastQuickSort,2,43.544648
RANDOM,240000,LastQuickSort,3,32.589185
RANDOM,240000,LastQuickSort,4,47.730028
RANDOM,240000,LastQuickSort,5,64.061147
RANDOM,240000,MiddleQuickSort,1,66.144056
RANDOM,240000,MiddleQuickSort,2,64.210673
RANDOM,240000,MiddleQuickSort,3,66.202719
RANDOM,240000,MiddleQuickSort,4,62.865838
RANDOM,240000,MiddleQuickSort,5,42.876445
RANDOM,240000,MedianOf3QuickSort,1,33.047325
RANDOM,240000,MedianOf3QuickSort,2,57.611070
RANDOM,240000,MedianOf3QuickSort,3,63.009327
RANDOM,240000,MedianOf3QuickSort,4,49.400833
RANDOM,240000,MedianOf3QuickSort,5,50.253587
RANDOM,250000,LastQuickSort,1,70.549544
RANDOM,250000,LastQuickSort,2,73.393000
RANDOM,250000,LastQuickSort,3,64.251292
RANDOM,250000,LastQuickSort,4,56.206974
RANDOM,250000,LastQuickSort,5,61.249742
RANDOM,250000,MiddleQuickSort,1,57.878371
RANDOM,250000,MiddleQuickSort,2,66.666660
RANDOM,250000,MiddleQuickSort,3,59.318816
RANDOM,250000,MiddleQuickSort,4,42.173646
RANDOM,250000,MiddleQuickSort,5,31.697356
RANDOM,250000,MedianOf3QuickSort,1,33.950808
RANDOM,250000,MedianOf3QuickSort,2,72.326503
RANDOM,250000,MedianOf3QuickSort,3,75.672114
RANDOM,250000,MedianOf3QuickSort,4,73.679929
RANDOM,250000,MedianOf3QuickSort,5,75.141871
RANDOM,260000,LastQuickSort,1,58.801987
RANDOM,260000,LastQuickSort,2,40.297956
RANDOM,260000,LastQuickSort,3,54.708587
RANDOM,260000,LastQuickSort,4,48.811331
RANDOM,260000,LastQuickSort,5,53.610111
RANDOM,260000,MiddleQuickSort,1,52.536692
RANDOM,260000,MiddleQuickSort,2,80.979751
RANDOM,260000,MiddleQuickSort,3,46.915992
RANDOM,260000,MiddleQuickSort,4,38.213920
RANDOM,260000,MiddleQuickSort,5,49.108820
RANDOM,260000,MedianOf3QuickSort,1,45.702484
RANDOM,260000,MedianOf3QuickSort,2,37.111015
RANDOM,260000,MedianOf3QuickSort,3,33.757414
RANDOM,260000,MedianOf3QuickSort,4,34.179998
RANDOM,260000,MedianOf3QuickSort,5,34.242092
RANDOM,270000,LastQuickSort,1,35.396323
RANDOM,270000,LastQuickSort,2,36.912755
RANDOM,270000,LastQuickSort,3,45.390201
RANDOM,270000,LastQuickSort,4,75.903477
RANDOM,270000,LastQuickSort,5,57.457553
RANDOM,270000,MiddleQuickSort,1,33.904777
RANDOM,270000,MiddleQuickSort,2,33.701171
RANDOM,270000,MiddleQuickSort,3,33.249172
RANDOM,270000,MiddleQuickSort,4,32.997054
RANDOM,270000,MiddleQuickSort,5,67.013749
RANDOM,270000,MedianOf3QuickSort,1,82.751798
RANDOM,270000,MedianOf3QuickSort,2,66.379179
RANDOM,270000,MedianOf3QuickSort,3,65.979213
RANDOM,270000,MedianOf3QuickSort,4,49.608707
RANDOM,270000,MedianOf3QuickSort,5,36.195973
RANDOM,280000,LastQuickSort,1,35.631050
RANDOM,280000,LastQuickSort,2,72.896684
RANDOM,280000,LastQuickSort,3,74.199843
RANDOM,280000,LastQuickSort,4,47.147319
RANDOM,280000,LastQuickSort,5,35.877832
RANDOM,280000,MiddleQuickSort,1,35.074883
RANDOM,280000,MiddleQuickSort,2,35.323980
RANDOM,280000,MiddleQuickSort,3,43.966113
RANDOM,280000,MiddleQuickSort,4,40.391032
RANDOM,280000,MiddleQuickSort,5,33.753518
RANDOM,280000,MedianOf3QuickSort,1,47.318785
RANDOM,280000,MedianOf3QuickSort,2,37.905415
RANDOM,280000,MedianOf3QuickSort,3,75.861844
RANDOM,280000,MedianOf3QuickSort,4,80.174422
RANDOM,280000,MedianOf3QuickSort,5,85.282069
RANDOM,290000,LastQuickSort,1,83.041182
RANDOM,290000,LastQuickSort,2,75.554978
RANDOM,290000,LastQuickSort,3,54.695911
RANDOM,290000,LastQuickSort,4,61.033080
RANDOM,290000,LastQuickSort,5,64.884867
RANDOM,290000,MiddleQuickSort,1,63.699017
RANDOM,290000,MiddleQuickSort,2,71.435785
RANDOM,290000,MiddleQuickSort,3,47.736981
RANDOM,290000,MiddleQuickSort,4,39.994240
RANDOM,290000,MiddleQuickSort,5,56.317830
RANDOM,290000,MedianOf3QuickSort,1,40.921522
RANDOM,290000,MedianOf3QuickSort,2,45.350095
RANDOM,290000,MedianOf3QuickSort,3,71.745540
RANDOM,290000,MedianOf3QuickSort,4,48.610527
RANDOM,290000,MedianOf3QuickSort,5,64.836833
RANDOM,300000,LastQuickSort,1,40.154096
RANDOM,300000,LastQuickSort,2,38.182468
RANDOM,300000,LastQuickSort,3,62.498688
RANDOM,300000,LastQuickSort,4,82.138814
RANDOM,300000,LastQuickSort,5,75.597706
RANDOM,300000,MiddleQuickSort,1,59.385648
RANDOM,300000,MiddleQuickSort,2,93.280059
RANDOM,300000,MiddleQuickSort,3,64.075597
RANDOM,300000,MiddleQuickSort,4,76.643510
RANDOM,300000,MiddleQuickSort,5,51.041039
RANDOM,300000,MedianOf3QuickSort,1,42.168664
RANDOM,300000,MedianOf3QuickSort,2,52.383702
RANDOM,300000,MedianOf3QuickSort,3,82.515723
RANDOM,300000,MedianOf3QuickSort,4,68.675247
RANDOM,300000,MedianOf3QuickSort,5,43.158106
RANDOM,310000,LastQuickSort,1,42.761873
RANDOM,310000,LastQuickSort,2,39.210951
RANDOM,310000,LastQuickSort,3,41.501910
RANDOM,310000,LastQuickSort,4,84.415475
RANDOM,310000,LastQuickSort,5,65.263992
RANDOM,310000,MiddleQuickSort,1,59.944410
RANDOM,310000,MiddleQuickSort,2,69.372204
RANDOM,310000,MiddleQuickSort,3,54.082027
RANDOM,310000,MiddleQuickSort,4,70.612061
RANDOM,310000,MiddleQuickSort,5,86.739355
RANDOM,310000,MedianOf3QuickSort,1,97.550517
RANDOM,310000,MedianOf3QuickSort,2,87.582557
RANDOM,310000,MedianOf3QuickSort,3,64.051157
RANDOM,310000,MedianOf3QuickSort,4,45.663728
RANDOM,310000,MedianOf3QuickSort,5,45.609371
RANDOM,320000,LastQuickSort,1,53.817097
RANDOM,320000,LastQuickSort,2,41.639028
RANDOM,320000,LastQuickSort,3,42.662029
RANDOM,320000,LastQuickSort,4,48.565211
RANDOM,320000,LastQuickSort,5,40.795604
RANDOM,320000,MiddleQuickSort,1,44.359355
RANDOM,320000,MiddleQuickSort,2,42.290424
RANDOM,320000,MiddleQuickSort,3,41.761579
RANDOM,320000,MiddleQuickSort,4,42.330649
RANDOM,320000,MiddleQuickSort,5,42.241305
RANDOM,320000,MedianOf3QuickSort,1,65.077815
RANDOM,320000,MedianOf3QuickSort,2,85.774926
RANDOM,320000,MedianOf3QuickSort,3,85.404013
RANDOM,320000,MedianOf3QuickSort,4,94.883893
RANDOM,320000,MedianOf3QuickSort,5,76.982614
RANDOM,330000,LastQuickSort,1,74.640863
RANDOM,330000,LastQuickSort,2,79.924215
RANDOM,330000,LastQuickSort,3,76.159308
RANDOM,330000,LastQuickSort,4,72.846724
RANDOM,330000,LastQuickSort,5,85.767645
RANDOM,330000,MiddleQuickSort,1,95.653333
RANDOM,330000,MiddleQuickSort,2,79.853481
RANDOM,330000,MiddleQuickSort,3,86.940898
RANDOM,330000,MiddleQuickSort,4,87.655930
RANDOM,330000,MiddleQuickSort,5,99.253062
RANDOM,330000,MedianOf3QuickSort,1,110.452516
RANDOM,330000,MedianOf3QuickSort,2,100.077981
RANDOM,330000,MedianOf3QuickSort,3,90.608133
RANDOM,330000,MedianOf3QuickSort,4,64.998082
RANDOM,330000,MedianOf3QuickSort,5,47.741436
RANDOM,340000,LastQuickSort,1,94.774910
RANDOM,340000,LastQuickSort,2,67.295387
RANDOM,340000,LastQuickSort,3,73.966835
RANDOM,340000,LastQuickSort,4,79.727819
RANDOM,340000,LastQuickSort,5,61.099322
RANDOM,340000,MiddleQuickSort,1,107.718659
RANDOM,340000,MiddleQuickSort,2,77.310898
RANDOM,340000,MiddleQuickSort,3,52.100888
RANDOM,340000,MiddleQuickSort,4,71.613242
RANDOM,340000,MiddleQuickSort,5,77.958111
RANDOM,340000,MedianOf3QuickSort,1,101.336704
RANDOM,340000,MedianOf3QuickSort,2,106.722669
RANDOM,340000,MedianOf3QuickSort,3,105.696809
RANDOM,340000,MedianOf3QuickSort,4,95.223210
RANDOM,340000,MedianOf3QuickSort,5,85.840706
RANDOM,350000,LastQuickSort,1,109.562778
RANDOM,350000,LastQuickSort,2,70.876136
RANDOM,350000,LastQuickSort,3,53.979177
RANDOM,350000,LastQuickSort,4,56.979092
RANDOM,350000,LastQuickSort,5,54.864325
RANDOM,350000,MiddleQuickSort,1,98.087033
RANDOM,350000,MiddleQuickSort,2,98.131770
RANDOM,350000,MiddleQuickSort,3,68.827475
RANDOM,350000,MiddleQuickSort,4,48.087322
RANDOM,350000,MiddleQuickSort,5,59.929376
RANDOM,350000,MedianOf3QuickSort,1,66.375639
RANDOM,350000,MedianOf3QuickSort,2,101.117855
RANDOM,350000,MedianOf3QuickSort,3,108.163806
RANDOM,350000,MedianOf3QuickSort,4,81.918304
RANDOM,350000,MedianOf3QuickSort,5,87.504927
RANDOM,360000,LastQuickSort,1,103.513914
RANDOM,360000,LastQuickSort,2,106.349994
RANDOM,360000,LastQuickSort,3,96.823698
RANDOM,360000,LastQuickSort,4,112.143765
RANDOM,360000,LastQuickSort,5,93.606830
RANDOM,360000,MiddleQuickSort,1,91.377044
RANDOM,360000,MiddleQuickSort,2,86.496588
RANDOM,360000,MiddleQuickSort,3,80.398961
RANDOM,360000,MiddleQuickSort,4,51.697086
RANDOM,360000,MiddleQuickSort,5,51.686414
RANDOM,360000,MedianOf3QuickSort,1,84.020755
RANDOM,360000,MedianOf3QuickSort,2,52.003573
RANDOM,360000,MedianOf3QuickSort,3,57.734473
RANDOM,360000,MedianOf3QuickSort,4,51.236707
RANDOM,360000,MedianOf3QuickSort,5,51.595304
RANDOM,370000,LastQuickSort,1,51.269676
RANDOM,370000,LastQuickSort,2,48.213524
RANDOM,370000,LastQuickSort,3,47.777059
RANDOM,370000,LastQuickSort,4,48.068036
RANDOM,370000,LastQuickSort,5,48.278929
RANDOM,370000,MiddleQuickSort,1,52.498088
RANDOM,370000,MiddleQuickSort,2,64.267257
RANDOM,370000,MiddleQuickSort,3,87.633248
RANDOM,370000,MiddleQuickSort,4,91.426726
RANDOM,370000,MiddleQuickSort,5,56.035539
RANDOM,370000,MedianOf3QuickSort,1,95.121948
RANDOM,370000,MedianOf3QuickSort,2,126.644167
RANDOM,370000,MedianOf3QuickSort,3,85.317818
RANDOM,370000,MedianOf3QuickSort,4,55.022813
RANDOM,370000,MedianOf3QuickSort,5,75.809882
RANDOM,380000,LastQuickSort,1,120.300490
RANDOM,380000,LastQuickSort,2,89.590604
RANDOM,380000,LastQuickSort,3,57.994481
RANDOM,380000,LastQuickSort,4,49.364825
RANDOM,380000,LastQuickSort,5,102.547182
RANDOM,380000,MiddleQuickSort,1,110.057698
RANDOM,380000,MiddleQuickSort,2,104.915809
RANDOM,380000,MiddleQuickSort,3,81.557603
RANDOM,380000,MiddleQuickSort,4,61.395883
RANDOM,380000,MiddleQuickSort,5,109.811999
RANDOM,380000,MedianOf3QuickSort,1,88.766686
RANDOM,380000,MedianOf3QuickSort,2,92.351032
RANDOM,380000,MedianOf3QuickSort,3,69.158496
RANDOM,380000,MedianOf3QuickSort,4,59.295548
RANDOM,380000,MedianOf3QuickSort,5,70.535788
RANDOM,390000,LastQuickSort,1,64.219919
RANDOM,390000,LastQuickSort,2,76.004832
RANDOM,390000,LastQuickSort,3,97.164847
RANDOM,390000,LastQuickSort,4,98.277306
RANDOM,390000,LastQuickSort,5,88.648675
RANDOM,390000,MiddleQuickSort,1,85.829161
RANDOM,390000,MiddleQuickSort,2,71.649446
RANDOM,390000,MiddleQuickSort,3,54.107546
RANDOM,390000,MiddleQuickSort,4,56.779548
RANDOM,390000,MiddleQuickSort,5,51.654984
RANDOM,390000,MedianOf3QuickSort,1,59.830201
RANDOM,390000,MedianOf3QuickSort,2,37.368530
RANDOM,390000,MedianOf3QuickSort,3,35.063737
RANDOM,390000,MedianOf3QuickSort,4,36.066940
RANDOM,390000,MedianOf3QuickSort,5,35.927559
RANDOM,400000,LastQuickSort,1,30.242076
RANDOM,400000,LastQuickSort,2,30.119516
RANDOM,400000,LastQuickSort,3,30.212738
RANDOM,400000,LastQuickSort,4,30.210935
RANDOM,400000,LastQuickSort,5,30.163084
RANDOM,400000,MiddleQuickSort,1,31.184715
RANDOM,400000,MiddleQuickSort,2,31.430799
RANDOM,400000,MiddleQuickSort,3,31.211457
RANDOM,400000,MiddleQuickSort,4,31.409565
RANDOM,400000,MiddleQuickSort,5,31.049004
RANDOM,400000,MedianOf3QuickSort,1,33.900048
RANDOM,400000,MedianOf3QuickSort,2,35.057052
RANDOM,400000,MedianOf3QuickSort,3,34.218244
RANDOM,400000,MedianOf3QuickSort,4,34.299972
RANDOM,400000,MedianOf3QuickSort,5,34.846924
RANDOM,410000,LastQuickSort,1,31.437610
RANDOM,410000,LastQuickSort,2,31.315619
RANDOM,410000,LastQuickSort,3,31.139344
RANDOM,410000,LastQuickSort,4,31.124221
RANDOM,410000,LastQuickSort,5,31.087664
RANDOM,410000,MiddleQuickSort,1,31.568113
RANDOM,410000,MiddleQuickSort,2,31.628787
RANDOM,410000,MiddleQuickSort,3,31.605267
RANDOM,410000,MiddleQuickSort,4,31.604065
RANDOM,410000,MiddleQuickSort,5,31.654779
RANDOM,410000,MedianOf3QuickSort,1,35.347004
RANDOM,410000,MedianOf3QuickSort,2,35.579028
RANDOM,410000,MedianOf3QuickSort,3,35.733576
RANDOM,410000,MedianOf3QuickSort,4,36.187800
RANDOM,410000,MedianOf3QuickSort,5,36.493389
RANDOM,420000,LastQuickSort,1,34.411896
RANDOM,420000,LastQuickSort,2,34.075237
RANDOM,420000,LastQuickSort,3,33.147946
RANDOM,420000,LastQuickSort,4,32.898283
RANDOM,420000,LastQuickSort,5,33.046316
RANDOM,420000,MiddleQuickSort,1,34.728610
RANDOM,420000,MiddleQuickSort,2,37.902366
RANDOM,420000,MiddleQuickSort,3,38.377137
RANDOM,420000,MiddleQuickSort,4,45.007588
RANDOM,420000,MiddleQuickSort,5,47.411509
RANDOM,420000,MedianOf3QuickSort,1,52.379210
RANDOM,420000,MedianOf3QuickSort,2,43.501091
RANDOM,420000,MedianOf3QuickSort,3,43.120233
RANDOM,420000,MedianOf3QuickSort,4,40.463342
RANDOM,420000,MedianOf3QuickSort,5,37.701013
RANDOM,430000,LastQuickSort,1,33.891622
RANDOM,430000,LastQuickSort,2,36.346659
RANDOM,430000,LastQuickSort,3,60.019379
RANDOM,430000,LastQuickSort,4,47.650729
RANDOM,430000,LastQuickSort,5,47.103462
RANDOM,430000,MiddleQuickSort,1,53.632454
RANDOM,430000,MiddleQuickSort,2,59.312116
RANDOM,430000,MiddleQuickSort,3,63.782515
RANDOM,430000,MiddleQuickSort,4,63.547743
RANDOM,430000,MiddleQuickSort,5,86.418324
RANDOM,430000,MedianOf3QuickSort,1,79.544543
RANDOM,430000,MedianOf3QuickSort,2,66.560770
RANDOM,430000,MedianOf3QuickSort,3,77.797441
RANDOM,430000,MedianOf3QuickSort,4,66.358390
RANDOM,430000,MedianOf3QuickSort,5,71.238562
RANDOM,440000,LastQuickSort,1,61.185178
RANDOM,440000,LastQuickSort,2,98.930661
RANDOM,440000,LastQuickSort,3,108.562230
RANDOM,440000,LastQuickSort,4,126.106787
RANDOM,440000,LastQuickSort,5,72.641692
RANDOM,440000,MiddleQuickSort,1,80.254736
RANDOM,440000,MiddleQuickSort,2,96.376764
RANDOM,440000,MiddleQuickSort,3,75.263593
RANDOM,440000,MiddleQuickSort,4,61.106835
RANDOM,440000,MiddleQuickSort,5,83.850542
RANDOM,440000,MedianOf3QuickSort,1,133.318769
RANDOM,440000,MedianOf3QuickSort,2,109.963085
RANDOM,440000,MedianOf3QuickSort,3,110.816950
RANDOM,440000,MedianOf3QuickSort,4,71.229394
RANDOM,440000,MedianOf3QuickSort,5,87.306942
RANDOM,450000,LastQuickSort,1,112.422972
RANDOM,450000,LastQuickSort,2,68.757655
RANDOM,450000,LastQuickSort,3,84.602405
RANDOM,450000,LastQuickSort,4,68.846197
RANDOM,450000,LastQuickSort,5,81.940130
RANDOM,450000,MiddleQuickSort,1,93.441216
RANDOM,450000,MiddleQuickSort,2,64.734228
RANDOM,450000,MiddleQuickSort,3,66.750308
RANDOM,450000,MiddleQuickSort,4,62.592161
RANDOM,450000,MiddleQuickSort,5,62.847337
RANDOM,450000,MedianOf3QuickSort,1,75.591033
RANDOM,450000,MedianOf3QuickSort,2,71.902198
RANDOM,450000,MedianOf3QuickSort,3,82.777486
RANDOM,450000,MedianOf3QuickSort,4,86.150775
RANDOM,450000,MedianOf3QuickSort,5,81.720378
RANDOM,460000,LastQuickSort,1,74.954618
RANDOM,460000,LastQuickSort,2,95.537012
RANDOM,460000,LastQuickSort,3,73.486355
RANDOM,460000,LastQuickSort,4,78.760753
RANDOM,460000,LastQuickSort,5,124.892026
RANDOM,460000,MiddleQuickSort,1,87.414566
RANDOM,460000,MiddleQuickSort,2,78.125192
RANDOM,460000,MiddleQuickSort,3,108.229390
RANDOM,460000,MiddleQuickSort,4,74.864723
RANDOM,460000,MiddleQuickSort,5,76.233950
RANDOM,460000,MedianOf3QuickSort,1,90.751732
RANDOM,460000,MedianOf3QuickSort,2,82.879055
RANDOM,460000,MedianOf3QuickSort,3,81.007507
RANDOM,460000,MedianOf3QuickSort,4,82.816667
RANDOM,460000,MedianOf3QuickSort,5,84.596490
RANDOM,470000,LastQuickSort,1,69.184577
RANDOM,470000,LastQuickSort,2,71.221087
RANDOM,470000,LastQuickSort,3,69.324925
RANDOM,470000,LastQuickSort,4,76.340358
RANDOM,470000,LastQuickSort,5,74.834625
RANDOM,470000,MiddleQuickSort,1,70.597229
RANDOM,470000,MiddleQuickSort,2,82.830253
RANDOM,470000,MiddleQuickSort,3,74.991699
RANDOM,470000,MiddleQuickSort,4,75.184852
RANDOM,470000,MiddleQuickSort,5,91.268061
RANDOM,470000,MedianOf3QuickSort,1,88.135815
RANDOM,470000,MedianOf3QuickSort,2,90.938335
RANDOM,470000,MedianOf3QuickSort,3,86.959616
RANDOM,470000,MedianOf3QuickSort,4,126.309357
RANDOM,470000,MedianOf3QuickSort,5,84.151568
RANDOM,480000,LastQuickSort,1,78.641492
RANDOM,480000,LastQuickSort,2,76.900094
RANDOM,480000,LastQuickSort,3,67.599506
RANDOM,480000,LastQuickSort,4,77.292436
RANDOM,480000,LastQuickSort,5,70.437471
RANDOM,480000,MiddleQuickSort,1,67.639212
RANDOM,480000,MiddleQuickSort,2,68.621515
RANDOM,480000,MiddleQuickSort,3,78.264522
RANDOM,480000,MiddleQuickSort,4,87.405664
RANDOM,480000,MiddleQuickSort,5,77.489826
RANDOM,480000,MedianOf3QuickSort,1,89.299431
RANDOM,480000,MedianOf3QuickSort,2,89.609529
RANDOM,480000,MedianOf3QuickSort,3,91.337916
RANDOM,480000,MedianOf3QuickSort,4,96.786834
RANDOM,480000,MedianOf3QuickSort,5,102.014134
RANDOM,490000,LastQuickSort,1,82.097087
RANDOM,490000,LastQuickSort,2,71.858654
RANDOM,490000,LastQuickSort,3,79.160646
RANDOM,490000,LastQuickSort,4,74.646092
RANDOM,490000,LastQuickSort,5,85.632058
RANDOM,490000,MiddleQuickSort,1,84.342300
RANDOM,490000,MiddleQuickSort,2,86.743453
RANDOM,490000,MiddleQuickSort,3,81.300188
RANDOM,490000,MiddleQuickSort,4,101.083614
RANDOM,490000,MiddleQuickSort,5,85.352384
RANDOM,490000,MedianOf3QuickSort,1,114.925059
RANDOM,490000,MedianOf3QuickSort,2,91.046079
RANDOM,490000,MedianOf3QuickSort,3,85.602180
RANDOM,490000,MedianOf3QuickSort,4,85.231603
RANDOM,490000,MedianOf3QuickSort,5,104.708321
RANDOM,500000,LastQuickSort,1,88.590823
RANDOM,500000,LastQuickSort,2,77.588283
RANDOM,500000,LastQuickSort,3,108.183189
RANDOM,500000,LastQuickSort,4,73.088171
RANDOM,500000,LastQuickSort,5,94.999680
RANDOM,500000,MiddleQuickSort,1,103.045328
RANDOM,500000,MiddleQuickSort,2,86.271808
RANDOM,500000,MiddleQuickSort,3,96.509524
RANDOM,500000,MiddleQuickSort,4,95.342172
RANDOM,500000,MiddleQuickSort,5,88.829502
RANDOM,500000,MedianOf3QuickSort,1,90.760470
RANDOM,500000,MedianOf3QuickSort,2,88.093746
RANDOM,500000,MedianOf3QuickSort,3,85.632912
RANDOM,500000,MedianOf3QuickSort,4,82.148961
RANDOM,500000,MedianOf3QuickSort,5,116.476012
RANDOM,510000,LastQuickSort,1,85.494153
RANDOM,510000,LastQuickSort,2,78.338270
RANDOM,510000,LastQuickSort,3,81.305102
RANDOM,510000,LastQuickSort,4,85.375794
RANDOM,510000,LastQuickSort,5,80.399922
RANDOM,510000,MiddleQuickSort,1,80.018355
RANDOM,510000,MiddleQuickSort,2,128.618690
RANDOM,510000,MiddleQuickSort,3,50.166946
RANDOM,510000,MiddleQuickSort,4,41.946692
RANDOM,510000,MiddleQuickSort,5,41.314032
RANDOM,510000,MedianOf3QuickSort,1,52.053558
RANDOM,510000,MedianOf3QuickSort,2,49.809521
RANDOM,510000,MedianOf3QuickSort,3,51.677222
RANDOM,510000,MedianOf3QuickSort,4,51.269397
RANDOM,510000,MedianOf3QuickSort,5,50.665609
RANDOM,520000,LastQuickSort,1,42.858958
RANDOM,520000,LastQuickSort,2,42.927691
RANDOM,520000,LastQuickSort,3,43.273192
RANDOM,520000,LastQuickSort,4,78.730145
RANDOM,520000,LastQuickSort,5,86.973985
RANDOM,520000,MiddleQuickSort,1,88.368969
RANDOM,520000,MiddleQuickSort,2,77.554293
RANDOM,520000,MiddleQuickSort,3,109.802932
RANDOM,520000,MiddleQuickSort,4,76.129427
RANDOM,520000,MiddleQuickSort,5,184.214612
RANDOM,520000,MedianOf3QuickSort,1,111.508808
RANDOM,520000,MedianOf3QuickSort,2,55.179105
RANDOM,520000,MedianOf3QuickSort,3,55.483404
RANDOM,520000,MedianOf3QuickSort,4,52.729720
RANDOM,520000,MedianOf3QuickSort,5,52.044973
RANDOM,530000,LastQuickSort,1,48.832242
RANDOM,530000,LastQuickSort,2,44.403970
RANDOM,530000,LastQuickSort,3,45.043840
RANDOM,530000,LastQuickSort,4,44.622727
RANDOM,530000,LastQuickSort,5,44.622124
RANDOM,530000,MiddleQuickSort,1,45.123735
RANDOM,530000,MiddleQuickSort,2,45.050582
RANDOM,530000,MiddleQuickSort,3,45.888680
RANDOM,530000,MiddleQuickSort,4,47.683615
RANDOM,530000,MiddleQuickSort,5,48.960135
RANDOM,530000,MedianOf3QuickSort,1,53.714127
RANDOM,530000,MedianOf3QuickSort,2,54.220469
RANDOM,530000,MedianOf3QuickSort,3,52.779127
RANDOM,530000,MedianOf3QuickSort,4,53.090459
RANDOM,530000,MedianOf3QuickSort,5,52.506234
RANDOM,540000,LastQuickSort,1,45.864329
RANDOM,540000,LastQuickSort,2,45.824784
RANDOM,540000,LastQuickSort,3,44.799841
RANDOM,540000,LastQuickSort,4,44.462061
RANDOM,540000,LastQuickSort,5,45.377940
RANDOM,540000,MiddleQuickSort,1,49.325550
RANDOM,540000,MiddleQuickSort,2,57.174276
RANDOM,540000,MiddleQuickSort,3,52.327392
RANDOM,540000,MiddleQuickSort,4,48.826098
RANDOM,540000,MiddleQuickSort,5,50.672046
RANDOM,540000,MedianOf3QuickSort,1,60.231568
RANDOM,540000,MedianOf3QuickSort,2,54.418990
RANDOM,540000,MedianOf3QuickSort,3,54.350860
RANDOM,540000,MedianOf3QuickSort,4,55.613225
RANDOM,540000,MedianOf3QuickSort,5,56.200532
RANDOM,550000,LastQuickSort,1,50.095810
RANDOM,550000,LastQuickSort,2,49.713799
RANDOM,550000,LastQuickSort,3,48.674039
RANDOM,550000,LastQuickSort,4,50.963586
RANDOM,550000,LastQuickSort,5,50.516565
RANDOM,550000,MiddleQuickSort,1,48.517149
RANDOM,550000,MiddleQuickSort,2,48.239987
RANDOM,550000,MiddleQuickSort,3,48.967045
RANDOM,550000,MiddleQuickSort,4,47.910479
RANDOM,550000,MiddleQuickSort,5,48.486972
RANDOM,550000,MedianOf3QuickSort,1,57.373473
RANDOM,550000,MedianOf3QuickSort,2,58.737910
RANDOM,550000,MedianOf3QuickSort,3,62.957730
RANDOM,550000,MedianOf3QuickSort,4,58.573255
RANDOM,550000,MedianOf3QuickSort,5,58.776456
RANDOM,560000,LastQuickSort,1,47.975528
RANDOM,560000,LastQuickSort,2,47.877039
RANDOM,560000,LastQuickSort,3,48.436417
RANDOM,560000,LastQuickSort,4,47.808512
RANDOM,560000,LastQuickSort,5,48.792431
RANDOM,560000,MiddleQuickSort,1,49.704403
RANDOM,560000,MiddleQuickSort,2,48.154665
RANDOM,560000,MiddleQuickSort,3,47.756791
RANDOM,560000,MiddleQuickSort,4,48.015398
RANDOM,560000,MiddleQuickSort,5,49.497314
RANDOM,560000,MedianOf3QuickSort,1,60.780144
RANDOM,560000,MedianOf3QuickSort,2,57.640048
RANDOM,560000,MedianOf3QuickSort,3,57.643268
RANDOM,560000,MedianOf3QuickSort,4,57.295578
RANDOM,560000,MedianOf3QuickSort,5,58.618713
RANDOM,570000,LastQuickSort,1,53.077402
RANDOM,570000,LastQuickSort,2,50.445922
RANDOM,570000,LastQuickSort,3,49.548770
RANDOM,570000,LastQuickSort,4,53.060797
RANDOM,570000,LastQuickSort,5,56.266796
RANDOM,570000,MiddleQuickSort,1,61.037352
RANDOM,570000,MiddleQuickSort,2,54.537702
RANDOM,570000,MiddleQuickSort,3,49.664298
RANDOM,570000,MiddleQuickSort,4,53.232680
RANDOM,570000,MiddleQuickSort,5,49.137378
RANDOM,570000,MedianOf3QuickSort,1,63.663598
RANDOM,570000,MedianOf3QuickSort,2,69.244056
RANDOM,570000,MedianOf3QuickSort,3,69.818786
RANDOM,570000,MedianOf3QuickSort,4,60.004621
RANDOM,570000,MedianOf3QuickSort,5,58.508187
RANDOM,580000,LastQuickSort,1,56.872263
RANDOM,580000,LastQuickSort,2,52.011492
RANDOM,580000,LastQuickSort,3,52.807867
RANDOM,580000,LastQuickSort,4,53.018811
RANDOM,580000,LastQuickSort,5,50.875455
RANDOM,580000,MiddleQuickSort,1,51.468231
RANDOM,580000,MiddleQuickSort,2,53.295172
RANDOM,580000,MiddleQuickSort,3,53.484679
RANDOM,580000,MiddleQuickSort,4,51.630566
RANDOM,580000,MiddleQuickSort,5,51.450720
RANDOM,580000,MedianOf3QuickSort,1,72.049465
RANDOM,580000,MedianOf3QuickSort,2,69.714086
RANDOM,580000,MedianOf3QuickSort,3,68.721562
RANDOM,580000,MedianOf3QuickSort,4,60.157495
RANDOM,580000,MedianOf3QuickSort,5,64.004755
RANDOM,590000,LastQuickSort,1,51.533662
RANDOM,590000,LastQuickSort,2,51.916625
RANDOM,590000,LastQuickSort,3,51.176765
RANDOM,590000,LastQuickSort,4,55.845805
RANDOM,590000,LastQuickSort,5,53.289256
RANDOM,590000,MiddleQuickSort,1,53.720632
RANDOM,590000,MiddleQuickSort,2,52.645917
RANDOM,590000,MiddleQuickSort,3,52.508936
RANDOM,590000,MiddleQuickSort,4,53.871100
RANDOM,590000,MiddleQuickSort,5,57.426274
RANDOM,590000,MedianOf3QuickSort,1,68.056668
RANDOM,590000,MedianOf3QuickSort,2,64.544471
RANDOM,590000,MedianOf3QuickSort,3,65.467510
RANDOM,590000,MedianOf3QuickSort,4,66.435337
RANDOM,590000,MedianOf3QuickSort,5,66.666725
RANDOM,600000,LastQuickSort,1,54.277112
RANDOM,600000,LastQuickSort,2,54.321917
RANDOM,600000,LastQuickSort,3,53.626854
RANDOM,600000,LastQuickSort,4,51.983692
RANDOM,600000,LastQuickSort,5,54.485223
RANDOM,600000,MiddleQuickSort,1,54.074659
RANDOM,600000,MiddleQuickSort,2,68.348374
RANDOM,600000,MiddleQuickSort,3,62.012161
RANDOM,600000,MiddleQuickSort,4,53.266013
RANDOM,600000,MiddleQuickSort,5,52.535473
RANDOM,600000,MedianOf3QuickSort,1,68.290397
RANDOM,600000,MedianOf3QuickSort,2,93.954114
RANDOM,600000,MedianOf3QuickSort,3,114.553874
RANDOM,600000,MedianOf3QuickSort,4,114.254734
RANDOM,600000,MedianOf3QuickSort,5,107.111082
RANDOM,610000,LastQuickSort,1,91.158447
RANDOM,610000,LastQuickSort,2,94.000179
RANDOM,610000,LastQuickSort,3,120.876525
RANDOM,610000,LastQuickSort,4,175.470309
RANDOM,610000,LastQuickSort,5,111.790984
RANDOM,610000,MiddleQuickSort,1,112.367565
RANDOM,610000,MiddleQuickSort,2,89.123909
RANDOM,610000,MiddleQuickSort,3,89.334989
RANDOM,610000,MiddleQuickSort,4,150.170947
RANDOM,610000,MiddleQuickSort,5,111.045060
RANDOM,610000,MedianOf3QuickSort,1,168.294311
RANDOM,610000,MedianOf3QuickSort,2,163.394007
RANDOM,610000,MedianOf3QuickSort,3,121.213279
RANDOM,610000,MedianOf3QuickSort,4,140.568476
RANDOM,610000,MedianOf3QuickSort,5,248.734049
RANDOM,620000,LastQuickSort,1,158.071700
RANDOM,620000,LastQuickSort,2,137.034230
RANDOM,620000,LastQuickSort,3,148.188823
RANDOM,620000,LastQuickSort,4,112.978934
RANDOM,620000,LastQuickSort,5,183.916938
RANDOM,620000,MiddleQuickSort,1,65.426866
RANDOM,620000,MiddleQuickSort,2,60.156613
RANDOM,620000,MiddleQuickSort,3,56.180551
RANDOM,620000,MiddleQuickSort,4,54.521041
RANDOM,620000,MiddleQuickSort,5,56.425693
RANDOM,620000,MedianOf3QuickSort,1,66.649721
RANDOM,620000,MedianOf3QuickSort,2,69.898246
RANDOM,620000,MedianOf3QuickSort,3,69.898247
RANDOM,620000,MedianOf3QuickSort,4,71.321564
RANDOM,620000,MedianOf3QuickSort,5,66.941457
RANDOM,630000,LastQuickSort,1,58.883567
RANDOM