DataType,ArraySize,Algorithm,TrialNumber,TimeMS
RANDOM,100,InsertionSort,1,0.064479
RANDOM,100,InsertionSort,2,0.068999
RANDOM,100,InsertionSort,3,0.053531
RANDOM,100,InsertionSort,4,0.060762
RANDOM,100,InsertionSort,5,0.051020
RANDOM,100,LastQuickSort,1,0.139604
RANDOM,100,LastQuickSort,2,0.149547
RANDOM,100,LastQuickSort,3,0.041278
RANDOM,100,LastQuickSort,4,0.165918
RANDOM,100,LastQuickSort,5,0.034550
RANDOM,200,InsertionSort,1,0.212217
RANDOM,200,InsertionSort,2,0.234213
RANDOM,200,InsertionSort,3,0.224169
RANDOM,200,InsertionSort,4,0.215331
RANDOM,200,InsertionSort,5,0.303914
RANDOM,200,LastQuickSort,1,0.039772
RANDOM,200,LastQuickSort,2,0.011349
RANDOM,200,LastQuickSort,3,0.011751
RANDOM,200,LastQuickSort,4,0.009642
RANDOM,200,LastQuickSort,5,0.010344
RANDOM,300,InsertionSort,1,0.175659
RANDOM,300,InsertionSort,2,0.148341
RANDOM,300,InsertionSort,3,0.063274
RANDOM,300,InsertionSort,4,0.062973
RANDOM,300,InsertionSort,5,0.064780
RANDOM,300,LastQuickSort,1,0.034349
RANDOM,300,LastQuickSort,2,0.021192
RANDOM,300,LastQuickSort,3,0.162604
RANDOM,300,LastQuickSort,4,0.037763
RANDOM,300,LastQuickSort,5,0.020890
RANDOM,400,InsertionSort,1,0.287342
RANDOM,400,InsertionSort,2,0.164310
RANDOM,400,InsertionSort,3,0.135787
RANDOM,400,InsertionSort,4,0.135285
RANDOM,400,InsertionSort,5,0.124037
RANDOM,400,LastQuickSort,1,0.052728
RANDOM,400,LastQuickSort,2,0.019686
RANDOM,400,LastQuickSort,3,0.054938
RANDOM,400,LastQuickSort,4,0.018681
RANDOM,400,LastQuickSort,5,0.021091
RANDOM,500,InsertionSort,1,0.410375
RANDOM,500,InsertionSort,2,0.076531
RANDOM,500,InsertionSort,3,0.076129
RANDOM,500,InsertionSort,4,0.076932
RANDOM,500,InsertionSort,5,0.094107
RANDOM,500,LastQuickSort,1,0.022899
RANDOM,500,LastQuickSort,2,0.023502
RANDOM,500,LastQuickSort,3,0.017576
RANDOM,500,LastQuickSort,4,0.015065
RANDOM,500,LastQuickSort,5,0.010947
RANDOM,600,InsertionSort,1,0.126245
RANDOM,600,InsertionSort,2,0.106159
RANDOM,600,InsertionSort,3,0.109875
RANDOM,600,InsertionSort,4,0.114395
RANDOM,600,InsertionSort,5,0.097120
RANDOM,600,LastQuickSort,1,0.031737
RANDOM,600,LastQuickSort,2,0.025410
RANDOM,600,LastQuickSort,3,0.041981
RANDOM,600,LastQuickSort,4,0.024204
RANDOM,600,LastQuickSort,5,0.030131
RANDOM,700,InsertionSort,1,0.170738
RANDOM,700,InsertionSort,2,0.145730
RANDOM,700,InsertionSort,3,0.154468
RANDOM,700,InsertionSort,4,0.124438
RANDOM,700,InsertionSort,5,0.116906
RANDOM,700,LastQuickSort,1,0.049514
RANDOM,700,LastQuickSort,2,0.037161
RANDOM,700,LastQuickSort,3,0.024807
RANDOM,700,LastQuickSort,4,0.021192
RANDOM,700,LastQuickSort,5,0.018882
RANDOM,800,InsertionSort,1,0.182389
RANDOM,800,InsertionSort,2,0.214227
RANDOM,800,InsertionSort,3,0.183593
RANDOM,800,InsertionSort,4,0.173551
RANDOM,800,InsertionSort,5,0.152560
RANDOM,800,LastQuickSort,1,0.062270
RANDOM,800,LastQuickSort,2,0.040776
RANDOM,800,LastQuickSort,3,0.035051
RANDOM,800,LastQuickSort,4,0.040274
RANDOM,800,LastQuickSort,5,0.040174
RANDOM,900,InsertionSort,1,0.226178
RANDOM,900,InsertionSort,2,0.191629
RANDOM,900,InsertionSort,3,0.181886
RANDOM,900,InsertionSort,4,0.209004
RANDOM,900,InsertionSort,5,0.211112
RANDOM,900,LastQuickSort,1,0.058955
RANDOM,900,LastQuickSort,2,0.037562
RANDOM,900,LastQuickSort,3,0.035352
RANDOM,900,LastQuickSort,4,0.030733
RANDOM,900,LastQuickSort,5,0.031235
RANDOM,1000,InsertionSort,1,0.274386
RANDOM,1000,InsertionSort,2,0.217741
RANDOM,1000,InsertionSort,3,0.214929
RANDOM,1000,InsertionSort,4,0.214829
RANDOM,1000,InsertionSort,5,0.217942
RANDOM,1000,LastQuickSort,1,0.056042
RANDOM,1000,LastQuickSort,2,0.120321
RANDOM,1000,LastQuickSort,3,0.049313
RANDOM,1000,LastQuickSort,4,0.039872
RANDOM,1000,LastQuickSort,5,0.039069
RANDOM,1100,InsertionSort,1,0.273684
RANDOM,1100,InsertionSort,2,0.260828
RANDOM,1100,InsertionSort,3,0.280714
RANDOM,1100,InsertionSort,4,0.266653
RANDOM,1100,InsertionSort,5,0.258920
RANDOM,1100,LastQuickSort,1,0.083963
RANDOM,1100,LastQuickSort,2,0.052728
RANDOM,1100,LastQuickSort,3,0.161197
RANDOM,1100,LastQuickSort,4,1.065809
RANDOM,1100,LastQuickSort,5,0.045496
RANDOM,1200,InsertionSort,1,0.165917
RANDOM,1200,InsertionSort,2,0.152158
RANDOM,1200,InsertionSort,3,0.127452
RANDOM,1200,InsertionSort,4,0.126045
RANDOM,1200,InsertionSort,5,0.157079
RANDOM,1200,LastQuickSort,1,0.058654
RANDOM,1200,LastQuickSort,2,0.051221
RANDOM,1200,LastQuickSort,3,0.044392
RANDOM,1200,LastQuickSort,4,0.042584
RANDOM,1200,LastQuickSort,5,0.041982
RANDOM,1300,InsertionSort,1,0.160193
RANDOM,1300,InsertionSort,2,0.170437
RANDOM,1300,InsertionSort,3,0.174253
RANDOM,1300,InsertionSort,4,0.191729
RANDOM,1300,InsertionSort,5,0.145931
RANDOM,1300,LastQuickSort,1,0.065684
RANDOM,1300,LastQuickSort,2,0.102442
RANDOM,1300,LastQuickSort,3,0.054837
RANDOM,1300,LastQuickSort,4,0.053029
RANDOM,1300,LastQuickSort,5,0.051222
RANDOM,1400,InsertionSort,1,0.231903
RANDOM,1400,InsertionSort,2,0.271474
RANDOM,1400,InsertionSort,3,0.271072
RANDOM,1400,InsertionSort,4,0.326713
RANDOM,1400,InsertionSort,5,0.312049
RANDOM,1400,LastQuickSort,1,0.078339
RANDOM,1400,LastQuickSort,2,0.072714
RANDOM,1400,LastQuickSort,3,0.070002
RANDOM,1400,LastQuickSort,4,0.071711
RANDOM,1400,LastQuickSort,5,0.071810
RANDOM,1500,InsertionSort,1,0.204484
RANDOM,1500,InsertionSort,2,0.196550
RANDOM,1500,InsertionSort,3,0.195746
RANDOM,1500,InsertionSort,4,0.196047
RANDOM,1500,InsertionSort,5,0.252894
RANDOM,1500,LastQuickSort,1,0.111382
RANDOM,1500,LastQuickSort,2,0.077334
RANDOM,1500,LastQuickSort,3,0.063977
RANDOM,1500,LastQuickSort,4,0.060863
RANDOM,1500,LastQuickSort,5,0.063173
RANDOM,1600,InsertionSort,1,0.222763
RANDOM,1600,InsertionSort,2,0.220755
RANDOM,1600,InsertionSort,3,0.219851
RANDOM,1600,InsertionSort,4,0.219449
RANDOM,1600,InsertionSort,5,0.219851
RANDOM,1600,LastQuickSort,1,0.076330
RANDOM,1600,LastQuickSort,2,0.071108
RANDOM,1600,LastQuickSort,3,0.067592
RANDOM,1600,LastQuickSort,4,0.064881
RANDOM,1600,LastQuickSort,5,0.063675
RANDOM,1700,InsertionSort,1,0.291762
RANDOM,1700,InsertionSort,2,0.268461
RANDOM,1700,InsertionSort,3,0.266150
RANDOM,1700,InsertionSort,4,0.265046
RANDOM,1700,InsertionSort,5,0.247370
RANDOM,1700,LastQuickSort,1,0.083360
RANDOM,1700,LastQuickSort,2,0.077234
RANDOM,1700,LastQuickSort,3,0.104552
RANDOM,1700,LastQuickSort,4,0.085168
RANDOM,1700,LastQuickSort,5,0.085972
RANDOM,1800,InsertionSort,1,0.338463
RANDOM,1800,InsertionSort,2,0.447234
RANDOM,1800,InsertionSort,3,0.425741
RANDOM,1800,InsertionSort,4,0.379541
RANDOM,1800,InsertionSort,5,0.330831
RANDOM,1800,LastQuickSort,1,0.097722
RANDOM,1800,LastQuickSort,2,0.087780
RANDOM,1800,LastQuickSort,3,0.132573
RANDOM,1800,LastQuickSort,4,0.084767
RANDOM,1800,LastQuickSort,5,0.081251
RANDOM,1900,InsertionSort,1,0.403947
RANDOM,1900,InsertionSort,2,0.364577
RANDOM,1900,InsertionSort,3,0.300801
RANDOM,1900,InsertionSort,4,0.300801
RANDOM,1900,InsertionSort,5,0.323097
RANDOM,1900,LastQuickSort,1,0.093103
RANDOM,1900,LastQuickSort,2,0.086374
RANDOM,1900,LastQuickSort,3,0.083661
RANDOM,1900,LastQuickSort,4,0.088282
RANDOM,1900,LastQuickSort,5,0.087579
RANDOM,2000,InsertionSort,1,0.341276
RANDOM,2000,InsertionSort,2,0.355838
RANDOM,2000,InsertionSort,3,0.372008
RANDOM,2000,InsertionSort,4,0.337660
RANDOM,2000,InsertionSort,5,0.349612
RANDOM,2000,LastQuickSort,1,0.101740
RANDOM,2000,LastQuickSort,2,0.090491
RANDOM,2000,LastQuickSort,3,0.113691
RANDOM,2000,LastQuickSort,4,0.103648
RANDOM,2000,LastQuickSort,5,0.127752
RANDOM,2100,InsertionSort,1,0.416702
RANDOM,2100,InsertionSort,2,0.369598
RANDOM,2100,InsertionSort,3,0.402842
RANDOM,2100,InsertionSort,4,0.401034
RANDOM,2100,InsertionSort,5,0.368293
RANDOM,2100,LastQuickSort,1,0.103046
RANDOM,2100,LastQuickSort,2,0.097822
RANDOM,2100,LastQuickSort,3,0.104050
RANDOM,2100,LastQuickSort,4,0.090893
RANDOM,2100,LastQuickSort,5,0.089085
RANDOM,2200,InsertionSort,1,0.422025
RANDOM,2200,InsertionSort,2,0.466216
RANDOM,2200,InsertionSort,3,0.397318
RANDOM,2200,InsertionSort,4,0.569930
RANDOM,2200,InsertionSort,5,0.409420
RANDOM,2200,LastQuickSort,1,0.109018
RANDOM,2200,LastQuickSort,2,0.103285
RANDOM,2200,LastQuickSort,3,0.099766
RANDOM,2200,LastQuickSort,4,0.097955
RANDOM,2200,LastQuickSort,5,0.096949
RANDOM,2300,InsertionSort,1,0.533524
RANDOM,2300,InsertionSort,2,0.442608
RANDOM,2300,InsertionSort,3,0.474690
RANDOM,2300,InsertionSort,4,0.553537
RANDOM,2300,InsertionSort,5,0.442709
RANDOM,2300,LastQuickSort,1,0.114851
RANDOM,2300,LastQuickSort,2,0.133456
RANDOM,2300,LastQuickSort,3,0.107408
RANDOM,2300,LastQuickSort,4,0.103990
RANDOM,2300,LastQuickSort,5,0.142507
RANDOM,2400,InsertionSort,1,0.484244
RANDOM,2400,InsertionSort,2,0.579585
RANDOM,2400,InsertionSort,3,0.512605
RANDOM,2400,InsertionSort,4,0.499330
RANDOM,2400,InsertionSort,5,0.496414
RANDOM,2400,LastQuickSort,1,0.132250
RANDOM,2400,LastQuickSort,2,0.129132
RANDOM,2400,LastQuickSort,3,0.109420
RANDOM,2400,LastQuickSort,4,0.106403
RANDOM,2400,LastQuickSort,5,0.106001
RANDOM,2500,InsertionSort,1,0.563292
RANDOM,2500,InsertionSort,2,0.563896
RANDOM,2500,InsertionSort,3,0.599196
RANDOM,2500,InsertionSort,4,0.678948
RANDOM,2500,InsertionSort,5,0.632685
RANDOM,2500,LastQuickSort,1,0.125713
RANDOM,2500,LastQuickSort,2,0.119075
RANDOM,2500,LastQuickSort,3,0.113946
RANDOM,2500,LastQuickSort,4,0.112438
RANDOM,2500,LastQuickSort,5,0.134764
RANDOM,2600,InsertionSort,1,0.591754
RANDOM,2600,InsertionSort,2,0.640832
RANDOM,2600,InsertionSort,3,0.583205
RANDOM,2600,InsertionSort,4,0.595475
RANDOM,2600,InsertionSort,5,0.671908
RANDOM,2600,LastQuickSort,1,0.146933
RANDOM,2600,LastQuickSort,2,0.121388
RANDOM,2600,LastQuickSort,3,0.132249
RANDOM,2600,LastQuickSort,4,0.116158
RANDOM,2600,LastQuickSort,5,0.126416
RANDOM,2700,InsertionSort,1,0.686793
RANDOM,2700,InsertionSort,2,0.650084
RANDOM,2700,InsertionSort,3,0.703487
RANDOM,2700,InsertionSort,4,0.601007
RANDOM,2700,InsertionSort,5,0.630976
RANDOM,2700,LastQuickSort,1,0.155180
RANDOM,2700,LastQuickSort,2,0.130942
RANDOM,2700,LastQuickSort,3,0.125512
RANDOM,2700,LastQuickSort,4,0.123600
RANDOM,2700,LastQuickSort,5,0.122494
RANDOM,2800,InsertionSort,1,0.904527
RANDOM,2800,InsertionSort,2,0.701375
RANDOM,2800,InsertionSort,3,0.647973
RANDOM,2800,InsertionSort,4,0.700067
RANDOM,2800,InsertionSort,5,0.667986
RANDOM,2800,LastQuickSort,1,0.197418
RANDOM,2800,LastQuickSort,2,0.133858
RANDOM,2800,LastQuickSort,3,0.129635
RANDOM,2800,LastQuickSort,4,0.128026
RANDOM,2800,LastQuickSort,5,0.127523
RANDOM,2900,InsertionSort,1,0.703789
RANDOM,2900,InsertionSort,2,0.764633
RANDOM,2900,InsertionSort,3,0.712941
RANDOM,2900,InsertionSort,4,0.824573
RANDOM,2900,InsertionSort,5,0.729133
RANDOM,2900,LastQuickSort,1,0.161817
RANDOM,2900,LastQuickSort,2,0.151660
RANDOM,2900,LastQuickSort,3,0.143513
RANDOM,2900,LastQuickSort,4,0.146027
RANDOM,2900,LastQuickSort,5,0.135769
RANDOM,3000,InsertionSort,1,0.785351
RANDOM,3000,InsertionSort,2,0.799129
RANDOM,3000,InsertionSort,3,0.817634
RANDOM,3000,InsertionSort,4,0.963461
RANDOM,3000,InsertionSort,5,0.973718
RANDOM,3000,LastQuickSort,1,0.174791
RANDOM,3000,LastQuickSort,2,0.162923
RANDOM,3000,LastQuickSort,3,0.165036
RANDOM,3000,LastQuickSort,4,0.160509
RANDOM,3000,LastQuickSort,5,0.161415
RANDOM,3100,InsertionSort,1,1.218003
RANDOM,3100,InsertionSort,2,1.111500
RANDOM,3100,InsertionSort,3,0.901409
RANDOM,3100,InsertionSort,4,0.812303
RANDOM,3100,InsertionSort,5,0.857057
RANDOM,3100,LastQuickSort,1,0.174086
RANDOM,3100,LastQuickSort,2,0.214214
RANDOM,3100,LastQuickSort,3,0.148743
RANDOM,3100,LastQuickSort,4,0.146430
RANDOM,3100,LastQuickSort,5,0.155984
RANDOM,3200,InsertionSort,1,0.871941
RANDOM,3200,InsertionSort,2,0.836139
RANDOM,3200,InsertionSort,3,0.889240
RANDOM,3200,InsertionSort,4,1.003387
RANDOM,3200,InsertionSort,5,0.866008
RANDOM,3200,LastQuickSort,1,0.165739
RANDOM,3200,LastQuickSort,2,0.172477
RANDOM,3200,LastQuickSort,3,0.158096
RANDOM,3200,LastQuickSort,4,0.170768
RANDOM,3200,LastQuickSort,5,0.206672
RANDOM,3300,InsertionSort,1,0.930976
RANDOM,3300,InsertionSort,2,0.916595
RANDOM,3300,InsertionSort,3,1.045626
RANDOM,3300,InsertionSort,4,0.981965
RANDOM,3300,InsertionSort,5,1.013645
RANDOM,3300,LastQuickSort,1,0.204559
RANDOM,3300,LastQuickSort,2,0.164834
RANDOM,3300,LastQuickSort,3,0.165941
RANDOM,3300,LastQuickSort,4,0.162924
RANDOM,3300,LastQuickSort,5,0.161214
RANDOM,3400,InsertionSort,1,1.028428
RANDOM,3400,InsertionSort,2,1.072579
RANDOM,3400,InsertionSort,3,1.321490
RANDOM,3400,InsertionSort,4,1.288804
RANDOM,3400,InsertionSort,5,0.961147
RANDOM,3400,LastQuickSort,1,0.176903
RANDOM,3400,LastQuickSort,2,0.171774
RANDOM,3400,LastQuickSort,3,0.166444
RANDOM,3400,LastQuickSort,4,0.165035
RANDOM,3400,LastQuickSort,5,0.165236
RANDOM,3500,InsertionSort,1,1.077305
RANDOM,3500,InsertionSort,2,1.585687
RANDOM,3500,InsertionSort,3,1.118338
RANDOM,3500,InsertionSort,4,1.105465
RANDOM,3500,InsertionSort,5,1.120349
RANDOM,3500,LastQuickSort,1,0.194200
RANDOM,3500,LastQuickSort,2,0.240764
RANDOM,3500,LastQuickSort,3,0.174389
RANDOM,3500,LastQuickSort,4,0.178914
RANDOM,3500,LastQuickSort,5,0.178009
RANDOM,3600,InsertionSort,1,1.118539
RANDOM,3600,InsertionSort,2,1.292525
RANDOM,3600,InsertionSort,3,1.051861
RANDOM,3600,InsertionSort,4,1.050856
RANDOM,3600,InsertionSort,5,1.172947
RANDOM,3600,LastQuickSort,1,0.179618
RANDOM,3600,LastQuickSort,2,0.173382
RANDOM,3600,LastQuickSort,3,0.169862
RANDOM,3600,LastQuickSort,4,0.168958
RANDOM,3600,LastQuickSort,5,0.171170
RANDOM,3700,InsertionSort,1,1.157259
RANDOM,3700,InsertionSort,2,1.237615
RANDOM,3700,InsertionSort,3,1.280357
RANDOM,3700,InsertionSort,4,1.205332
RANDOM,3700,InsertionSort,5,1.259237
RANDOM,3700,LastQuickSort,1,0.188066
RANDOM,3700,LastQuickSort,2,0.186155
RANDOM,3700,LastQuickSort,3,0.178914
RANDOM,3700,LastQuickSort,4,0.176903
RANDOM,3700,LastQuickSort,5,0.187362
RANDOM,3800,InsertionSort,1,1.395911
RANDOM,3800,InsertionSort,2,1.649850
RANDOM,3800,InsertionSort,3,1.289509
RANDOM,3800,InsertionSort,4,1.195074
RANDOM,3800,InsertionSort,5,1.188234
RANDOM,3800,LastQuickSort,1,0.205162
RANDOM,3800,LastQuickSort,2,0.247100
RANDOM,3800,LastQuickSort,3,0.201241
RANDOM,3800,LastQuickSort,4,0.193999
RANDOM,3800,LastQuickSort,5,0.214918
RANDOM,3900,InsertionSort,1,1.270400
RANDOM,3900,InsertionSort,2,1.285385
RANDOM,3900,InsertionSort,3,1.247369
RANDOM,3900,InsertionSort,4,1.475764
RANDOM,3900,InsertionSort,5,1.321288
RANDOM,3900,LastQuickSort,1,0.205063
RANDOM,3900,LastQuickSort,2,0.198526
RANDOM,3900,LastQuickSort,3,0.195508
RANDOM,3900,LastQuickSort,4,0.196414
RANDOM,3900,LastQuickSort,5,0.194100
RANDOM,4000,InsertionSort,1,1.339894
RANDOM,4000,InsertionSort,2,1.289106
RANDOM,4000,InsertionSort,3,1.492961
RANDOM,4000,InsertionSort,4,1.409689
RANDOM,4000,InsertionSort,5,1.329837
RANDOM,4000,LastQuickSort,1,0.232317
RANDOM,4000,LastQuickSort,2,0.210090
RANDOM,4000,LastQuickSort,3,0.202548
RANDOM,4000,LastQuickSort,4,0.202146
RANDOM,4000,LastQuickSort,5,0.201844
RANDOM,4100,InsertionSort,1,1.845158
RANDOM,4100,InsertionSort,2,1.852298
RANDOM,4100,InsertionSort,3,1.690079
RANDOM,4100,InsertionSort,4,1.600370
RANDOM,4100,InsertionSort,5,1.387263
RANDOM,4100,LastQuickSort,1,0.218237
RANDOM,4100,LastQuickSort,2,0.235032
RANDOM,4100,LastQuickSort,3,0.224070
RANDOM,4100,LastQuickSort,4,0.206772
RANDOM,4100,LastQuickSort,5,0.206571
RANDOM,4200,InsertionSort,1,1.446901
RANDOM,4200,InsertionSort,2,1.495375
RANDOM,4200,InsertionSort,3,1.462790
RANDOM,4200,InsertionSort,4,1.548979
RANDOM,4200,InsertionSort,5,1.515388
RANDOM,4200,LastQuickSort,1,0.220852
RANDOM,4200,LastQuickSort,2,0.213611
RANDOM,4200,LastQuickSort,3,0.210090
RANDOM,4200,LastQuickSort,4,0.217734
RANDOM,4200,LastQuickSort,5,0.225780
RANDOM,4300,InsertionSort,1,1.622093
RANDOM,4300,InsertionSort,2,1.608718
RANDOM,4300,InsertionSort,3,1.645526
RANDOM,4300,InsertionSort,4,1.588704
RANDOM,4300,InsertionSort,5,1.618271
RANDOM,4300,LastQuickSort,1,0.229099
RANDOM,4300,LastQuickSort,2,0.224170
RANDOM,4300,LastQuickSort,3,0.222058
RANDOM,4300,LastQuickSort,4,0.221153
RANDOM,4300,LastQuickSort,5,0.220751
RANDOM,4400,InsertionSort,1,1.614853
RANDOM,4400,InsertionSort,2,1.654276
RANDOM,4400,InsertionSort,3,1.779083
RANDOM,4400,InsertionSort,4,1.633960
RANDOM,4400,InsertionSort,5,1.697219
RANDOM,4400,LastQuickSort,1,0.244385
RANDOM,4400,LastQuickSort,2,0.221254
RANDOM,4400,LastQuickSort,3,0.219947
RANDOM,4400,LastQuickSort,4,0.218639
RANDOM,4400,LastQuickSort,5,0.218438
RANDOM,4500,InsertionSort,1,1.688671
RANDOM,4500,InsertionSort,2,1.957795
RANDOM,4500,InsertionSort,3,1.701744
RANDOM,4500,InsertionSort,4,1.834195
RANDOM,4500,InsertionSort,5,1.816495
RANDOM,4500,LastQuickSort,1,0.274556
RANDOM,4500,LastQuickSort,2,0.247000
RANDOM,4500,LastQuickSort,3,0.234228
RANDOM,4500,LastQuickSort,4,0.224673
RANDOM,4500,LastQuickSort,5,0.227288
RANDOM,4600,InsertionSort,1,2.778346
RANDOM,4600,InsertionSort,2,2.634732
RANDOM,4600,InsertionSort,3,1.871909
RANDOM,4600,InsertionSort,4,1.948644
RANDOM,4600,InsertionSort,5,1.738051
RANDOM,4600,LastQuickSort,1,0.237748
RANDOM,4600,LastQuickSort,2,0.235032
RANDOM,4600,LastQuickSort,3,0.229400
RANDOM,4600,LastQuickSort,4,0.227590
RANDOM,4600,LastQuickSort,5,0.226282
RANDOM,4700,InsertionSort,1,1.790146
RANDOM,4700,InsertionSort,2,1.919780
RANDOM,4700,InsertionSort,3,1.777474
RANDOM,4700,InsertionSort,4,1.926418
RANDOM,4700,InsertionSort,5,1.785620
RANDOM,4700,LastQuickSort,1,0.246899
RANDOM,4700,LastQuickSort,2,0.280490
RANDOM,4700,LastQuickSort,3,0.238552
RANDOM,4700,LastQuickSort,4,0.238049
RANDOM,4700,LastQuickSort,5,0.236742
RANDOM,4800,InsertionSort,1,1.870199
RANDOM,4800,InsertionSort,2,2.415993
RANDOM,4800,InsertionSort,3,1.906706
RANDOM,4800,InsertionSort,4,1.893532
RANDOM,4800,InsertionSort,5,1.949750
RANDOM,4800,LastQuickSort,1,0.251827
RANDOM,4800,LastQuickSort,2,0.247301
RANDOM,4800,LastQuickSort,3,0.252532
RANDOM,4800,LastQuickSort,4,0.240664
RANDOM,4800,LastQuickSort,5,0.239156
RANDOM,4900,InsertionSort,1,2.009187
RANDOM,4900,InsertionSort,2,2.042275
RANDOM,4900,InsertionSort,3,2.027591
RANDOM,4900,InsertionSort,4,2.071239
RANDOM,4900,InsertionSort,5,2.064903
RANDOM,4900,LastQuickSort,1,0.269327
RANDOM,4900,LastQuickSort,2,0.246497
RANDOM,4900,LastQuickSort,3,0.246195
RANDOM,4900,LastQuickSort,4,0.241368
RANDOM,4900,LastQuickSort,5,0.241066
RANDOM,5000,InsertionSort,1,2.149180
RANDOM,5000,InsertionSort,2,2.090046
RANDOM,5000,InsertionSort,3,2.055147
RANDOM,5000,InsertionSort,4,2.089643
RANDOM,5000,InsertionSort,5,2.173821
RANDOM,5000,LastQuickSort,1,0.261783
RANDOM,5000,LastQuickSort,2,0.261482
RANDOM,5000,LastQuickSort,3,0.253235
RANDOM,5000,LastQuickSort,4,0.250821
RANDOM,5000,LastQuickSort,5,0.254744
RANDOM,5100,InsertionSort,1,2.220484
RANDOM,5100,InsertionSort,2,2.155919
RANDOM,5100,InsertionSort,3,2.213847
RANDOM,5100,InsertionSort,4,2.222195
RANDOM,5100,InsertionSort,5,2.141436
RANDOM,5100,LastQuickSort,1,0.278277
RANDOM,5100,LastQuickSort,2,0.258565
RANDOM,5100,LastQuickSort,3,0.257962
RANDOM,5100,LastQuickSort,4,0.255548
RANDOM,5100,LastQuickSort,5,0.274053
RANDOM,5200,InsertionSort,1,2.440733
RANDOM,5200,InsertionSort,2,2.552566
RANDOM,5200,InsertionSort,3,2.325982
RANDOM,5200,InsertionSort,4,2.228229
RANDOM,5200,InsertionSort,5,2.272681
RANDOM,5200,LastQuickSort,1,0.269326
RANDOM,5200,LastQuickSort,2,0.260476
RANDOM,5200,LastQuickSort,3,0.279886
RANDOM,5200,LastQuickSort,4,0.255448
RANDOM,5200,LastQuickSort,5,0.256655
RANDOM,5300,InsertionSort,1,2.713580
RANDOM,5300,InsertionSort,2,2.571374
RANDOM,5300,InsertionSort,3,2.399801
RANDOM,5300,InsertionSort,4,2.326989
RANDOM,5300,InsertionSort,5,2.491823
RANDOM,5300,LastQuickSort,1,0.286524
RANDOM,5300,LastQuickSort,2,0.276568
RANDOM,5300,LastQuickSort,3,0.272947
RANDOM,5300,LastQuickSort,4,0.275662
RANDOM,5300,LastQuickSort,5,0.270936
RANDOM,5400,InsertionSort,1,2.448578
RANDOM,5400,InsertionSort,2,2.670233
RANDOM,5400,InsertionSort,3,2.743650
RANDOM,5400,InsertionSort,4,2.647605
RANDOM,5400,InsertionSort,5,2.398091
RANDOM,5400,LastQuickSort,1,0.293363
RANDOM,5400,LastQuickSort,2,0.281093
RANDOM,5400,LastQuickSort,3,0.273048
RANDOM,5400,LastQuickSort,4,0.271438
RANDOM,5400,LastQuickSort,5,0.272847
RANDOM,5500,InsertionSort,1,2.542711
RANDOM,5500,InsertionSort,2,2.565641
RANDOM,5500,InsertionSort,3,2.928297
RANDOM,5500,InsertionSort,4,2.466680
RANDOM,5500,InsertionSort,5,2.461249
RANDOM,5500,LastQuickSort,1,0.312572
RANDOM,5500,LastQuickSort,2,0.291653
RANDOM,5500,LastQuickSort,3,0.273349
RANDOM,5500,LastQuickSort,4,0.273651
RANDOM,5500,LastQuickSort,5,0.269226
RANDOM,5600,InsertionSort,1,2.567451
RANDOM,5600,InsertionSort,2,2.637247
RANDOM,5600,InsertionSort,3,2.692057
RANDOM,5600,InsertionSort,4,2.571876
RANDOM,5600,InsertionSort,5,2.556992
RANDOM,5600,LastQuickSort,1,0.289440
RANDOM,5600,LastQuickSort,2,0.279082
RANDOM,5600,LastQuickSort,3,0.274556
RANDOM,5600,LastQuickSort,4,0.288234
RANDOM,5600,LastQuickSort,5,0.272846
RANDOM,5700,InsertionSort,1,2.740029
RANDOM,5700,InsertionSort,2,2.670737
RANDOM,5700,InsertionSort,3,2.752298
RANDOM,5700,InsertionSort,4,2.652031
RANDOM,5700,InsertionSort,5,3.262993
RANDOM,5700,LastQuickSort,1,0.295374
RANDOM,5700,LastQuickSort,2,0.287027
RANDOM,5700,LastQuickSort,3,0.299498
RANDOM,5700,LastQuickSort,4,0.281194
RANDOM,5700,LastQuickSort,5,0.281495
RANDOM,5800,InsertionSort,1,2.797655
RANDOM,5800,InsertionSort,2,2.938755
RANDOM,5800,InsertionSort,3,3.098259
RANDOM,5800,InsertionSort,4,2.993063
RANDOM,5800,InsertionSort,5,2.859205
RANDOM,5800,LastQuickSort,1,0.350889
RANDOM,5800,LastQuickSort,2,0.388803
RANDOM,5800,LastQuickSort,3,0.298593
RANDOM,5800,LastQuickSort,4,0.293866
RANDOM,5800,LastQuickSort,5,0.297185
RANDOM,5900,InsertionSort,1,3.076838
RANDOM,5900,InsertionSort,2,2.900338
RANDOM,5900,InsertionSort,3,3.283208
RANDOM,5900,InsertionSort,4,2.892091
RANDOM,5900,InsertionSort,5,2.892795
RANDOM,5900,LastQuickSort,1,0.320115
RANDOM,5900,LastQuickSort,2,0.362655
RANDOM,5900,LastQuickSort,3,0.367985
RANDOM,5900,LastQuickSort,4,0.427523
RANDOM,5900,LastQuickSort,5,0.303218
RANDOM,6000,InsertionSort,1,3.146935
RANDOM,6000,InsertionSort,2,3.454277
RANDOM,6000,InsertionSort,3,3.048276
RANDOM,6000,InsertionSort,4,2.988336
RANDOM,6000,InsertionSort,5,2.954344
RANDOM,6000,LastQuickSort,1,0.324539
RANDOM,6000,LastQuickSort,2,0.310259
RANDOM,6000,LastQuickSort,3,0.304526
RANDOM,6000,LastQuickSort,4,0.365571
RANDOM,6000,LastQuickSort,5,0.358130
RANDOM,6100,InsertionSort,1,4.447406
RANDOM,6100,InsertionSort,2,3.607043
RANDOM,6100,InsertionSort,3,4.073889
RANDOM,6100,InsertionSort,4,3.986895
RANDOM,6100,InsertionSort,5,4.359206
RANDOM,6100,LastQuickSort,1,0.376836
RANDOM,6100,LastQuickSort,2,0.421187
RANDOM,6100,LastQuickSort,3,0.383675
RANDOM,6100,LastQuickSort,4,0.383273
RANDOM,6100,LastQuickSort,5,0.387697
RANDOM,6200,InsertionSort,1,4.741774
RANDOM,6200,InsertionSort,2,3.499836
RANDOM,6200,InsertionSort,3,4.230074
RANDOM,6200,InsertionSort,4,3.457897
RANDOM,6200,InsertionSort,5,3.969899
RANDOM,6200,LastQuickSort,1,0.409420
RANDOM,6200,LastQuickSort,2,0.478612
RANDOM,6200,LastQuickSort,3,0.362454
RANDOM,6200,LastQuickSort,4,0.362655
RANDOM,6200,LastQuickSort,5,0.364767
RANDOM,6300,InsertionSort,1,4.398226
RANDOM,6300,InsertionSort,2,4.741673
RANDOM,6300,InsertionSort,3,4.861654
RANDOM,6300,InsertionSort,4,4.514687
RANDOM,6300,InsertionSort,5,5.023772
RANDOM,6300,LastQuickSort,1,0.434060
RANDOM,6300,LastQuickSort,2,0.348073
RANDOM,6300,LastQuickSort,3,0.329669
RANDOM,6300,LastQuickSort,4,0.330372
RANDOM,6300,LastQuickSort,5,0.323232
RANDOM,6400,InsertionSort,1,3.630275
RANDOM,6400,InsertionSort,2,4.537214
RANDOM,6400,InsertionSort,3,5.248345
RANDOM,6400,InsertionSort,4,4.688673
RANDOM,6400,InsertionSort,5,4.526027
RANDOM,6400,LastQuickSort,1,0.539635
RANDOM,6400,LastQuickSort,2,0.405933
RANDOM,6400,LastQuickSort,3,0.401306
RANDOM,6400,LastQuickSort,4,0.392251
RANDOM,6400,LastQuickSort,5,0.372332
RANDOM,6500,InsertionSort,1,5.664459
RANDOM,6500,InsertionSort,2,4.903296
RANDOM,6500,InsertionSort,3,4.627442
RANDOM,6500,InsertionSort,4,5.445646
RANDOM,6500,InsertionSort,5,3.822114
RANDOM,6500,LastQuickSort,1,0.344868
RANDOM,6500,LastQuickSort,2,0.361165
RANDOM,6500,LastQuickSort,3,0.324143
RANDOM,6500,LastQuickSort,4,0.335713
RANDOM,6500,LastQuickSort,5,0.326557
RANDOM,6600,InsertionSort,1,4.863054
RANDOM,6600,InsertionSort,2,4.783477
RANDOM,6600,InsertionSort,3,3.624227
RANDOM,6600,InsertionSort,4,5.215064
RANDOM,6600,InsertionSort,5,6.023007
RANDOM,6600,LastQuickSort,1,0.360260
RANDOM,6600,LastQuickSort,2,0.343359
RANDOM,6600,LastQuickSort,3,0.338429
RANDOM,6600,LastQuickSort,4,0.340139
RANDOM,6600,LastQuickSort,5,0.475651
RANDOM,6700,InsertionSort,1,4.297061
RANDOM,6700,InsertionSort,2,4.257222
RANDOM,6700,InsertionSort,3,4.647764
RANDOM,6700,InsertionSort,4,4.345752
RANDOM,6700,InsertionSort,5,3.834185
RANDOM,6700,LastQuickSort,1,0.430883
RANDOM,6700,LastQuickSort,2,0.359656
RANDOM,6700,LastQuickSort,3,0.391145
RANDOM,6700,LastQuickSort,4,0.387121
RANDOM,6700,LastQuickSort,5,0.393056
RANDOM,6800,InsertionSort,1,3.828653
RANDOM,6800,InsertionSort,2,3.767989
RANDOM,6800,InsertionSort,3,3.761450
RANDOM,6800,InsertionSort,4,3.876540
RANDOM,6800,InsertionSort,5,3.808934
RANDOM,6800,LastQuickSort,1,0.364083
RANDOM,6800,LastQuickSort,2,0.355431
RANDOM,6800,LastQuickSort,3,0.373137
RANDOM,6800,LastQuickSort,4,0.352010
RANDOM,6800,LastQuickSort,5,0.348691
RANDOM,6900,InsertionSort,1,6.732763
RANDOM,6900,InsertionSort,2,4.260743
RANDOM,6900,InsertionSort,3,4.049879
RANDOM,6900,InsertionSort,4,4.129757
RANDOM,6900,InsertionSort,5,4.927742
RANDOM,6900,LastQuickSort,1,0.381789
RANDOM,6900,LastQuickSort,2,0.366094
RANDOM,6900,LastQuickSort,3,0.367604
RANDOM,6900,LastQuickSort,4,0.360159
RANDOM,6900,LastQuickSort,5,0.422432
RANDOM,7000,InsertionSort,1,4.073621
RANDOM,7000,InsertionSort,2,4.765871
RANDOM,7000,InsertionSort,3,4.921906
RANDOM,7000,InsertionSort,4,4.199576
RANDOM,7000,InsertionSort,5,4.631063
RANDOM,7000,LastQuickSort,1,0.623739
RANDOM,7000,LastQuickSort,2,0.388127
RANDOM,7000,LastQuickSort,3,0.380279
RANDOM,7000,LastQuickSort,4,0.443056
RANDOM,7000,LastQuickSort,5,0.418107
RANDOM,7100,InsertionSort,1,5.811641
RANDOM,7100,InsertionSort,2,5.630253
RANDOM,7100,InsertionSort,3,5.086896
RANDOM,7100,InsertionSort,4,4.252292
RANDOM,7100,InsertionSort,5,4.170904
RANDOM,7100,LastQuickSort,1,0.479273
RANDOM,7100,LastQuickSort,2,0.376859
RANDOM,7100,LastQuickSort,3,0.370723
RANDOM,7100,LastQuickSort,4,0.367604
RANDOM,7100,LastQuickSort,5,0.370622
RANDOM,7200,InsertionSort,1,4.806012
RANDOM,7200,InsertionSort,2,4.639212
RANDOM,7200,InsertionSort,3,4.931565
RANDOM,7200,InsertionSort,4,4.817179
RANDOM,7200,InsertionSort,5,4.576335
RANDOM,7200,LastQuickSort,1,0.416799
RANDOM,7200,LastQuickSort,2,0.384002
RANDOM,7200,LastQuickSort,3,0.411065
RANDOM,7200,LastQuickSort,4,0.378570
RANDOM,7200,LastQuickSort,5,0.378368
RANDOM,7300,InsertionSort,1,4.663659
RANDOM,7300,InsertionSort,2,5.231261
RANDOM,7300,InsertionSort,3,4.818890
RANDOM,7300,InsertionSort,4,4.777742
RANDOM,7300,InsertionSort,5,4.813155
RANDOM,7300,LastQuickSort,1,0.402513
RANDOM,7300,LastQuickSort,2,0.381386
RANDOM,7300,LastQuickSort,3,0.378066
RANDOM,7300,LastQuickSort,4,0.374345
RANDOM,7300,LastQuickSort,5,0.485109
RANDOM,7400,InsertionSort,1,4.690016
RANDOM,7400,InsertionSort,2,4.757019
RANDOM,7400,InsertionSort,3,5.228646
RANDOM,7400,InsertionSort,4,4.763557
RANDOM,7400,InsertionSort,5,4.569494
RANDOM,7400,LastQuickSort,1,0.408650
RANDOM,7400,LastQuickSort,2,0.408247
RANDOM,7400,LastQuickSort,3,0.388731
RANDOM,7400,LastQuickSort,4,0.581989
RANDOM,7400,LastQuickSort,5,0.415893
RANDOM,7500,InsertionSort,1,5.536290
RANDOM,7500,InsertionSort,2,4.770700
RANDOM,7500,InsertionSort,3,5.419289
RANDOM,7500,InsertionSort,4,5.426029
RANDOM,7500,InsertionSort,5,4.672814
RANDOM,7500,LastQuickSort,1,0.417000
RANDOM,7500,LastQuickSort,2,0.399294
RANDOM,7500,LastQuickSort,3,0.395974
RANDOM,7500,LastQuickSort,4,0.391447
RANDOM,7500,LastQuickSort,5,0.392252
RANDOM,7600,InsertionSort,1,5.090518
RANDOM,7600,InsertionSort,2,5.051483
RANDOM,7600,InsertionSort,3,4.745952
RANDOM,7600,InsertionSort,4,4.856313
RANDOM,7600,InsertionSort,5,4.721204
RANDOM,7600,LastQuickSort,1,0.460058
RANDOM,7600,LastQuickSort,2,0.409053
RANDOM,7600,LastQuickSort,3,0.404424
RANDOM,7600,LastQuickSort,4,0.402312
RANDOM,7600,LastQuickSort,5,0.405532
RANDOM,7700,InsertionSort,1,4.896454
RANDOM,7700,InsertionSort,2,5.125930
RANDOM,7700,InsertionSort,3,5.476331
RANDOM,7700,InsertionSort,4,4.931866
RANDOM,7700,InsertionSort,5,5.107721
RANDOM,7700,LastQuickSort,1,0.423036
RANDOM,7700,LastQuickSort,2,0.431588
RANDOM,7700,LastQuickSort,3,0.427463
RANDOM,7700,LastQuickSort,4,0.405129
RANDOM,7700,LastQuickSort,5,0.413076
RANDOM,7800,InsertionSort,1,5.008325
RANDOM,7800,InsertionSort,2,5.692828
RANDOM,7800,InsertionSort,3,5.703191
RANDOM,7800,InsertionSort,4,4.919794
RANDOM,7800,InsertionSort,5,5.104199
RANDOM,7800,LastQuickSort,1,0.460762
RANDOM,7800,LastQuickSort,2,0.463579
RANDOM,7800,LastQuickSort,3,0.435913
RANDOM,7800,LastQuickSort,4,0.407644
RANDOM,7800,LastQuickSort,5,0.409555
RANDOM,7900,InsertionSort,1,5.075327
RANDOM,7900,InsertionSort,2,5.160738
RANDOM,7900,InsertionSort,3,5.548463
RANDOM,7900,InsertionSort,4,5.217076
RANDOM,7900,InsertionSort,5,5.856006
RANDOM,7900,LastQuickSort,1,0.466094
RANDOM,7900,LastQuickSort,2,0.477462
RANDOM,7900,LastQuickSort,3,0.453820
RANDOM,7900,LastQuickSort,4,0.456939
RANDOM,7900,LastQuickSort,5,0.457241
RANDOM,8000,InsertionSort,1,5.210236
RANDOM,8000,InsertionSort,2,5.707718
RANDOM,8000,InsertionSort,3,5.635082
RANDOM,8000,InsertionSort,4,5.283877
RANDOM,8000,InsertionSort,5,5.272911
RANDOM,8000,LastQuickSort,1,0.436819
RANDOM,8000,LastQuickSort,2,0.426054
RANDOM,8000,LastQuickSort,3,0.441145
RANDOM,8000,LastQuickSort,4,0.603820
RANDOM,8000,LastQuickSort,5,0.472935
RANDOM,8100,InsertionSort,1,5.457518
RANDOM,8100,InsertionSort,2,5.617677
RANDOM,8100,InsertionSort,3,5.755001
RANDOM,8100,InsertionSort,4,5.678141
RANDOM,8100,InsertionSort,5,5.376331
RANDOM,8100,LastQuickSort,1,0.428670
RANDOM,8100,LastQuickSort,2,0.454726
RANDOM,8100,LastQuickSort,3,0.416598
RANDOM,8100,LastQuickSort,4,0.426155
RANDOM,8100,LastQuickSort,5,0.484102
RANDOM,8200,InsertionSort,1,6.085784
RANDOM,8200,InsertionSort,2,5.834175
RANDOM,8200,InsertionSort,3,7.100467
RANDOM,8200,InsertionSort,4,6.391115
RANDOM,8200,InsertionSort,5,5.624016
RANDOM,8200,LastQuickSort,1,0.531688
RANDOM,8200,LastQuickSort,2,0.530580
RANDOM,8200,LastQuickSort,3,0.577059
RANDOM,8200,LastQuickSort,4,0.522532
RANDOM,8200,LastQuickSort,5,0.601304
RANDOM,8300,InsertionSort,1,5.976127
RANDOM,8300,InsertionSort,2,5.806610
RANDOM,8300,InsertionSort,3,5.938903
RANDOM,8300,InsertionSort,4,6.737390
RANDOM,8300,InsertionSort,5,5.901278
RANDOM,8300,LastQuickSort,1,0.520118
RANDOM,8300,LastQuickSort,2,0.497381
RANDOM,8300,LastQuickSort,3,0.439635
RANDOM,8300,LastQuickSort,4,0.440842
RANDOM,8300,LastQuickSort,5,0.436617
RANDOM,8400,InsertionSort,1,6.012545
RANDOM,8400,InsertionSort,2,6.256407
RANDOM,8400,InsertionSort,3,6.234778
RANDOM,8400,InsertionSort,4,5.830454
RANDOM,8400,InsertionSort,5,6.127032
RANDOM,8400,LastQuickSort,1,0.497281
RANDOM,8400,LastQuickSort,2,0.646174
RANDOM,8400,LastQuickSort,3,0.451205
RANDOM,8400,LastQuickSort,4,0.444364
RANDOM,8400,LastQuickSort,5,0.482392
RANDOM,8500,InsertionSort,1,6.146851
RANDOM,8500,InsertionSort,2,7.052077
RANDOM,8500,InsertionSort,3,6.247051
RANDOM,8500,InsertionSort,4,7.385174
RANDOM,8500,InsertionSort,5,6.050774
RANDOM,8500,LastQuickSort,1,0.479776
RANDOM,8500,LastQuickSort,2,0.466497
RANDOM,8500,LastQuickSort,3,0.495471
RANDOM,8500,LastQuickSort,4,0.467905
RANDOM,8500,LastQuickSort,5,0.550299
RANDOM,8600,InsertionSort,1,6.166568
RANDOM,8600,InsertionSort,2,6.367775
RANDOM,8600,InsertionSort,3,6.174617
RANDOM,8600,InsertionSort,4,6.211035
RANDOM,8600,InsertionSort,5,6.226126
RANDOM,8600,LastQuickSort,1,0.467503
RANDOM,8600,LastQuickSort,2,0.453720
RANDOM,8600,LastQuickSort,3,0.482190
RANDOM,8600,LastQuickSort,4,0.468508
RANDOM,8600,LastQuickSort,5,0.451205
RANDOM,8700,InsertionSort,1,6.707713
RANDOM,8700,InsertionSort,2,6.396446
RANDOM,8700,InsertionSort,3,7.180447
RANDOM,8700,InsertionSort,4,6.414354
RANDOM,8700,InsertionSort,5,6.231558
RANDOM,8700,LastQuickSort,1,0.480983
RANDOM,8700,LastQuickSort,2,0.571527
RANDOM,8700,LastQuickSort,3,0.453619
RANDOM,8700,LastQuickSort,4,0.451809
RANDOM,8700,LastQuickSort,5,0.491044
RANDOM,8800,InsertionSort,1,6.561536
RANDOM,8800,InsertionSort,2,6.582562
RANDOM,8800,InsertionSort,3,6.658518
RANDOM,8800,InsertionSort,4,6.415561
RANDOM,8800,InsertionSort,5,6.472301
RANDOM,8800,LastQuickSort,1,0.504424
RANDOM,8800,LastQuickSort,2,0.499897
RANDOM,8800,LastQuickSort,3,0.505430
RANDOM,8800,LastQuickSort,4,0.470219
RANDOM,8800,LastQuickSort,5,0.465089
RANDOM,8900,InsertionSort,1,6.421899
RANDOM,8900,InsertionSort,2,6.512241
RANDOM,8900,InsertionSort,3,6.475822
RANDOM,8900,InsertionSort,4,6.409424
RANDOM,8900,InsertionSort,5,6.513952
RANDOM,8900,LastQuickSort,1,0.491648
RANDOM,8900,LastQuickSort,2,0.511969
RANDOM,8900,LastQuickSort,3,0.496980
RANDOM,8900,LastQuickSort,4,0.488227
RANDOM,8900,LastQuickSort,5,0.473136
RANDOM,9000,InsertionSort,1,7.414550
RANDOM,9000,InsertionSort,2,6.833668
RANDOM,9000,InsertionSort,3,6.734976
RANDOM,9000,InsertionSort,4,6.666767
RANDOM,9000,InsertionSort,5,6.555802
RANDOM,9000,LastQuickSort,1,0.525249
RANDOM,9000,LastQuickSort,2,0.492956
RANDOM,9000,LastQuickSort,3,0.516396
RANDOM,9000,LastQuickSort,4,0.509756
RANDOM,9000,LastQuickSort,5,0.509655
RANDOM,9100,InsertionSort,1,7.215255
RANDOM,9100,InsertionSort,2,6.976726
RANDOM,9100,InsertionSort,3,7.612738
RANDOM,9100,InsertionSort,4,6.810630
RANDOM,9100,InsertionSort,5,8.029134
RANDOM,9100,LastQuickSort,1,0.656737
RANDOM,9100,LastQuickSort,2,0.554826
RANDOM,9100,LastQuickSort,3,0.497181
RANDOM,9100,LastQuickSort,4,0.537925
RANDOM,9100,LastQuickSort,5,0.498086
RANDOM,9200,InsertionSort,1,9.541904
RANDOM,9200,InsertionSort,2,8.630640
RANDOM,9200,InsertionSort,3,7.502477
RANDOM,9200,InsertionSort,4,6.979743
RANDOM,9200,InsertionSort,5,6.967168
RANDOM,9200,LastQuickSort,1,0.609051
RANDOM,9200,LastQuickSort,2,0.505330
RANDOM,9200,LastQuickSort,3,0.500702
RANDOM,9200,LastQuickSort,4,0.495571
RANDOM,9200,LastQuickSort,5,0.523740
RANDOM,9300,InsertionSort,1,7.483362
RANDOM,9300,InsertionSort,2,7.698251
RANDOM,9300,InsertionSort,3,7.365355
RANDOM,9300,InsertionSort,4,8.178631
RANDOM,9300,InsertionSort,5,7.294832
RANDOM,9300,LastQuickSort,1,0.526255
RANDOM,9300,LastQuickSort,2,0.535108
RANDOM,9300,LastQuickSort,3,0.538529
RANDOM,9300,LastQuickSort,4,0.517200
RANDOM,9300,LastQuickSort,5,0.498187
RANDOM,9400,InsertionSort,1,8.446336
RANDOM,9400,InsertionSort,2,9.068466
RANDOM,9400,InsertionSort,3,7.720887
RANDOM,9400,InsertionSort,4,7.206697
RANDOM,9400,InsertionSort,5,7.462475
RANDOM,9400,LastQuickSort,1,0.524394
RANDOM,9400,LastQuickSort,2,0.514733
RANDOM,9400,LastQuickSort,3,0.528620
RANDOM,9400,LastQuickSort,4,0.503563
RANDOM,9400,LastQuickSort,5,0.505677
RANDOM,9500,InsertionSort,1,7.849304
RANDOM,9500,InsertionSort,2,7.687085
RANDOM,9500,InsertionSort,3,7.751792
RANDOM,9500,InsertionSort,4,7.757226
RANDOM,9500,InsertionSort,5,7.635360
RANDOM,9500,LastQuickSort,1,0.526407
RANDOM,9500,LastQuickSort,2,0.506682
RANDOM,9500,LastQuickSort,3,0.518255
RANDOM,9500,LastQuickSort,4,0.608925
RANDOM,9500,LastQuickSort,5,0.602685
RANDOM,9600,InsertionSort,1,7.673399
RANDOM,9600,InsertionSort,2,7.703891
RANDOM,9600,InsertionSort,3,7.873658
RANDOM,9600,InsertionSort,4,7.483205
RANDOM,9600,InsertionSort,5,7.654279
RANDOM,9600,LastQuickSort,1,0.556395
RANDOM,9600,LastQuickSort,2,0.522079
RANDOM,9600,LastQuickSort,3,0.517149
RANDOM,9600,LastQuickSort,4,0.517047
RANDOM,9600,LastQuickSort,5,0.512922
RANDOM,9700,InsertionSort,1,8.451185
RANDOM,9700,InsertionSort,2,8.935628
RANDOM,9700,InsertionSort,3,7.870638
RANDOM,9700,InsertionSort,4,7.957082
RANDOM,9700,InsertionSort,5,7.832398
RANDOM,9700,LastQuickSort,1,0.543413
RANDOM,9700,LastQuickSort,2,0.553577
RANDOM,9700,LastQuickSort,3,0.518557
RANDOM,9700,LastQuickSort,4,0.520771
RANDOM,9700,LastQuickSort,5,0.517048
RANDOM,9800,InsertionSort,1,7.970868
RANDOM,9800,InsertionSort,2,8.275380
RANDOM,9800,InsertionSort,3,7.812272
RANDOM,9800,InsertionSort,4,7.922564
RANDOM,9800,InsertionSort,5,9.012209
RANDOM,9800,LastQuickSort,1,0.585981
RANDOM,9800,LastQuickSort,2,0.550558
RANDOM,9800,LastQuickSort,3,0.648976
RANDOM,9800,LastQuickSort,4,0.577729
RANDOM,9800,LastQuickSort,5,0.583465
RANDOM,9900,InsertionSort,1,10.277759
RANDOM,9900,InsertionSort,2,9.229272
RANDOM,9900,InsertionSort,3,8.651644
RANDOM,9900,InsertionSort,4,11.508590
RANDOM,9900,InsertionSort,5,14.882583
RANDOM,9900,LastQuickSort,1,0.772452
RANDOM,9900,LastQuickSort,2,0.672424
RANDOM,9900,LastQuickSort,3,0.650486
RANDOM,9900,LastQuickSort,4,0.719318
RANDOM,9900,LastQuickSort,5,0.703620
RANDOM,10000,InsertionSort,1,10.634499
RANDOM,10000,InsertionSort,2,13.591675
RANDOM,10000,InsertionSort,3,14.457311
RANDOM,10000,InsertionSort,4,10.671934
RANDOM,10000,InsertionSort,5,8.260487
RANDOM,10000,LastQuickSort,1,0.582257
RANDOM,10000,LastQuickSort,2,0.562734
RANDOM,10000,LastQuickSort,3,0.545527
RANDOM,10000,LastQuickSort,4,0.552973
RANDOM,10000,LastQuickSort,5,0.546734
RANDOM,10,InsertionSort,1,0.002617
RANDOM,10,InsertionSort,2,0.000503
RANDOM,10,InsertionSort,3,0.000402
RANDOM,10,InsertionSort,4,0.000302
RANDOM,10,InsertionSort,5,0.000100
RANDOM,10,LastQuickSort,1,0.001711
RANDOM,10,LastQuickSort,2,0.000604
RANDOM,10,LastQuickSort,3,0.000302
RANDOM,10,LastQuickSort,4,0.000302
RANDOM,10,LastQuickSort,5,0.000201
RANDOM,20,InsertionSort,1,0.001812
RANDOM,20,InsertionSort,2,0.000603
RANDOM,20,InsertionSort,3,0.000302
RANDOM,20,InsertionSort,4,0.000603
RANDOM,20,InsertionSort,5,0.000301
RANDOM,20,LastQuickSort,1,0.002818
RANDOM,20,LastQuickSort,2,0.000503
RANDOM,20,LastQuickSort,3,0.000402
RANDOM,20,LastQuickSort,4,0.000403
RANDOM,20,LastQuickSort,5,0.000302
RANDOM,30,InsertionSort,1,0.002515
RANDOM,30,InsertionSort,2,0.000503
RANDOM,30,InsertionSort,3,0.000301
RANDOM,30,InsertionSort,4,0.000302
RANDOM,30,InsertionSort,5,0.000805
RANDOM,30,LastQuickSort,1,0.002516
RANDOM,30,LastQuickSort,2,0.001107
RANDOM,30,LastQuickSort,3,0.000805
RANDOM,30,LastQuickSort,4,0.000604
RANDOM,30,LastQuickSort,5,0.000705
RANDOM,40,InsertionSort,1,0.002315
RANDOM,40,InsertionSort,2,0.000805
RANDOM,40,InsertionSort,3,0.000503
RANDOM,40,InsertionSort,4,0.000503
RANDOM,40,InsertionSort,5,0.000503
RANDOM,40,LastQuickSort,1,0.003321
RANDOM,40,LastQuickSort,2,0.001207
RANDOM,40,LastQuickSort,3,0.000805
RANDOM,40,LastQuickSort,4,0.001812
RANDOM,40,LastQuickSort,5,0.000704
RANDOM,50,InsertionSort,1,0.004427
RANDOM,50,InsertionSort,2,0.000704
RANDOM,50,InsertionSort,3,0.000503
RANDOM,50,InsertionSort,4,0.000906
RANDOM,50,InsertionSort,5,0.000604
RANDOM,50,LastQuickSort,1,0.005031
RANDOM,50,LastQuickSort,2,0.002817
RANDOM,50,LastQuickSort,3,0.001308
RANDOM,50,LastQuickSort,4,0.001006
RANDOM,50,LastQuickSort,5,0.002315
RANDOM,60,InsertionSort,1,0.003925
RANDOM,60,InsertionSort,2,0.001207
RANDOM,60,InsertionSort,3,0.000805
RANDOM,60,InsertionSort,4,0.000503
RANDOM,60,InsertionSort,5,0.000604
RANDOM,60,LastQuickSort,1,0.004831
RANDOM,60,LastQuickSort,2,0.002214
RANDOM,60,LastQuickSort,3,0.001510
RANDOM,60,LastQuickSort,4,0.002013
RANDOM,60,LastQuickSort,5,0.000906
RANDOM,70,InsertionSort,1,0.004126
RANDOM,70,InsertionSort,2,0.001107
RANDOM,70,InsertionSort,3,0.001006
RANDOM,70,InsertionSort,4,0.005534
RANDOM,70,InsertionSort,5,0.001711
RANDOM,70,LastQuickSort,1,0.006843
RANDOM,70,LastQuickSort,2,0.002818
RANDOM,70,LastQuickSort,3,0.001912
RANDOM,70,LastQuickSort,4,0.001308
RANDOM,70,LastQuickSort,5,0.001006
RANDOM,80,InsertionSort,1,0.005334
RANDOM,80,InsertionSort,2,0.001207
RANDOM,80,InsertionSort,3,0.001007
RANDOM,80,InsertionSort,4,0.000806
RANDOM,80,InsertionSort,5,0.000806
RANDOM,80,LastQuickSort,1,0.005535
RANDOM,80,LastQuickSort,2,0.002214
RANDOM,80,LastQuickSort,3,0.001409
RANDOM,80,LastQuickSort,4,0.002617
RANDOM,80,LastQuickSort,5,0.001309
RANDOM,90,InsertionSort,1,0.005031
RANDOM,90,InsertionSort,2,0.001611
RANDOM,90,InsertionSort,3,0.001610
RANDOM,90,InsertionSort,4,0.001409
RANDOM,90,InsertionSort,5,0.001006
RANDOM,90,LastQuickSort,1,0.005636
RANDOM,90,LastQuickSort,2,0.002918
RANDOM,90,LastQuickSort,3,0.002213
RANDOM,90,LastQuickSort,4,0.001409
RANDOM,90,LastQuickSort,5,0.001711
RANDOM,100,InsertionSort,1,0.005534
RANDOM,100,InsertionSort,2,0.001812
RANDOM,100,InsertionSort,3,0.001811
RANDOM,100,InsertionSort,4,0.001610
RANDOM,100,InsertionSort,5,0.001509
RANDOM,100,LastQuickSort,1,0.008654
RANDOM,100,LastQuickSort,2,0.003119
RANDOM,100,LastQuickSort,3,0.002214
RANDOM,100,LastQuickSort,4,0.001711
RANDOM,100,LastQuickSort,5,0.001711
RANDOM,110,InsertionSort,1,0.006340
RANDOM,110,InsertionSort,2,0.002214
RANDOM,110,InsertionSort,3,0.001711
RANDOM,110,InsertionSort,4,0.002013
RANDOM,110,InsertionSort,5,0.002214
RANDOM,110,LastQuickSort,1,0.007347
RANDOM,110,LastQuickSort,2,0.002515
RANDOM,110,LastQuickSort,3,0.001811
RANDOM,110,LastQuickSort,4,0.002415
RANDOM,110,LastQuickSort,5,0.002617
RANDOM,120,InsertionSort,1,0.004629
RANDOM,120,InsertionSort,2,0.003019
RANDOM,120,InsertionSort,3,0.001812
RANDOM,120,InsertionSort,4,0.001611
RANDOM,120,InsertionSort,5,0.003321
RANDOM,120,LastQuickSort,1,0.009158
RANDOM,120,LastQuickSort,2,0.003924
RANDOM,120,LastQuickSort,3,0.002113
RANDOM,120,LastQuickSort,4,0.003320
RANDOM,120,LastQuickSort,5,0.001812
RANDOM,130,InsertionSort,1,0.005635
RANDOM,130,InsertionSort,2,0.003221
RANDOM,130,InsertionSort,3,0.001812
RANDOM,130,InsertionSort,4,0.001711
RANDOM,130,InsertionSort,5,0.001711
RANDOM,130,LastQuickSort,1,0.007044
RANDOM,130,LastQuickSort,2,0.004026
RANDOM,130,LastQuickSort,3,0.003925
RANDOM,130,LastQuickSort,4,0.002818
RANDOM,130,LastQuickSort,5,0.002214
RANDOM,140,InsertionSort,1,0.005032
RANDOM,140,InsertionSort,2,0.002717
RANDOM,140,InsertionSort,3,0.002314
RANDOM,140,InsertionSort,4,0.002013
RANDOM,140,InsertionSort,5,0.001912
RANDOM,140,LastQuickSort,1,0.006037
RANDOM,140,LastQuickSort,2,0.002817
RANDOM,140,LastQuickSort,3,0.002013
RANDOM,140,LastQuickSort,4,0.001912
RANDOM,140,LastQuickSort,5,0.003422
RANDOM,150,InsertionSort,1,0.005233
RANDOM,150,InsertionSort,2,0.003522
RANDOM,150,InsertionSort,3,0.004730
RANDOM,150,InsertionSort,4,0.003120
RANDOM,150,InsertionSort,5,0.003320
RANDOM,150,LastQuickSort,1,0.007648
RANDOM,150,LastQuickSort,2,0.003321
RANDOM,150,LastQuickSort,3,0.002616
RANDOM,150,LastQuickSort,4,0.002515
RANDOM,150,LastQuickSort,5,0.002213
RANDOM,160,InsertionSort,1,0.005435
RANDOM,160,InsertionSort,2,0.003220
RANDOM,160,InsertionSort,3,0.002918
RANDOM,160,InsertionSort,4,0.002818
RANDOM,160,InsertionSort,5,0.002617
RANDOM,160,LastQuickSort,1,0.007648
RANDOM,160,LastQuickSort,2,0.003320
RANDOM,160,LastQuickSort,3,0.002314
RANDOM,160,LastQuickSort,4,0.002113
RANDOM,160,LastQuickSort,5,0.002114
RANDOM,170,InsertionSort,1,0.005836
RANDOM,170,InsertionSort,2,0.004226
RANDOM,170,InsertionSort,3,0.003422
RANDOM,170,InsertionSort,4,0.003119
RANDOM,170,InsertionSort,5,0.003724
RANDOM,170,LastQuickSort,1,0.009862
RANDOM,170,LastQuickSort,2,0.005535
RANDOM,170,LastQuickSort,3,0.003723
RANDOM,170,LastQuickSort,4,0.002918
RANDOM,170,LastQuickSort,5,0.002415
RANDOM,180,InsertionSort,1,0.008755
RANDOM,180,InsertionSort,2,0.016705
RANDOM,180,InsertionSort,3,0.004327
RANDOM,180,InsertionSort,4,0.003824
RANDOM,180,InsertionSort,5,0.003925
RANDOM,180,LastQuickSort,1,0.009258
RANDOM,180,LastQuickSort,2,0.005333
RANDOM,180,LastQuickSort,3,0.003824
RANDOM,180,LastQuickSort,4,0.003120
RANDOM,180,LastQuickSort,5,0.002818
RANDOM,190,InsertionSort,1,0.008352
RANDOM,190,InsertionSort,2,0.005333
RANDOM,190,InsertionSort,3,0.004428
RANDOM,190,InsertionSort,4,0.005636
RANDOM,190,InsertionSort,5,0.003723
RANDOM,190,LastQuickSort,1,0.009157
RANDOM,190,LastQuickSort,2,0.003925
RANDOM,190,LastQuickSort,3,0.002918
RANDOM,190,LastQuickSort,4,0.002718
RANDOM,190,LastQuickSort,5,0.002616
RANDOM,200,InsertionSort,1,0.009963
RANDOM,200,InsertionSort,2,0.004830
RANDOM,200,InsertionSort,3,0.004126
RANDOM,200,InsertionSort,4,0.003824
RANDOM,200,InsertionSort,5,0.003824
RANDOM,200,LastQuickSort,1,0.008553
RANDOM,200,LastQuickSort,2,0.004226
RANDOM,200,LastQuickSort,3,0.003019
RANDOM,200,LastQuickSort,4,0.002918
RANDOM,200,LastQuickSort,5,0.002717
RANDOM,210,InsertionSort,1,0.006843
RANDOM,210,InsertionSort,2,0.005132
RANDOM,210,InsertionSort,3,0.004528
RANDOM,210,InsertionSort,4,0.004831
RANDOM,210,InsertionSort,5,0.004428
RANDOM,210,LastQuickSort,1,0.009560
RANDOM,210,LastQuickSort,2,0.004528
RANDOM,210,LastQuickSort,3,0.003422
RANDOM,210,LastQuickSort,4,0.003019
RANDOM,210,LastQuickSort,5,0.003019
RANDOM,220,InsertionSort,1,0.007346
RANDOM,220,InsertionSort,2,0.005535
RANDOM,220,InsertionSort,3,0.004931
RANDOM,220,InsertionSort,4,0.004831
RANDOM,220,InsertionSort,5,0.004730
RANDOM,220,LastQuickSort,1,0.010063
RANDOM,220,LastQuickSort,2,0.004730
RANDOM,220,LastQuickSort,3,0.003422
RANDOM,220,LastQuickSort,4,0.003019
RANDOM,220,LastQuickSort,5,0.002817
RANDOM,230,InsertionSort,1,0.008453
RANDOM,230,InsertionSort,2,0.006440
RANDOM,230,InsertionSort,3,0.005133
RANDOM,230,InsertionSort,4,0.005032
RANDOM,230,InsertionSort,5,0.004931
RANDOM,230,LastQuickSort,1,0.012781
RANDOM,230,LastQuickSort,2,0.008655
RANDOM,230,LastQuickSort,3,0.004528
RANDOM,230,LastQuickSort,4,0.004026
RANDOM,230,LastQuickSort,5,0.005233
RANDOM,240,InsertionSort,1,0.012176
RANDOM,240,InsertionSort,2,0.009459
RANDOM,240,InsertionSort,3,0.007044
RANDOM,240,InsertionSort,4,0.006743
RANDOM,240,InsertionSort,5,0.007145
RANDOM,240,LastQuickSort,1,0.013385
RANDOM,240,LastQuickSort,2,0.005836
RANDOM,240,LastQuickSort,3,0.003925
RANDOM,240,LastQuickSort,4,0.032202
RANDOM,240,LastQuickSort,5,0.003623
RANDOM,250,InsertionSort,1,0.013183
RANDOM,250,InsertionSort,2,0.008453
RANDOM,250,InsertionSort,3,0.009761
RANDOM,250,InsertionSort,4,0.009962
RANDOM,250,InsertionSort,5,0.007949
RANDOM,250,LastQuickSort,1,0.013686
RANDOM,250,LastQuickSort,2,0.006742
RANDOM,250,LastQuickSort,3,0.005132
RANDOM,250,LastQuickSort,4,0.005635
RANDOM,250,LastQuickSort,5,0.003623
RANDOM,260,InsertionSort,1,0.015900
RANDOM,260,InsertionSort,2,0.011069
RANDOM,260,InsertionSort,3,0.010868
RANDOM,260,InsertionSort,4,0.011774
RANDOM,260,InsertionSort,5,0.011171
RANDOM,260,LastQuickSort,1,0.015497
RANDOM,260,LastQuickSort,2,0.008352
RANDOM,260,LastQuickSort,3,0.004931
RANDOM,260,LastQuickSort,4,0.004730
RANDOM,260,LastQuickSort,5,0.004327
RANDOM,270,InsertionSort,1,0.013484
RANDOM,270,InsertionSort,2,0.009258
RANDOM,270,InsertionSort,3,0.008453
RANDOM,270,InsertionSort,4,0.008352
RANDOM,270,InsertionSort,5,0.008855
RANDOM,270,LastQuickSort,1,0.016504
RANDOM,270,LastQuickSort,2,0.009057
RANDOM,270,LastQuickSort,3,0.004428
RANDOM,270,LastQuickSort,4,0.005133
RANDOM,270,LastQuickSort,5,0.004428
RANDOM,280,InsertionSort,1,0.015195
RANDOM,280,InsertionSort,2,0.011069
RANDOM,280,InsertionSort,3,0.007648
RANDOM,280,InsertionSort,4,0.007547
RANDOM,280,InsertionSort,5,0.007346
RANDOM,280,LastQuickSort,1,0.015095
RANDOM,280,LastQuickSort,2,0.009056
RANDOM,280,LastQuickSort,3,0.006339
RANDOM,280,LastQuickSort,4,0.004327
RANDOM,280,LastQuickSort,5,0.004025
RANDOM,290,InsertionSort,1,0.013384
RANDOM,290,InsertionSort,2,0.015195
RANDOM,290,InsertionSort,3,0.014693
RANDOM,290,InsertionSort,4,0.009561
RANDOM,290,InsertionSort,5,0.009359
RANDOM,290,LastQuickSort,1,0.018819
RANDOM,290,LastQuickSort,2,0.016705
RANDOM,290,LastQuickSort,3,0.008454
RANDOM,290,LastQuickSort,4,0.005534
RANDOM,290,LastQuickSort,5,0.008956
RANDOM,300,InsertionSort,1,0.016101
RANDOM,300,InsertionSort,2,0.011371
RANDOM,300,InsertionSort,3,0.010063
RANDOM,300,InsertionSort,4,0.011975
RANDOM,300,InsertionSort,5,0.011271
RANDOM,300,LastQuickSort,1,0.018416
RANDOM,300,LastQuickSort,2,0.013686
RANDOM,300,LastQuickSort,3,0.008151
RANDOM,300,LastQuickSort,4,0.005233
RANDOM,300,LastQuickSort,5,0.004729
RANDOM,310,InsertionSort,1,0.018717
RANDOM,310,InsertionSort,2,0.012478
RANDOM,310,InsertionSort,3,0.011774
RANDOM,310,InsertionSort,4,0.011976
RANDOM,310,InsertionSort,5,0.010767
RANDOM,310,LastQuickSort,1,0.016805
RANDOM,310,LastQuickSort,2,0.010969
RANDOM,310,LastQuickSort,3,0.007950
RANDOM,310,LastQuickSort,4,0.007145
RANDOM,310,LastQuickSort,5,0.007950
RANDOM,320,InsertionSort,1,0.019120
RANDOM,320,InsertionSort,2,0.016102
RANDOM,320,InsertionSort,3,0.015598
RANDOM,320,InsertionSort,4,0.016906
RANDOM,320,InsertionSort,5,0.015497
RANDOM,320,LastQuickSort,1,0.017711
RANDOM,320,LastQuickSort,2,0.011271
RANDOM,320,LastQuickSort,3,0.007145
RANDOM,320,LastQuickSort,4,0.006440
RANDOM,320,LastQuickSort,5,0.006038
RANDOM,330,InsertionSort,1,0.022742
RANDOM,330,InsertionSort,2,0.016503
RANDOM,330,InsertionSort,3,0.017410
RANDOM,330,InsertionSort,4,0.016101
RANDOM,330,InsertionSort,5,0.016101
RANDOM,330,LastQuickSort,1,0.018819
RANDOM,330,LastQuickSort,2,0.010667
RANDOM,330,LastQuickSort,3,0.006642
RANDOM,330,LastQuickSort,4,0.007044
RANDOM,330,LastQuickSort,5,0.006843
RANDOM,340,InsertionSort,1,0.019724
RANDOM,340,InsertionSort,2,0.015598
RANDOM,340,InsertionSort,3,0.016303
RANDOM,340,InsertionSort,4,0.016705
RANDOM,340,InsertionSort,5,0.017912
RANDOM,340,LastQuickSort,1,0.019321
RANDOM,340,LastQuickSort,2,0.009963
RANDOM,340,LastQuickSort,3,0.006742
RANDOM,340,LastQuickSort,4,0.006139
RANDOM,340,LastQuickSort,5,0.007547
RANDOM,350,InsertionSort,1,0.021132
RANDOM,350,InsertionSort,2,0.013082
RANDOM,350,InsertionSort,3,0.011573
RANDOM,350,InsertionSort,4,0.011170
RANDOM,350,InsertionSort,5,0.014189
RANDOM,350,LastQuickSort,1,0.019523
RANDOM,350,LastQuickSort,2,0.011975
RANDOM,350,LastQuickSort,3,0.008654
RANDOM,350,LastQuickSort,4,0.009862
RANDOM,350,LastQuickSort,5,0.008051
RANDOM,360,InsertionSort,1,0.023347
RANDOM,360,InsertionSort,2,0.022139
RANDOM,360,InsertionSort,3,0.020629
RANDOM,360,InsertionSort,4,0.021636
RANDOM,360,InsertionSort,5,0.022844
RANDOM,360,LastQuickSort,1,0.021032
RANDOM,360,LastQuickSort,2,0.013686
RANDOM,360,LastQuickSort,3,0.010768
RANDOM,360,LastQuickSort,4,0.008956
RANDOM,360,LastQuickSort,5,0.009258
RANDOM,370,InsertionSort,1,0.022441
RANDOM,370,InsertionSort,2,0.019322
RANDOM,370,InsertionSort,3,0.017811
RANDOM,370,InsertionSort,4,0.012680
RANDOM,370,InsertionSort,5,0.012076
RANDOM,370,LastQuickSort,1,0.021736
RANDOM,370,LastQuickSort,2,0.010868
RANDOM,370,LastQuickSort,3,0.007246
RANDOM,370,LastQuickSort,4,0.006240
RANDOM,370,LastQuickSort,5,0.005937
RANDOM,380,InsertionSort,1,0.022743
RANDOM,380,InsertionSort,2,0.019321
RANDOM,380,InsertionSort,3,0.017309
RANDOM,380,InsertionSort,4,0.017913
RANDOM,380,InsertionSort,5,0.018315
RANDOM,380,LastQuickSort,1,0.017208
RANDOM,380,LastQuickSort,2,0.011472
RANDOM,380,LastQuickSort,3,0.008252
RANDOM,380,LastQuickSort,4,0.006541
RANDOM,380,LastQuickSort,5,0.006037
RANDOM,390,InsertionSort,1,0.023346
RANDOM,390,InsertionSort,2,0.015497
RANDOM,390,InsertionSort,3,0.013887
RANDOM,390,InsertionSort,4,0.013787
RANDOM,390,InsertionSort,5,0.013082
RANDOM,390,LastQuickSort,1,0.019724
RANDOM,390,LastQuickSort,2,0.011674
RANDOM,390,LastQuickSort,3,0.008554
RANDOM,390,LastQuickSort,4,0.007045
RANDOM,390,LastQuickSort,5,0.007044
RANDOM,400,InsertionSort,1,0.021435
RANDOM,400,InsertionSort,2,0.019020
RANDOM,400,InsertionSort,3,0.019120
RANDOM,400,InsertionSort,4,0.020730
RANDOM,400,InsertionSort,5,0.017309
RANDOM,400,LastQuickSort,1,0.021535
RANDOM,400,LastQuickSort,2,0.011472
RANDOM,400,LastQuickSort,3,0.008151
RANDOM,400,LastQuickSort,4,0.007347
RANDOM,400,LastQuickSort,5,0.007246
RANDOM,410,InsertionSort,1,0.024454
RANDOM,410,InsertionSort,2,0.022139
RANDOM,410,InsertionSort,3,0.021535
RANDOM,410,InsertionSort,4,0.018517
RANDOM,410,InsertionSort,5,0.019422
RANDOM,410,LastQuickSort,1,0.019724
RANDOM,410,LastQuickSort,2,0.011673
RANDOM,410,LastQuickSort,3,0.008151
RANDOM,410,LastQuickSort,4,0.006944
RANDOM,410,LastQuickSort,5,0.006441
RANDOM,420,InsertionSort,1,0.019221
RANDOM,420,InsertionSort,2,0.017510
RANDOM,420,InsertionSort,3,0.016504
RANDOM,420,InsertionSort,4,0.016000
RANDOM,420,InsertionSort,5,0.015800
RANDOM,420,LastQuickSort,1,0.018718
RANDOM,420,LastQuickSort,2,0.014491
RANDOM,420,LastQuickSort,3,0.026869
RANDOM,420,LastQuickSort,4,0.009259
RANDOM,420,LastQuickSort,5,0.023247
RANDOM,430,InsertionSort,1,0.032001
RANDOM,430,InsertionSort,2,0.028681
RANDOM,430,InsertionSort,3,0.029183
RANDOM,430,InsertionSort,4,0.053235
RANDOM,430,InsertionSort,5,0.027372
RANDOM,430,LastQuickSort,1,0.024353
RANDOM,430,LastQuickSort,2,0.012176
RANDOM,430,LastQuickSort,3,0.008050
RANDOM,430,LastQuickSort,4,0.009157
RANDOM,430,LastQuickSort,5,0.009057
RANDOM,440,InsertionSort,1,0.066015
RANDOM,440,InsertionSort,2,0.023648
RANDOM,440,InsertionSort,3,0.022340
RANDOM,440,InsertionSort,4,0.023950
RANDOM,440,InsertionSort,5,0.021938
RANDOM,440,LastQuickSort,1,0.021635
RANDOM,440,LastQuickSort,2,0.011976
RANDOM,440,LastQuickSort,3,0.008957
RANDOM,440,LastQuickSort,4,0.008050
RANDOM,440,LastQuickSort,5,0.007548
RANDOM,450,InsertionSort,1,0.030391
RANDOM,450,InsertionSort,2,0.027976
RANDOM,450,InsertionSort,3,0.027070
RANDOM,450,InsertionSort,4,0.024454
RANDOM,450,InsertionSort,5,0.023146
RANDOM,450,LastQuickSort,1,0.021535
RANDOM,450,LastQuickSort,2,0.013183
RANDOM,450,LastQuickSort,3,0.009359
RANDOM,450,LastQuickSort,4,0.008453
RANDOM,450,LastQuickSort,5,0.007950
RANDOM,460,InsertionSort,1,0.027171
RANDOM,460,InsertionSort,2,0.026969
RANDOM,460,InsertionSort,3,0.025158
RANDOM,460,InsertionSort,4,0.024655
RANDOM,460,InsertionSort,5,0.024051
RANDOM,460,LastQuickSort,1,0.022441
RANDOM,460,LastQuickSort,2,0.014189
RANDOM,460,LastQuickSort,3,0.010365
RANDOM,460,LastQuickSort,4,0.009158
RANDOM,460,LastQuickSort,5,0.007950
RANDOM,470,InsertionSort,1,0.029888
RANDOM,470,InsertionSort,2,0.022240
RANDOM,470,InsertionSort,3,0.021133
RANDOM,470,InsertionSort,4,0.020529
RANDOM,470,InsertionSort,5,0.020227
RANDOM,470,LastQuickSort,1,0.023749
RANDOM,470,LastQuickSort,2,0.014592
RANDOM,470,LastQuickSort,3,0.010264
RANDOM,470,LastQuickSort,4,0.009963
RANDOM,470,LastQuickSort,5,0.011270
RANDOM,480,InsertionSort,1,0.048907
RANDOM,480,InsertionSort,2,0.025863
RANDOM,480,InsertionSort,3,0.022039
RANDOM,480,InsertionSort,4,0.023648
RANDOM,480,InsertionSort,5,0.021334
RANDOM,480,LastQuickSort,1,0.024051
RANDOM,480,LastQuickSort,2,0.014491
RANDOM,480,LastQuickSort,3,0.009963
RANDOM,480,LastQuickSort,4,0.008352
RANDOM,480,LastQuickSort,5,0.007950
RANDOM,490,InsertionSort,1,0.030190
RANDOM,490,InsertionSort,2,0.030995
RANDOM,490,InsertionSort,3,0.021938
RANDOM,490,InsertionSort,4,0.021536
RANDOM,490,InsertionSort,5,0.021334
RANDOM,490,LastQuickSort,1,0.022038
RANDOM,490,LastQuickSort,2,0.013988
RANDOM,490,LastQuickSort,3,0.010063
RANDOM,490,LastQuickSort,4,0.008654
RANDOM,490,LastQuickSort,5,0.008151
RANDOM,500,InsertionSort,1,0.025963
RANDOM,500,InsertionSort,2,0.024555
RANDOM,500,InsertionSort,3,0.023548
RANDOM,500,InsertionSort,4,0.022944
RANDOM,500,InsertionSort,5,0.022743
RANDOM,500,LastQuickSort,1,0.022240
RANDOM,500,LastQuickSort,2,0.014592
RANDOM,500,LastQuickSort,3,0.010063
RANDOM,500,LastQuickSort,4,0.008453
RANDOM,500,LastQuickSort,5,0.007950
RANDOM,510,InsertionSort,1,0.025661
RANDOM,510,InsertionSort,2,0.024956
RANDOM,510,InsertionSort,3,0.023749
RANDOM,510,InsertionSort,4,0.023246
RANDOM,510,InsertionSort,5,0.022844
RANDOM,510,LastQuickSort,1,0.022340
RANDOM,510,LastQuickSort,2,0.014692
RANDOM,510,LastQuickSort,3,0.010667
RANDOM,510,LastQuickSort,4,0.009359
RANDOM,510,LastQuickSort,5,0.008453
RANDOM,520,InsertionSort,1,0.039649
RANDOM,520,InsertionSort,2,0.026366
RANDOM,520,InsertionSort,3,0.025258
RANDOM,520,InsertionSort,4,0.025963
RANDOM,520,InsertionSort,5,0.024252
RANDOM,520,LastQuickSort,1,0.026365
RANDOM,520,LastQuickSort,2,0.019120
RANDOM,520,LastQuickSort,3,0.012176
RANDOM,520,LastQuickSort,4,0.009560
RANDOM,520,LastQuickSort,5,0.008755
RANDOM,530,InsertionSort,1,0.034215
RANDOM,530,InsertionSort,2,0.027170
RANDOM,530,InsertionSort,3,0.026366
RANDOM,530,InsertionSort,4,0.025862
RANDOM,530,InsertionSort,5,0.025460
RANDOM,530,LastQuickSort,1,0.026969
RANDOM,530,LastQuickSort,2,0.018014
RANDOM,530,LastQuickSort,3,0.013686
RANDOM,530,LastQuickSort,4,0.011372
RANDOM,530,LastQuickSort,5,0.010767
RANDOM,540,InsertionSort,1,0.043674
RANDOM,540,InsertionSort,2,0.028076
RANDOM,540,InsertionSort,3,0.033711
RANDOM,540,InsertionSort,4,0.026466
RANDOM,540,InsertionSort,5,0.026265
RANDOM,540,LastQuickSort,1,0.028177
RANDOM,540,LastQuickSort,2,0.018113
RANDOM,540,LastQuickSort,3,0.012880
RANDOM,540,LastQuickSort,4,0.011573
RANDOM,540,LastQuickSort,5,0.010868
RANDOM,550,InsertionSort,1,0.045083
RANDOM,550,InsertionSort,2,0.028781
RANDOM,550,InsertionSort,3,0.027573
RANDOM,550,InsertionSort,4,0.026969
RANDOM,550,InsertionSort,5,0.026768
RANDOM,550,LastQuickSort,1,0.023548
RANDOM,550,LastQuickSort,2,0.016504
RANDOM,550,LastQuickSort,3,0.012076
RANDOM,550,LastQuickSort,4,0.009962
RANDOM,550,LastQuickSort,5,0.008957
RANDOM,560,InsertionSort,1,0.031296
RANDOM,560,InsertionSort,2,0.030794
RANDOM,560,InsertionSort,3,0.029586
RANDOM,560,InsertionSort,4,0.029083
RANDOM,560,InsertionSort,5,0.028881
RANDOM,560,LastQuickSort,1,0.029686
RANDOM,560,LastQuickSort,2,0.020327
RANDOM,560,LastQuickSort,3,0.016302
RANDOM,560,LastQuickSort,4,0.012075
RANDOM,560,LastQuickSort,5,0.009862
RANDOM,570,InsertionSort,1,0.044076
RANDOM,570,InsertionSort,2,0.038945
RANDOM,570,InsertionSort,3,0.040353
RANDOM,570,InsertionSort,4,0.036932
RANDOM,570,InsertionSort,5,0.036127
RANDOM,570,LastQuickSort,1,0.027674
RANDOM,570,LastQuickSort,2,0.021233
RANDOM,570,LastQuickSort,3,0.014088
RANDOM,570,LastQuickSort,4,0.011874
RANDOM,570,LastQuickSort,5,0.013786
RANDOM,580,InsertionSort,1,0.042366
RANDOM,580,InsertionSort,2,0.040354
RANDOM,580,InsertionSort,3,0.037536
RANDOM,580,InsertionSort,4,0.038542
RANDOM,580,InsertionSort,5,0.060581
RANDOM,580,LastQuickSort,1,0.029384
RANDOM,580,LastQuickSort,2,0.034618
RANDOM,580,LastQuickSort,3,0.028277
RANDOM,580,LastQuickSort,4,0.013787
RANDOM,580,LastQuickSort,5,0.011774
RANDOM,590,InsertionSort,1,0.048102
RANDOM,590,InsertionSort,2,0.033208
RANDOM,590,InsertionSort,3,0.032102
RANDOM,590,InsertionSort,4,0.031598
RANDOM,590,InsertionSort,5,0.031297
RANDOM,590,LastQuickSort,1,0.028982
RANDOM,590,LastQuickSort,2,0.022340
RANDOM,590,LastQuickSort,3,0.013384
RANDOM,590,LastQuickSort,4,0.011069
RANDOM,590,LastQuickSort,5,0.010063
RANDOM,600,InsertionSort,1,0.048404
RANDOM,600,InsertionSort,2,0.034818
RANDOM,600,InsertionSort,3,0.033813
RANDOM,600,InsertionSort,4,0.033310
RANDOM,600,InsertionSort,5,0.033007
RANDOM,600,LastQuickSort,1,0.030994
RANDOM,600,LastQuickSort,2,0.019321
RANDOM,600,LastQuickSort,3,0.013888
RANDOM,600,LastQuickSort,4,0.011472
RANDOM,600,LastQuickSort,5,0.010365
RANDOM,610,InsertionSort,1,0.052027
RANDOM,610,InsertionSort,2,0.034416
RANDOM,610,InsertionSort,3,0.033510
RANDOM,610,InsertionSort,4,0.032605
RANDOM,610,InsertionSort,5,0.032907
RANDOM,610,LastQuickSort,1,0.029486
RANDOM,610,LastQuickSort,2,0.024051
RANDOM,610,LastQuickSort,3,0.016604
RANDOM,610,LastQuickSort,4,0.013888
RANDOM,610,LastQuickSort,5,0.013686
RANDOM,620,InsertionSort,1,0.045385
RANDOM,620,InsertionSort,2,0.043071
RANDOM,620,InsertionSort,3,0.042064
RANDOM,620,InsertionSort,4,0.044479
RANDOM,620,InsertionSort,5,0.043070
RANDOM,620,LastQuickSort,1,0.033007
RANDOM,620,LastQuickSort,2,0.023045
RANDOM,620,LastQuickSort,3,0.017208
RANDOM,620,LastQuickSort,4,0.014390
RANDOM,620,LastQuickSort,5,0.014290
RANDOM,630,InsertionSort,1,0.051624
RANDOM,630,InsertionSort,2,0.047398
RANDOM,630,InsertionSort,3,0.061688
RANDOM,630,InsertionSort,4,0.051825
RANDOM,630,InsertionSort,5,0.053637
RANDOM,630,LastQuickSort,1,0.031296
RANDOM,630,LastQuickSort,2,0.022139
RANDOM,630,LastQuickSort,3,0.017006
RANDOM,630,LastQuickSort,4,0.014591
RANDOM,630,LastQuickSort,5,0.013182
RANDOM,640,InsertionSort,1,0.048001
RANDOM,640,InsertionSort,2,0.045989
RANDOM,640,InsertionSort,3,0.044177
RANDOM,640,InsertionSort,4,0.044177
RANDOM,640,InsertionSort,5,0.047297
RANDOM,640,LastQuickSort,1,0.034718
RANDOM,640,LastQuickSort,2,0.023548
RANDOM,640,LastQuickSort,3,0.017812
RANDOM,640,LastQuickSort,4,0.015195
RANDOM,640,LastQuickSort,5,0.013686
RANDOM,650,InsertionSort,1,0.058668
RANDOM,650,InsertionSort,2,0.057561
RANDOM,650,InsertionSort,3,0.057662
RANDOM,650,InsertionSort,4,0.056455
RANDOM,650,InsertionSort,5,0.054341
RANDOM,650,LastQuickSort,1,0.037133
RANDOM,650,LastQuickSort,2,0.027372
RANDOM,650,LastQuickSort,3,0.021636
RANDOM,650,LastQuickSort,4,0.016705
RANDOM,650,LastQuickSort,5,0.013887
RANDOM,660,InsertionSort,1,0.051624
RANDOM,660,InsertionSort,2,0.051825
RANDOM,660,InsertionSort,3,0.049310
RANDOM,660,InsertionSort,4,0.052832
RANDOM,660,InsertionSort,5,0.049210
RANDOM,660,LastQuickSort,1,0.033108
RANDOM,660,LastQuickSort,2,0.024353
RANDOM,660,LastQuickSort,3,0.020529
RANDOM,660,LastQuickSort,4,0.016202
RANDOM,660,LastQuickSort,5,0.014995
RANDOM,670,InsertionSort,1,0.053133
RANDOM,670,InsertionSort,2,0.051826
RANDOM,670,InsertionSort,3,0.049411
RANDOM,670,InsertionSort,4,0.052027
RANDOM,670,InsertionSort,5,0.053436
RANDOM,670,LastQuickSort,1,0.033812
RANDOM,670,LastQuickSort,2,0.025863
RANDOM,670,LastQuickSort,3,0.018014
RANDOM,670,LastQuickSort,4,0.016202
RANDOM,670,LastQuickSort,5,0.014793
RANDOM,680,InsertionSort,1,0.060480
RANDOM,680,InsertionSort,2,0.059172
RANDOM,680,InsertionSort,3,0.059574
RANDOM,680,InsertionSort,4,0.055247
RANDOM,680,InsertionSort,5,0.055750
RANDOM,680,LastQuickSort,1,0.051725
RANDOM,680,LastQuickSort,2,0.026064
RANDOM,680,LastQuickSort,3,0.019724
RANDOM,680,LastQuickSort,4,0.016403
RANDOM,680,LastQuickSort,5,0.014994
RANDOM,690,InsertionSort,1,0.058870
RANDOM,690,InsertionSort,2,0.054442
RANDOM,690,InsertionSort,3,0.053738
RANDOM,690,InsertionSort,4,0.053335
RANDOM,690,InsertionSort,5,0.053133
RANDOM,690,LastQuickSort,1,0.033913
RANDOM,690,LastQuickSort,2,0.024756
RANDOM,690,LastQuickSort,3,0.019321
RANDOM,690,LastQuickSort,4,0.016504
RANDOM,690,LastQuickSort,5,0.014189
RANDOM,700,InsertionSort,1,0.066316
RANDOM,700,InsertionSort,2,0.066619
RANDOM,700,InsertionSort,3,0.066921
RANDOM,700,InsertionSort,4,0.070744
RANDOM,700,InsertionSort,5,0.078694
RANDOM,700,LastQuickSort,1,0.038844
RANDOM,700,LastQuickSort,2,0.030491
RANDOM,700,LastQuickSort,3,0.026567
RANDOM,700,LastQuickSort,4,0.020630
RANDOM,700,LastQuickSort,5,0.018215
RANDOM,710,InsertionSort,1,0.075575
RANDOM,710,InsertionSort,2,0.070241
RANDOM,710,InsertionSort,3,0.076178
RANDOM,710,InsertionSort,4,0.076983
RANDOM,710,InsertionSort,5,0.070443
RANDOM,710,LastQuickSort,1,0.035422
RANDOM,710,LastQuickSort,2,0.027271
RANDOM,710,LastQuickSort,3,0.021133
RANDOM,710,LastQuickSort,4,0.017510
RANDOM,710,LastQuickSort,5,0.016000
RANDOM,720,InsertionSort,1,0.066014
RANDOM,720,InsertionSort,2,0.065210
RANDOM,720,InsertionSort,3,0.066417
RANDOM,720,InsertionSort,4,0.064506
RANDOM,720,InsertionSort,5,0.115627
RANDOM,720,LastQuickSort,1,0.034618
RANDOM,720,LastQuickSort,2,0.025661
RANDOM,720,LastQuickSort,3,0.020529
RANDOM,720,LastQuickSort,4,0.016604
RANDOM,720,LastQuickSort,5,0.014893
RANDOM,730,InsertionSort,1,0.066920
RANDOM,730,InsertionSort,2,0.062593
RANDOM,730,InsertionSort,3,0.062191
RANDOM,730,InsertionSort,4,0.057763
RANDOM,730,InsertionSort,5,0.060078
RANDOM,730,LastQuickSort,1,0.041762
RANDOM,730,LastQuickSort,2,0.025561
RANDOM,730,LastQuickSort,3,0.020629
RANDOM,730,LastQuickSort,4,0.016907
RANDOM,730,LastQuickSort,5,0.014189
RANDOM,740,InsertionSort,1,0.060580
RANDOM,740,InsertionSort,2,0.050518
RANDOM,740,InsertionSort,3,0.085336
RANDOM,740,InsertionSort,4,0.054643
RANDOM,740,InsertionSort,5,0.048404
RANDOM,740,LastQuickSort,1,0.040051
RANDOM,740,LastQuickSort,2,0.029686
RANDOM,740,LastQuickSort,3,0.020026
RANDOM,740,LastQuickSort,4,0.016806
RANDOM,740,LastQuickSort,5,0.015900
RANDOM,750,InsertionSort,1,0.054543
RANDOM,750,InsertionSort,2,0.053133
RANDOM,750,InsertionSort,3,0.052127
RANDOM,750,InsertionSort,4,0.051625
RANDOM,750,InsertionSort,5,0.051323
RANDOM,750,LastQuickSort,1,0.034114
RANDOM,750,LastQuickSort,2,0.030290
RANDOM,750,LastQuickSort,3,0.022139
RANDOM,750,LastQuickSort,4,0.018415
RANDOM,750,LastQuickSort,5,0.040555
RANDOM,760,InsertionSort,1,0.070744
RANDOM,760,InsertionSort,2,0.069939
RANDOM,760,InsertionSort,3,0.064304
RANDOM,760,InsertionSort,4,0.053033
RANDOM,760,InsertionSort,5,0.052832
RANDOM,760,LastQuickSort,1,0.038139
RANDOM,760,LastQuickSort,2,0.031699
RANDOM,760,LastQuickSort,3,0.020731
RANDOM,760,LastQuickSort,4,0.016906
RANDOM,760,LastQuickSort,5,0.014693
RANDOM,770,InsertionSort,1,0.069437
RANDOM,770,InsertionSort,2,0.054341
RANDOM,770,InsertionSort,3,0.052429
RANDOM,770,InsertionSort,4,0.051724
RANDOM,770,InsertionSort,5,0.051423
RANDOM,770,LastQuickSort,1,0.038743
RANDOM,770,LastQuickSort,2,0.031095
RANDOM,770,LastQuickSort,3,0.023649
RANDOM,770,LastQuickSort,4,0.019724
RANDOM,770,LastQuickSort,5,0.017510
RANDOM,780,InsertionSort,1,0.067524
RANDOM,780,InsertionSort,2,0.063398
RANDOM,780,InsertionSort,3,0.054744
RANDOM,780,InsertionSort,4,0.054241
RANDOM,780,InsertionSort,5,0.082719
RANDOM,780,LastQuickSort,1,0.035825
RANDOM,780,LastQuickSort,2,0.030189
RANDOM,780,LastQuickSort,3,0.022340
RANDOM,780,LastQuickSort,4,0.020227
RANDOM,780,LastQuickSort,5,0.017309
RANDOM,790,InsertionSort,1,0.075574
RANDOM,790,InsertionSort,2,0.066316
RANDOM,790,InsertionSort,3,0.055247
RANDOM,790,InsertionSort,4,0.054844
RANDOM,790,InsertionSort,5,0.054442
RANDOM,790,LastQuickSort,1,0.037133
RANDOM,790,LastQuickSort,2,0.030793
RANDOM,790,LastQuickSort,3,0.025661
RANDOM,790,LastQuickSort,4,0.024554
RANDOM,790,LastQuickSort,5,0.020630
RANDOM,800,InsertionSort,1,0.072053
RANDOM,800,InsertionSort,2,0.058065
RANDOM,800,InsertionSort,3,0.057260
RANDOM,800,InsertionSort,4,0.056655
RANDOM,800,InsertionSort,5,0.056253
RANDOM,800,LastQuickSort,1,0.035825
RANDOM,800,LastQuickSort,2,0.027976
RANDOM,800,LastQuickSort,3,0.022139
RANDOM,800,LastQuickSort,4,0.018919
RANDOM,800,LastQuickSort,5,0.016000
RANDOM,810,InsertionSort,1,0.080908
RANDOM,810,InsertionSort,2,0.076581
RANDOM,810,InsertionSort,3,0.076178
RANDOM,810,InsertionSort,4,0.076481
RANDOM,810,InsertionSort,5,0.064606
RANDOM,810,LastQuickSort,1,0.036429
RANDOM,810,LastQuickSort,2,0.028076
RANDOM,810,LastQuickSort,3,0.022038
RANDOM,810,LastQuickSort,4,0.020730
RANDOM,810,LastQuickSort,5,0.016806
RANDOM,820,InsertionSort,1,0.062292
RANDOM,820,InsertionSort,2,0.061386
RANDOM,820,InsertionSort,3,0.060178
RANDOM,820,InsertionSort,4,0.078895
RANDOM,820,InsertionSort,5,0.061687
RANDOM,820,LastQuickSort,1,0.042567
RANDOM,820,LastQuickSort,2,0.031297
RANDOM,820,LastQuickSort,3,0.025158
RANDOM,820,LastQuickSort,4,0.021233
RANDOM,820,LastQuickSort,5,0.017913
RANDOM,830,InsertionSort,1,0.140281
RANDOM,830,InsertionSort,2,0.061185
RANDOM,830,InsertionSort,3,0.059876
RANDOM,830,InsertionSort,4,0.059473
RANDOM,830,InsertionSort,5,0.059373
RANDOM,830,LastQuickSort,1,0.038039
RANDOM,830,LastQuickSort,2,0.029586
RANDOM,830,LastQuickSort,3,0.023850
RANDOM,830,LastQuickSort,4,0.020630
RANDOM,830,LastQuickSort,5,0.021736
RANDOM,840,InsertionSort,1,0.067524
RANDOM,840,InsertionSort,2,0.066317
RANDOM,840,InsertionSort,3,0.065210
RANDOM,840,InsertionSort,4,0.064606
RANDOM,840,InsertionSort,5,0.064303
RANDOM,840,LastQuickSort,1,0.037536
RANDOM,840,LastQuickSort,2,0.030693
RANDOM,840,LastQuickSort,3,0.025058
RANDOM,840,LastQuickSort,4,0.021837
RANDOM,840,LastQuickSort,5,0.019724
RANDOM,850,InsertionSort,1,0.066417
RANDOM,850,InsertionSort,2,0.078695
RANDOM,850,InsertionSort,3,0.064103
RANDOM,850,InsertionSort,4,0.063801
RANDOM,850,InsertionSort,5,0.064505
RANDOM,850,LastQuickSort,1,0.039448
RANDOM,850,LastQuickSort,2,0.031900
RANDOM,850,LastQuickSort,3,0.026064
RANDOM,850,LastQuickSort,4,0.022541
RANDOM,850,LastQuickSort,5,0.020227
RANDOM,860,InsertionSort,1,0.067725
RANDOM,860,InsertionSort,2,0.077386
RANDOM,860,InsertionSort,3,0.085235
RANDOM,860,InsertionSort,4,0.083726
RANDOM,860,InsertionSort,5,0.083625
RANDOM,860,LastQuickSort,1,0.038744
RANDOM,860,LastQuickSort,2,0.030894
RANDOM,860,LastQuickSort,3,0.025561
RANDOM,860,LastQuickSort,4,0.022541
RANDOM,860,LastQuickSort,5,0.019925
RANDOM,870,InsertionSort,1,0.069033
RANDOM,870,InsertionSort,2,0.068229
RANDOM,870,InsertionSort,3,0.066820
RANDOM,870,InsertionSort,4,0.066216
RANDOM,870,InsertionSort,5,0.066014
RANDOM,870,LastQuickSort,1,0.043473
RANDOM,870,LastQuickSort,2,0.039045
RANDOM,870,LastQuickSort,3,0.026869
RANDOM,870,LastQuickSort,4,0.022944
RANDOM,870,LastQuickSort,5,0.019925
RANDOM,880,InsertionSort,1,0.091575
RANDOM,880,InsertionSort,2,0.089965
RANDOM,880,InsertionSort,3,0.068329
RANDOM,880,InsertionSort,4,0.067524
RANDOM,880,InsertionSort,5,0.067021
RANDOM,880,LastQuickSort,1,0.043774
RANDOM,880,LastQuickSort,2,0.034718
RANDOM,880,LastQuickSort,3,0.028881
RANDOM,880,LastQuickSort,4,0.027170
RANDOM,880,LastQuickSort,5,0.023951
RANDOM,890,InsertionSort,1,0.090871
RANDOM,890,InsertionSort,2,0.089462
RANDOM,890,InsertionSort,3,0.092179
RANDOM,890,InsertionSort,4,0.089260
RANDOM,890,InsertionSort,5,0.090367
RANDOM,890,LastQuickSort,1,0.049310
RANDOM,890,LastQuickSort,2,0.036227
RANDOM,890,LastQuickSort,3,0.029485
RANDOM,890,LastQuickSort,4,0.026064
RANDOM,890,LastQuickSort,5,0.026064
RANDOM,900,InsertionSort,1,0.075675
RANDOM,900,InsertionSort,2,0.072556
RANDOM,900,InsertionSort,3,0.081411
RANDOM,900,InsertionSort,4,0.071147
RANDOM,900,InsertionSort,5,0.070744
RANDOM,900,LastQuickSort,1,0.040353
RANDOM,900,LastQuickSort,2,0.033108
RANDOM,900,LastQuickSort,3,0.032403
RANDOM,900,LastQuickSort,4,0.029082
RANDOM,900,LastQuickSort,5,0.024756
RANDOM,910,InsertionSort,1,0.126495
RANDOM,910,InsertionSort,2,0.077989
RANDOM,910,InsertionSort,3,0.076480
RANDOM,910,InsertionSort,4,0.079298
RANDOM,910,InsertionSort,5,0.076883
RANDOM,910,LastQuickSort,1,0.048002
RANDOM,910,LastQuickSort,2,0.034617
RANDOM,910,LastQuickSort,3,0.029083
RANDOM,910,LastQuickSort,4,0.025661
RANDOM,910,LastQuickSort,5,0.022742
RANDOM,920,InsertionSort,1,0.096909
RANDOM,920,InsertionSort,2,0.113613
RANDOM,920,InsertionSort,3,0.094997
RANDOM,920,InsertionSort,4,0.098418
RANDOM,920,InsertionSort,5,0.091776
RANDOM,920,LastQuickSort,1,0.050518
RANDOM,920,LastQuickSort,2,0.036228
RANDOM,920,LastQuickSort,3,0.030391
RANDOM,920,LastQuickSort,4,0.026970
RANDOM,920,LastQuickSort,5,0.024152
RANDOM,930,InsertionSort,1,0.085135
RANDOM,930,InsertionSort,2,0.093286
RANDOM,930,InsertionSort,3,0.088053
RANDOM,930,InsertionSort,4,0.075977
RANDOM,930,InsertionSort,5,0.075374
RANDOM,930,LastQuickSort,1,0.043372
RANDOM,930,LastQuickSort,2,0.040253
RANDOM,930,LastQuickSort,3,0.028982
RANDOM,930,LastQuickSort,4,0.025460
RANDOM,930,LastQuickSort,5,0.022441
RANDOM,940,InsertionSort,1,0.087450
RANDOM,940,InsertionSort,2,0.078392
RANDOM,940,InsertionSort,3,0.077688
RANDOM,940,InsertionSort,4,0.119953
RANDOM,940,InsertionSort,5,0.077185
RANDOM,940,LastQuickSort,1,0.055448
RANDOM,940,LastQuickSort,2,0.035221
RANDOM,940,LastQuickSort,3,0.029485
RANDOM,940,LastQuickSort,4,0.026165
RANDOM,940,LastQuickSort,5,0.023146
RANDOM,950,InsertionSort,1,0.081412
RANDOM,950,InsertionSort,2,0.079600
RANDOM,950,InsertionSort,3,0.078493
RANDOM,950,InsertionSort,4,0.078291
RANDOM,950,InsertionSort,5,0.077587
RANDOM,950,LastQuickSort,1,0.047297
RANDOM,950,LastQuickSort,2,0.036228
RANDOM,950,LastQuickSort,3,0.030693
RANDOM,950,LastQuickSort,4,0.027573
RANDOM,950,LastQuickSort,5,0.024655
RANDOM,960,InsertionSort,1,0.110594
RANDOM,960,InsertionSort,2,0.084028
RANDOM,960,InsertionSort,3,0.082820
RANDOM,960,InsertionSort,4,0.082317
RANDOM,960,InsertionSort,5,0.082720
RANDOM,960,LastQuickSort,1,0.044781
RANDOM,960,LastQuickSort,2,0.036227
RANDOM,960,LastQuickSort,3,0.030391
RANDOM,960,LastQuickSort,4,0.027271
RANDOM,960,LastQuickSort,5,0.024352
RANDOM,970,InsertionSort,1,0.086645
RANDOM,970,InsertionSort,2,0.085537
RANDOM,970,InsertionSort,3,0.081613
RANDOM,970,InsertionSort,4,0.090066
RANDOM,970,InsertionSort,5,0.089864
RANDOM,970,LastQuickSort,1,0.049310
RANDOM,970,LastQuickSort,2,0.041863
RANDOM,970,LastQuickSort,3,0.039146
RANDOM,970,LastQuickSort,4,0.031296
RANDOM,970,LastQuickSort,5,0.027271
RANDOM,980,InsertionSort,1,0.113211
RANDOM,980,InsertionSort,2,0.104959
RANDOM,980,InsertionSort,3,0.110997
RANDOM,980,InsertionSort,4,0.107274
RANDOM,980,InsertionSort,5,0.091374
RANDOM,980,LastQuickSort,1,0.050819
RANDOM,980,LastQuickSort,2,0.036932
RANDOM,980,LastQuickSort,3,0.030894
RANDOM,980,LastQuickSort,4,0.027473
RANDOM,980,LastQuickSort,5,0.024654
RANDOM,990,InsertionSort,1,0.113815
RANDOM,990,InsertionSort,2,0.113312
RANDOM,990,InsertionSort,3,0.111903
RANDOM,990,InsertionSort,4,0.113311
RANDOM,990,InsertionSort,5,0.109689
RANDOM,990,LastQuickSort,1,0.045889
RANDOM,990,LastQuickSort,2,0.039850
RANDOM,990,LastQuickSort,3,0.033410
RANDOM,990,LastQuickSort,4,0.034013
RANDOM,990,LastQuickSort,5,0.029988
RANDOM,1000,InsertionSort,1,0.112809
RANDOM,1000,InsertionSort,2,0.089060
RANDOM,1000,InsertionSort,3,0.101337
RANDOM,1000,InsertionSort,4,0.087550
RANDOM,1000,InsertionSort,5,0.087148
RANDOM,1000,LastQuickSort,1,0.047700
RANDOM,1000,LastQuickSort,2,0.038442
RANDOM,1000,LastQuickSort,3,0.033008
RANDOM,1000,LastQuickSort,4,0.029988
RANDOM,1000,LastQuickSort,5,0.027171
RANDOM,10000,LastQuickSort,1,0.559011
RANDOM,10000,LastQuickSort,2,0.544722
RANDOM,10000,LastQuickSort,3,0.539590
RANDOM,10000,LastQuickSort,4,0.538683
RANDOM,10000,LastQuickSort,5,0.567162
RANDOM,10000,TwoPointerQuickSort,1,3.745426
RANDOM,10000,TwoPointerQuickSort,2,1.278733
RANDOM,10000,TwoPointerQuickSort,3,1.113192
RANDOM,10000,TwoPointerQuickSort,4,1.486638
RANDOM,10000,TwoPointerQuickSort,5,1.425957
RANDOM,20000,LastQuickSort,1,1.151031
RANDOM,20000,LastQuickSort,2,1.254279
RANDOM,20000,LastQuickSort,3,1.153244
RANDOM,20000,LastQuickSort,4,1.136137
RANDOM,20000,LastQuickSort,5,1.271084
RANDOM,20000,TwoPointerQuickSort,1,2.174358
RANDOM,20000,TwoPointerQuickSort,2,1.297349
RANDOM,20000,TwoPointerQuickSort,3,1.299563
RANDOM,20000,TwoPointerQuickSort,4,1.177999
RANDOM,20000,TwoPointerQuickSort,5,1.310432
RANDOM,30000,LastQuickSort,1,1.831806
RANDOM,30000,LastQuickSort,2,1.866423
RANDOM,30000,LastQuickSort,3,1.846700
RANDOM,30000,LastQuickSort,4,2.055914
RANDOM,30000,LastQuickSort,5,2.015863
RANDOM,30000,TwoPointerQuickSort,1,2.066783
RANDOM,30000,TwoPointerQuickSort,2,2.090330
RANDOM,30000,TwoPointerQuickSort,3,1.934150
RANDOM,30000,TwoPointerQuickSort,4,2.029046
RANDOM,30000,TwoPointerQuickSort,5,1.910299
RANDOM,40000,LastQuickSort,1,2.512381
RANDOM,40000,LastQuickSort,2,2.599227
RANDOM,40000,LastQuickSort,3,2.580610
RANDOM,40000,LastQuickSort,4,2.568434
RANDOM,40000,LastQuickSort,5,2.493663
RANDOM,40000,TwoPointerQuickSort,1,2.672587
RANDOM,40000,TwoPointerQuickSort,2,2.558168
RANDOM,40000,TwoPointerQuickSort,3,2.569339
RANDOM,40000,TwoPointerQuickSort,4,2.644813
RANDOM,40000,TwoPointerQuickSort,5,2.540558
RANDOM,50000,LastQuickSort,1,3.223649
RANDOM,50000,LastQuickSort,2,3.324985
RANDOM,50000,LastQuickSort,3,3.214290
RANDOM,50000,LastQuickSort,4,3.211371
RANDOM,50000,LastQuickSort,5,3.226466
RANDOM,50000,TwoPointerQuickSort,1,3.239952
RANDOM,50000,TwoPointerQuickSort,2,3.198290
RANDOM,50000,TwoPointerQuickSort,3,3.195673
RANDOM,50000,TwoPointerQuickSort,4,3.338974
RANDOM,50000,TwoPointerQuickSort,5,3.229184
RANDOM,60000,LastQuickSort,1,3.865078
RANDOM,60000,LastQuickSort,2,3.766760
RANDOM,60000,LastQuickSort,3,3.746232
RANDOM,60000,LastQuickSort,4,3.786182
RANDOM,60000,LastQuickSort,5,3.799064
RANDOM,60000,TwoPointerQuickSort,1,3.842738
RANDOM,60000,TwoPointerQuickSort,2,3.851694
RANDOM,60000,TwoPointerQuickSort,3,3.908048
RANDOM,60000,TwoPointerQuickSort,4,3.883292
RANDOM,60000,TwoPointerQuickSort,5,3.847568
RANDOM,70000,LastQuickSort,1,4.438681
RANDOM,70000,LastQuickSort,2,4.533174
RANDOM,70000,LastQuickSort,3,4.478330
RANDOM,70000,LastQuickSort,4,4.446933
RANDOM,70000,LastQuickSort,5,4.456996
RANDOM,70000,TwoPointerQuickSort,1,4.590534
RANDOM,70000,TwoPointerQuickSort,2,4.540219
RANDOM,70000,TwoPointerQuickSort,3,4.593553
RANDOM,70000,TwoPointerQuickSort,4,5.022851
RANDOM,70000,TwoPointerQuickSort,5,4.534885
RANDOM,80000,LastQuickSort,1,5.138376
RANDOM,80000,LastQuickSort,2,5.112815
RANDOM,80000,LastQuickSort,3,5.083733
RANDOM,80000,LastQuickSort,4,5.103256
RANDOM,80000,LastQuickSort,5,6.168245
RANDOM,80000,TwoPointerQuickSort,1,5.515948
RANDOM,80000,TwoPointerQuickSort,2,5.217573
RANDOM,80000,TwoPointerQuickSort,3,5.281273
RANDOM,80000,TwoPointerQuickSort,4,5.210428
RANDOM,80000,TwoPointerQuickSort,5,5.295362
RANDOM,90000,LastQuickSort,1,5.732508
RANDOM,90000,LastQuickSort,2,5.830725
RANDOM,90000,LastQuickSort,3,5.692155
RANDOM,90000,LastQuickSort,4,5.754043
RANDOM,90000,LastQuickSort,5,5.698494
RANDOM,90000,TwoPointerQuickSort,1,5.908212
RANDOM,90000,TwoPointerQuickSort,2,5.939710
RANDOM,90000,TwoPointerQuickSort,3,5.873997
RANDOM,90000,TwoPointerQuickSort,4,5.950075
RANDOM,90000,TwoPointerQuickSort,5,5.896739
RANDOM,100000,LastQuickSort,1,6.484733
RANDOM,100000,LastQuickSort,2,6.462192
RANDOM,100000,LastQuickSort,3,6.409963
RANDOM,100000,LastQuickSort,4,6.480808
RANDOM,100000,LastQuickSort,5,6.396177
RANDOM,100000,TwoPointerQuickSort,1,8.186422
RANDOM,100000,TwoPointerQuickSort,2,6.604989
RANDOM,100000,TwoPointerQuickSort,3,6.682877
RANDOM,100000,TwoPointerQuickSort,4,6.681167
RANDOM,100000,TwoPointerQuickSort,5,6.666575
RANDOM,110000,LastQuickSort,1,8.447864
RANDOM,110000,LastQuickSort,2,8.620347
RANDOM,110000,LastQuickSort,3,7.517118
RANDOM,110000,LastQuickSort,4,7.265336
RANDOM,110000,LastQuickSort,5,7.126363
RANDOM,110000,TwoPointerQuickSort,1,8.001359
RANDOM,110000,TwoPointerQuickSort,2,7.901533
RANDOM,110000,TwoPointerQuickSort,3,7.565321
RANDOM,110000,TwoPointerQuickSort,4,7.521747
RANDOM,110000,TwoPointerQuickSort,5,7.483306
RANDOM,120000,LastQuickSort,1,7.719791
RANDOM,120000,LastQuickSort,2,7.753603
RANDOM,120000,LastQuickSort,3,7.829580
RANDOM,120000,LastQuickSort,4,7.720797
RANDOM,120000,LastQuickSort,5,7.699061
RANDOM,120000,TwoPointerQuickSort,1,8.014542
RANDOM,120000,TwoPointerQuickSort,2,8.057915
RANDOM,120000,TwoPointerQuickSort,3,10.230864
RANDOM,120000,TwoPointerQuickSort,4,8.195479
RANDOM,120000,TwoPointerQuickSort,5,8.798467
RANDOM,130000,LastQuickSort,1,8.854619
RANDOM,130000,LastQuickSort,2,10.338191
RANDOM,130000,LastQuickSort,3,8.977841
RANDOM,130000,LastQuickSort,4,9.023942
RANDOM,130000,LastQuickSort,5,9.483343
RANDOM,130000,TwoPointerQuickSort,1,9.137485
RANDOM,130000,TwoPointerQuickSort,2,9.176640
RANDOM,130000,TwoPointerQuickSort,3,10.359567
RANDOM,130000,TwoPointerQuickSort,4,9.535786
RANDOM,130000,TwoPointerQuickSort,5,9.216198
RANDOM,140000,LastQuickSort,1,9.807360
RANDOM,140000,LastQuickSort,2,10.011493
RANDOM,140000,LastQuickSort,3,10.031826
RANDOM,140000,LastQuickSort,4,10.053468
RANDOM,140000,LastQuickSort,5,9.702374
RANDOM,140000,TwoPointerQuickSort,1,11.172577
RANDOM,140000,TwoPointerQuickSort,2,10.758170
RANDOM,140000,TwoPointerQuickSort,3,10.141442
RANDOM,140000,TwoPointerQuickSort,4,10.029209
RANDOM,140000,TwoPointerQuickSort,5,9.796790
RANDOM,150000,LastQuickSort,1,10.773470
RANDOM,150000,LastQuickSort,2,10.287898
RANDOM,150000,LastQuickSort,3,10.619766
RANDOM,150000,LastQuickSort,4,10.481966
RANDOM,150000,LastQuickSort,5,10.007769
RANDOM,150000,TwoPointerQuickSort,1,11.235890
RANDOM,150000,TwoPointerQuickSort,2,11.502331
RANDOM,150000,TwoPointerQuickSort,3,11.201969
RANDOM,150000,TwoPointerQuickSort,4,10.617955
RANDOM,150000,TwoPointerQuickSort,5,11.817791
RANDOM,160000,LastQuickSort,1,11.925395
RANDOM,160000,LastQuickSort,2,11.403586
RANDOM,160000,LastQuickSort,3,11.963846
RANDOM,160000,LastQuickSort,4,10.808600
RANDOM,160000,LastQuickSort,5,10.990790
RANDOM,160000,TwoPointerQuickSort,1,11.668618
RANDOM,160000,TwoPointerQuickSort,2,11.251694
RANDOM,160000,TwoPointerQuickSort,3,11.667610
RANDOM,160000,TwoPointerQuickSort,4,11.360103
RANDOM,160000,TwoPointerQuickSort,5,11.340575
RANDOM,170000,LastQuickSort,1,12.346948
RANDOM,170000,LastQuickSort,2,12.482231
RANDOM,170000,LastQuickSort,3,11.921268
RANDOM,170000,LastQuickSort,4,11.984380
RANDOM,170000,LastQuickSort,5,11.942506
RANDOM,170000,TwoPointerQuickSort,1,12.094197
RANDOM,170000,TwoPointerQuickSort,2,12.537795
RANDOM,170000,TwoPointerQuickSort,3,12.628185
RANDOM,170000,TwoPointerQuickSort,4,12.789136
RANDOM,170000,TwoPointerQuickSort,5,12.663516
RANDOM,180000,LastQuickSort,1,14.509272
RANDOM,180000,LastQuickSort,2,12.461698
RANDOM,180000,LastQuickSort,3,12.856678
RANDOM,180000,LastQuickSort,4,12.247599
RANDOM,180000,LastQuickSort,5,13.052758
RANDOM,180000,TwoPointerQuickSort,1,13.465151
RANDOM,180000,TwoPointerQuickSort,2,12.973541
RANDOM,180000,TwoPointerQuickSort,3,13.830438
RANDOM,180000,TwoPointerQuickSort,4,12.669857
RANDOM,180000,TwoPointerQuickSort,5,12.696330
RANDOM,190000,LastQuickSort,1,13.382110
RANDOM,190000,LastQuickSort,2,13.177674
RANDOM,190000,LastQuickSort,3,13.106107
RANDOM,190000,LastQuickSort,4,13.373151
RANDOM,190000,LastQuickSort,5,13.850268
RANDOM,190000,TwoPointerQuickSort,1,13.406469
RANDOM,190000,TwoPointerQuickSort,2,13.672305
RANDOM,190000,TwoPointerQuickSort,3,13.450859
RANDOM,190000,TwoPointerQuickSort,4,13.489813
RANDOM,190000,TwoPointerQuickSort,5,13.430425
RANDOM,200000,LastQuickSort,1,13.611004
RANDOM,200000,LastQuickSort,2,13.608388
RANDOM,200000,LastQuickSort,3,13.585840
RANDOM,200000,LastQuickSort,4,13.458307
RANDOM,200000,LastQuickSort,5,13.617749
RANDOM,200000,TwoPointerQuickSort,1,14.395026
RANDOM,200000,TwoPointerQuickSort,2,14.189886
RANDOM,200000,TwoPointerQuickSort,3,14.599159
RANDOM,200000,TwoPointerQuickSort,4,14.628954
RANDOM,200000,TwoPointerQuickSort,5,14.284126
RANDOM,210000,LastQuickSort,1,14.589290
RANDOM,210000,LastQuickSort,2,17.249952
RANDOM,210000,LastQuickSort,3,15.318714
RANDOM,210000,LastQuickSort,4,14.861629
RANDOM,210000,LastQuickSort,5,16.418540
RANDOM,210000,TwoPointerQuickSort,1,15.569709
RANDOM,210000,TwoPointerQuickSort,2,17.162461
RANDOM,210000,TwoPointerQuickSort,3,16.241041
RANDOM,210000,TwoPointerQuickSort,4,17.209781
RANDOM,210000,TwoPointerQuickSort,5,16.612247
RANDOM,220000,LastQuickSort,1,16.322390
RANDOM,220000,LastQuickSort,2,15.994980
RANDOM,220000,LastQuickSort,3,15.886950
RANDOM,220000,LastQuickSort,4,17.782447
RANDOM,220000,LastQuickSort,5,16.700140
RANDOM,220000,TwoPointerQuickSort,1,18.555063
RANDOM,220000,TwoPointerQuickSort,2,19.127829
RANDOM,220000,TwoPointerQuickSort,3,17.847687
RANDOM,220000,TwoPointerQuickSort,4,16.693898
RANDOM,220000,TwoPointerQuickSort,5,17.648643
RANDOM,230000,LastQuickSort,1,18.581038
RANDOM,230000,LastQuickSort,2,20.549729
RANDOM,230000,LastQuickSort,3,19.925615
RANDOM,230000,LastQuickSort,4,15.995484
RANDOM,230000,LastQuickSort,5,16.883880
RANDOM,230000,TwoPointerQuickSort,1,16.743432
RANDOM,230000,TwoPointerQuickSort,2,17.629917
RANDOM,230000,TwoPointerQuickSort,3,16.709403
RANDOM,230000,TwoPointerQuickSort,4,16.666916
RANDOM,230000,TwoPointerQuickSort,5,16.559088
RANDOM,240000,LastQuickSort,1,16.364978
RANDOM,240000,LastQuickSort,2,16.423573
RANDOM,240000,LastQuickSort,3,16.402632
RANDOM,240000,LastQuickSort,4,16.491431
RANDOM,240000,LastQuickSort,5,16.894553
RANDOM,240000,TwoPointerQuickSort,1,17.328784
RANDOM,240000,TwoPointerQuickSort,2,17.487052
RANDOM,240000,TwoPointerQuickSort,3,17.403791
RANDOM,240000,TwoPointerQuickSort,4,17.404495
RANDOM,240000,TwoPointerQuickSort,5,17.484032
RANDOM,250000,LastQuickSort,1,19.164980
RANDOM,250000,LastQuickSort,2,23.392016
RANDOM,250000,LastQuickSort,3,23.119879
RANDOM,250000,LastQuickSort,4,21.413358
RANDOM,250000,LastQuickSort,5,22.596546
RANDOM,250000,TwoPointerQuickSort,1,18.873613
RANDOM,250000,TwoPointerQuickSort,2,20.384915
RANDOM,250000,TwoPointerQuickSort,3,19.032485
RANDOM,250000,TwoPointerQuickSort,4,19.033191
RANDOM,250000,TwoPointerQuickSort,5,19.055642
RANDOM,260000,LastQuickSort,1,17.904973
RANDOM,260000,LastQuickSort,2,17.949575
RANDOM,260000,LastQuickSort,3,17.809328
RANDOM,260000,LastQuickSort,4,18.127119
RANDOM,260000,LastQuickSort,5,18.063504
RANDOM,260000,TwoPointerQuickSort,1,20.075976
RANDOM,260000,TwoPointerQuickSort,2,21.769130
RANDOM,260000,TwoPointerQuickSort,3,19.314087
RANDOM,260000,TwoPointerQuickSort,4,21.135129
RANDOM,260000,TwoPointerQuickSort,5,19.126082
RANDOM,270000,LastQuickSort,1,21.356063
RANDOM,270000,LastQuickSort,2,21.107538
RANDOM,270000,LastQuickSort,3,19.444492
RANDOM,270000,LastQuickSort,4,20.701418
RANDOM,270000,LastQuickSort,5,18.841204
RANDOM,270000,TwoPointerQuickSort,1,20.827191
RANDOM,270000,TwoPointerQuickSort,2,22.734130
RANDOM,270000,TwoPointerQuickSort,3,20.781272
RANDOM,270000,TwoPointerQuickSort,4,20.418051
RANDOM,270000,TwoPointerQuickSort,5,20.872103
RANDOM,280000,LastQuickSort,1,23.139142
RANDOM,280000,LastQuickSort,2,20.659225
RANDOM,280000,LastQuickSort,3,21.617277
RANDOM,280000,LastQuickSort,4,20.892545
RANDOM,280000,LastQuickSort,5,20.278684
RANDOM,280000,TwoPointerQuickSort,1,23.815839
RANDOM,280000,TwoPointerQuickSort,2,23.372864
RANDOM,280000,TwoPointerQuickSort,3,22.030042
RANDOM,280000,TwoPointerQuickSort,4,26.008764
RANDOM,280000,TwoPointerQuickSort,5,22.588217
RANDOM,290000,LastQuickSort,1,21.325249
RANDOM,290000,LastQuickSort,2,23.047908
RANDOM,290000,LastQuickSort,3,21.536415
RANDOM,290000,LastQuickSort,4,20.707863
RANDOM,290000,LastQuickSort,5,20.990425
RANDOM,290000,TwoPointerQuickSort,1,22.244531
RANDOM,290000,TwoPointerQuickSort,2,22.358825
RANDOM,290000,TwoPointerQuickSort,3,22.937844
RANDOM,290000,TwoPointerQuickSort,4,22.255809
RANDOM,290000,TwoPointerQuickSort,5,23.295830
RANDOM,300000,LastQuickSort,1,22.031653
RANDOM,300000,LastQuickSort,2,22.177868
RANDOM,300000,LastQuickSort,3,24.476124
RANDOM,300000,LastQuickSort,4,22.216033
RANDOM,300000,LastQuickSort,5,21.770138
RANDOM,300000,TwoPointerQuickSort,1,25.099652
RANDOM,300000,TwoPointerQuickSort,2,24.173523
RANDOM,300000,TwoPointerQuickSort,3,26.077502
RANDOM,300000,TwoPointerQuickSort,4,23.483065
RANDOM,300000,TwoPointerQuickSort,5,26.185680
RANDOM,310000,LastQuickSort,1,23.875454
RANDOM,310000,LastQuickSort,2,23.939510
RANDOM,310000,LastQuickSort,3,23.174471
RANDOM,310000,LastQuickSort,4,27.100384
RANDOM,310000,LastQuickSort,5,24.068225
RANDOM,310000,TwoPointerQuickSort,1,24.883421
RANDOM,310000,TwoPointerQuickSort,2,25.311163
RANDOM,310000,TwoPointerQuickSort,3,26.506260
RANDOM,310000,TwoPointerQuickSort,4,24.532727
RANDOM,310000,TwoPointerQuickSort,5,25.586419
RANDOM,320000,LastQuickSort,1,23.531609
RANDOM,320000,LastQuickSort,2,23.426865
RANDOM,320000,LastQuickSort,3,23.239835
RANDOM,320000,LastQuickSort,4,23.082718
RANDOM,320000,LastQuickSort,5,23.084128
RANDOM,320000,TwoPointerQuickSort,1,25.230388
RANDOM,320000,TwoPointerQuickSort,2,25.420640
RANDOM,320000,TwoPointerQuickSort,3,25.295047
RANDOM,320000,TwoPointerQuickSort,4,26.546546
RANDOM,320000,TwoPointerQuickSort,5,25.811520
RANDOM,330000,LastQuickSort,1,25.670718
RANDOM,330000,LastQuickSort,2,25.394858
RANDOM,330000,LastQuickSort,3,26.703562
RANDOM,330000,LastQuickSort,4,25.441287
RANDOM,330000,LastQuickSort,5,24.493750
RANDOM,330000,TwoPointerQuickSort,1,27.002891
RANDOM,330000,TwoPointerQuickSort,2,26.695404
RANDOM,330000,TwoPointerQuickSort,3,26.531438
RANDOM,330000,TwoPointerQuickSort,4,26.504345
RANDOM,330000,TwoPointerQuickSort,5,26.651492
RANDOM,340000,LastQuickSort,1,28.141385
RANDOM,340000,LastQuickSort,2,26.410176
RANDOM,340000,LastQuickSort,3,27.058083
RANDOM,340000,LastQuickSort,4,26.126358
RANDOM,340000,LastQuickSort,5,28.248447
RANDOM,340000,TwoPointerQuickSort,1,28.737527
RANDOM,340000,TwoPointerQuickSort,2,28.217060
RANDOM,340000,TwoPointerQuickSort,3,29.659124
RANDOM,340000,TwoPointerQuickSort,4,27.463894
RANDOM,340000,TwoPointerQuickSort,5,28.242142
RANDOM,350000,LastQuickSort,1,27.965836
RANDOM,350000,LastQuickSort,2,30.353462
RANDOM,350000,LastQuickSort,3,28.747609
RANDOM,350000,LastQuickSort,4,28.311242
RANDOM,350000,LastQuickSort,5,26.083174
RANDOM,350000,TwoPointerQuickSort,1,30.642157
RANDOM,350000,TwoPointerQuickSort,2,29.101477
RANDOM,350000,TwoPointerQuickSort,3,30.353059
RANDOM,350000,TwoPointerQuickSort,4,29.813342
RANDOM,350000,TwoPointerQuickSort,5,28.044708
RANDOM,360000,LastQuickSort,1,28.937184
RANDOM,360000,LastQuickSort,2,29.262747
RANDOM,360000,LastQuickSort,3,28.268130
RANDOM,360000,LastQuickSort,4,28.438970
RANDOM,360000,LastQuickSort,5,28.364227
RANDOM,360000,TwoPointerQuickSort,1,31.188824
RANDOM,360000,TwoPointerQuickSort,2,30.932262
RANDOM,360000,TwoPointerQuickSort,3,30.726368
RANDOM,360000,TwoPointerQuickSort,4,30.471418
RANDOM,360000,TwoPointerQuickSort,5,31.775078
RANDOM,370000,LastQuickSort,1,29.556680
RANDOM,370000,LastQuickSort,2,27.949719
RANDOM,370000,LastQuickSort,3,29.062998
RANDOM,370000,LastQuickSort,4,28.051558
RANDOM,370000,LastQuickSort,5,28.368558
RANDOM,370000,TwoPointerQuickSort,1,34.138630
RANDOM,370000,TwoPointerQuickSort,2,30.321228
RANDOM,370000,TwoPointerQuickSort,3,31.492729
RANDOM,370000,TwoPointerQuickSort,4,31.582952
RANDOM,370000,TwoPointerQuickSort,5,31.252948
RANDOM,380000,LastQuickSort,1,30.221710
RANDOM,380000,LastQuickSort,2,30.864510
RANDOM,380000,LastQuickSort,3,29.996342
RANDOM,380000,LastQuickSort,4,30.789958
RANDOM,380000,LastQuickSort,5,29.084307
RANDOM,380000,TwoPointerQuickSort,1,33.733020
RANDOM,380000,TwoPointerQuickSort,2,33.730605
RANDOM,380000,TwoPointerQuickSort,3,32.352440
RANDOM,380000,TwoPointerQuickSort,4,33.375248
RANDOM,380000,TwoPointerQuickSort,5,31.359113
RANDOM,390000,LastQuickSort,1,31.925450
RANDOM,390000,LastQuickSort,2,31.926456
RANDOM,390000,LastQuickSort,3,31.397144
RANDOM,390000,LastQuickSort,4,30.487659
RANDOM,390000,LastQuickSort,5,31.914035
RANDOM,390000,TwoPointerQuickSort,1,33.162617
RANDOM,390000,TwoPointerQuickSort,2,32.971572
RANDOM,390000,TwoPointerQuickSort,3,44.988178
RANDOM,390000,TwoPointerQuickSort,4,34.893992
RANDOM,390000,TwoPointerQuickSort,5,33.092296
RANDOM,400000,LastQuickSort,1,34.746207
RANDOM,400000,LastQuickSort,2,31.356595
RANDOM,400000,LastQuickSort,3,31.077422
RANDOM,400000,LastQuickSort,4,31.299956
RANDOM,400000,LastQuickSort,5,30.514650
RANDOM,400000,TwoPointerQuickSort,1,33.583238
RANDOM,400000,TwoPointerQuickSort,2,32.972477
RANDOM,400000,TwoPointerQuickSort,3,34.484136
RANDOM,400000,TwoPointerQuickSort,4,34.465527
RANDOM,400000,TwoPointerQuickSort,5,48.709456
RANDOM,410000,LastQuickSort,1,32.267683
RANDOM,410000,LastQuickSort,2,33.913632
RANDOM,410000,LastQuickSort,3,32.072593
RANDOM,410000,LastQuickSort,4,31.714507
RANDOM,410000,LastQuickSort,5,32.013029
RANDOM,410000,TwoPointerQuickSort,1,38.787586
RANDOM,410000,TwoPointerQuickSort,2,35.784855
RANDOM,410000,TwoPointerQuickSort,3,39.994654
RANDOM,410000,TwoPointerQuickSort,4,34.755371
RANDOM,410000,TwoPointerQuickSort,5,34.683431
RANDOM,420000,LastQuickSort,1,35.317804
RANDOM,420000,LastQuickSort,2,34.637853
RANDOM,420000,LastQuickSort,3,33.256722
RANDOM,420000,LastQuickSort,4,34.600525
RANDOM,420000,LastQuickSort,5,36.701048
RANDOM,420000,TwoPointerQuickSort,1,38.547017
RANDOM,420000,TwoPointerQuickSort,2,38.889810
RANDOM,420000,TwoPointerQuickSort,3,41.881473
RANDOM,420000,TwoPointerQuickSort,4,37.014160
RANDOM,420000,TwoPointerQuickSort,5,35.606466
RANDOM,430000,LastQuickSort,1,34.404831
RANDOM,430000,LastQuickSort,2,34.261858
RANDOM,430000,LastQuickSort,3,36.102998
RANDOM,430000,LastQuickSort,4,33.853062
RANDOM,430000,LastQuickSort,5,35.248682
RANDOM,430000,TwoPointerQuickSort,1,36.966687
RANDOM,430000,TwoPointerQuickSort,2,37.333583
RANDOM,430000,TwoPointerQuickSort,3,37.766268
RANDOM,430000,TwoPointerQuickSort,4,37.717364
RANDOM,430000,TwoPointerQuickSort,5,38.722398
RANDOM,440000,LastQuickSort,1,38.845562
RANDOM,440000,LastQuickSort,2,37.923945
RANDOM,440000,LastQuickSort,3,35.466602
RANDOM,440000,LastQuickSort,4,35.210413
RANDOM,440000,LastQuickSort,5,35.037843
RANDOM,440000,TwoPointerQuickSort,1,41.286604
RANDOM,440000,TwoPointerQuickSort,2,38.492371
RANDOM,440000,TwoPointerQuickSort,3,37.611407
RANDOM,440000,TwoPointerQuickSort,4,39.764060
RANDOM,440000,TwoPointerQuickSort,5,40.433512
RANDOM,450000,LastQuickSort,1,38.155784
RANDOM,450000,LastQuickSort,2,37.170371
RANDOM,450000,LastQuickSort,3,36.977675
RANDOM,450000,LastQuickSort,4,36.529697
RANDOM,450000,LastQuickSort,5,37.793738
RANDOM,450000,TwoPointerQuickSort,1,40.060499
RANDOM,450000,TwoPointerQuickSort,2,41.631745
RANDOM,450000,TwoPointerQuickSort,3,41.420736
RANDOM,450000,TwoPointerQuickSort,4,40.192316
RANDOM,450000,TwoPointerQuickSort,5,40.313769
RANDOM,460000,LastQuickSort,1,41.671749
RANDOM,460000,LastQuickSort,2,39.506261
RANDOM,460000,LastQuickSort,3,38.909911
RANDOM,460000,LastQuickSort,4,39.555672
RANDOM,460000,LastQuickSort,5,39.738019
RANDOM,460000,TwoPointerQuickSort,1,44.818068
RANDOM,460000,TwoPointerQuickSort,2,41.434186
RANDOM,460000,TwoPointerQuickSort,3,41.308999
RANDOM,460000,TwoPointerQuickSort,4,42.098866
RANDOM,460000,TwoPointerQuickSort,5,41.365454
RANDOM,470000,LastQuickSort,1,40.779670
RANDOM,470000,LastQuickSort,2,39.164512
RANDOM,470000,LastQuickSort,3,40.580115
RANDOM,470000,LastQuickSort,4,42.512770
RANDOM,470000,LastQuickSort,5,45.886085
RANDOM,470000,TwoPointerQuickSort,1,48.165319
RANDOM,470000,TwoPointerQuickSort,2,42.987858
RANDOM,470000,TwoPointerQuickSort,3,42.823122
RANDOM,470000,TwoPointerQuickSort,4,42.214192
RANDOM,470000,TwoPointerQuickSort,5,41.385279
RANDOM,480000,LastQuickSort,1,40.560190
RANDOM,480000,LastQuickSort,2,39.308618
RANDOM,480000,LastQuickSort,3,40.339703
RANDOM,480000,LastQuickSort,4,40.866971
RANDOM,480000,LastQuickSort,5,41.703018
RANDOM,480000,TwoPointerQuickSort,1,45.063606
RANDOM,480000,TwoPointerQuickSort,2,44.362141
RANDOM,480000,TwoPointerQuickSort,3,43.922644
RANDOM,480000,TwoPointerQuickSort,4,44.704722
RANDOM,480000,TwoPointerQuickSort,5,43.348793
RANDOM,490000,LastQuickSort,1,43.272305
RANDOM,490000,LastQuickSort,2,41.029229
RANDOM,490000,LastQuickSort,3,42.236212
RANDOM,490000,LastQuickSort,4,41.243996
RANDOM,490000,LastQuickSort,5,40.453667
RANDOM,490000,TwoPointerQuickSort,1,48.784790
RANDOM,490000,TwoPointerQuickSort,2,45.285116
RANDOM,490000,TwoPointerQuickSort,3,58.594926
RANDOM,490000,TwoPointerQuickSort,4,65.600614
RANDOM,490000,TwoPointerQuickSort,5,49.498432
RANDOM,500000,LastQuickSort,1,48.070242
RANDOM,500000,LastQuickSort,2,42.584830
RANDOM,500000,LastQuickSort,3,41.804262
RANDOM,500000,LastQuickSort,4,42.525956
RANDOM,500000,LastQuickSort,5,41.273046
RANDOM,500000,TwoPointerQuickSort,1,45.089844
RANDOM,500000,TwoPointerQuickSort,2,47.530740
RANDOM,500000,TwoPointerQuickSort,3,46.070450
RANDOM,500000,TwoPointerQuickSort,4,47.572206
RANDOM,500000,TwoPointerQuickSort,5,44.794344
RANDOM,510000,LastQuickSort,1,46.362528
RANDOM,510000,LastQuickSort,2,43.328216
RANDOM,510000,LastQuickSort,3,44.952863
RANDOM,510000,LastQuickSort,4,45.306940
RANDOM,510000,LastQuickSort,5,43.417389
RANDOM,510000,TwoPointerQuickSort,1,48.019684
RANDOM,510000,TwoPointerQuickSort,2,47.011401
RANDOM,510000,TwoPointerQuickSort,3,48.051790
RANDOM,510000,TwoPointerQuickSort,4,46.755958
RANDOM,510000,TwoPointerQuickSort,5,49.715186
RANDOM,520000,LastQuickSort,1,49.299010
RANDOM,520000,LastQuickSort,2,44.708492
RANDOM,520000,LastQuickSort,3,43.416685
RANDOM,520000,LastQuickSort,4,43.145944
RANDOM,520000,LastQuickSort,5,44.316169
RANDOM,520000,TwoPointerQuickSort,1,48.661668
RANDOM,520000,TwoPointerQuickSort,2,48.125133
RANDOM,520000,TwoPointerQuickSort,3,50.088939
RANDOM,520000,TwoPointerQuickSort,4,47.271513
RANDOM,520000,TwoPointerQuickSort,5,48.475600
RANDOM,530000,LastQuickSort,1,49.342816
RANDOM,530000,LastQuickSort,2,54.248076
RANDOM,530000,LastQuickSort,3,48.407619
RANDOM,530000,LastQuickSort,4,50.246517
RANDOM,530000,LastQuickSort,5,46.623008
RANDOM,530000,TwoPointerQuickSort,1,48.870767
RANDOM,530000,TwoPointerQuickSort,2,47.015730
RANDOM,530000,TwoPointerQuickSort,3,46.554832
RANDOM,530000,TwoPointerQuickSort,4,46.551799
RANDOM,530000,TwoPointerQuickSort,5,46.660568
RANDOM,540000,LastQuickSort,1,46.174433
RANDOM,540000,LastQuickSort,2,46.590240
RANDOM,540000,LastQuickSort,3,49.707270
RANDOM,540000,LastQuickSort,4,45.482499
RANDOM,540000,LastQuickSort,5,47.352502
RANDOM,540000,TwoPointerQuickSort,1,51.655036
RANDOM,540000,TwoPointerQuickSort,2,55.769264
RANDOM,540000,TwoPointerQuickSort,3,48.584223
RANDOM,540000,TwoPointerQuickSort,4,48.399951
RANDOM,540000,TwoPointerQuickSort,5,49.724315
RANDOM,550000,LastQuickSort,1,46.405747
RANDOM,550000,LastQuickSort,2,45.742682
RANDOM,550000,LastQuickSort,3,45.170427
RANDOM,550000,LastQuickSort,4,47.259858
RANDOM,550000,LastQuickSort,5,46.272231
RANDOM,550000,TwoPointerQuickSort,1,57.379903
RANDOM,550000,TwoPointerQuickSort,2,50.383060
RANDOM,550000,TwoPointerQuickSort,3,51.972787
RANDOM,550000,TwoPointerQuickSort,4,49.459540
RANDOM,550000,TwoPointerQuickSort,5,54.593634
RANDOM,560000,LastQuickSort,1,49.795392
RANDOM,560000,LastQuickSort,2,48.144109
RANDOM,560000,LastQuickSort,3,48.377665
RANDOM,560000,LastQuickSort,4,47.738848
RANDOM,560000,LastQuickSort,5,46.310814
RANDOM,560000,TwoPointerQuickSort,1,50.987946
RANDOM,560000,TwoPointerQuickSort,2,52.496581
RANDOM,560000,TwoPointerQuickSort,3,52.979274
RANDOM,560000,TwoPointerQuickSort,4,55.644872
RANDOM,560000,TwoPointerQuickSort,5,54.328570
RANDOM,570000,LastQuickSort,1,50.563443
RANDOM,570000,LastQuickSort,2,50.653855
RANDOM,570000,LastQuickSort,3,49.818178
RANDOM,570000,LastQuickSort,4,49.299734
RANDOM,570000,LastQuickSort,5,49.433283
RANDOM,570000,TwoPointerQuickSort,1,62.031151
RANDOM,570000,TwoPointerQuickSort,2,54.396810
RANDOM,570000,TwoPointerQuickSort,3,53.414386
RANDOM,570000,TwoPointerQuickSort,4,51.817197
RANDOM,570000,TwoPointerQuickSort,5,51.623962
RANDOM,580000,LastQuickSort,1,49.389651
RANDOM,580000,LastQuickSort,2,52.779922
RANDOM,580000,LastQuickSort,3,50.932572
RANDOM,580000,LastQuickSort,4,50.740422
RANDOM,580000,LastQuickSort,5,52.441143
RANDOM,580000,TwoPointerQuickSort,1,57.563533
RANDOM,580000,TwoPointerQuickSort,2,56.745567
RANDOM,580000,TwoPointerQuickSort,3,55.862320
RANDOM,580000,TwoPointerQuickSort,4,55.253043
RANDOM,580000,TwoPointerQuickSort,5,55.509336
RANDOM,590000,LastQuickSort,1,57.164229
RANDOM,590000,LastQuickSort,2,51.365387
RANDOM,590000,LastQuickSort,3,52.933171
RANDOM,590000,LastQuickSort,4,52.163995
RANDOM,590000,LastQuickSort,5,52.334265
RANDOM,590000,TwoPointerQuickSort,1,60.318363
RANDOM,590000,TwoPointerQuickSort,2,57.932615
RANDOM,590000,TwoPointerQuickSort,3,56.248093
RANDOM,590000,TwoPointerQuickSort,4,55.516151
RANDOM,590000,TwoPointerQuickSort,5,58.018145
RANDOM,600000,LastQuickSort,1,54.315870
RANDOM,600000,LastQuickSort,2,54.271761
RANDOM,600000,LastQuickSort,3,55.444606
RANDOM,600000,LastQuickSort,4,54.300004
RANDOM,600000,LastQuickSort,5,51.736259
RANDOM,600000,TwoPointerQuickSort,1,57.815586
RANDOM,600000,TwoPointerQuickSort,2,57.097501
RANDOM,600000,TwoPointerQuickSort,3,57.434614
RANDOM,600000,TwoPointerQuickSort,4,57.647079
RANDOM,600000,TwoPointerQuickSort,5,57.530847
RANDOM,610000,LastQuickSort,1,63.572750
RANDOM,610000,LastQuickSort,2,55.366292
RANDOM,610000,LastQuickSort,3,55.565491
RANDOM,610000,LastQuickSort,4,54.773349
RANDOM,610000,LastQuickSort,5,58.298535
RANDOM,610000,TwoPointerQuickSort,1,61.959655
RANDOM,610000,TwoPointerQuickSort,2,60.065979
RANDOM,610000,TwoPointerQuickSort,3,59.061570
RANDOM,610000,TwoPointerQuickSort,4,57.483547
RANDOM,610000,TwoPointerQuickSort,5,59.242332
RANDOM,620000,LastQuickSort,1,58.739006
RANDOM,620000,LastQuickSort,2,56.213651
RANDOM,620000,LastQuickSort,3,58.509916
RANDOM,620000,LastQuickSort,4,66.143529
RANDOM,620000,LastQuickSort,5,61.275078
RANDOM,620000,TwoPointerQuickSort,1,74.790142
RANDOM,620000,TwoPointerQuickSort,2,61.100954
RANDOM,620000,TwoPointerQuickSort,3,58.830484
RANDOM,620000,TwoPointerQuickSort,4,58.718469
RANDOM,620000,TwoPointerQuickSort,5,59.382227
RANDOM,630000,LastQuickSort,1,62.387195
RANDOM,630000,LastQuickSort,2,63.035574
RANDOM,630000,LastQuickSort,3,57.427861
RANDOM,630000,LastQuickSort,4,56.902610
RANDOM,630000,LastQuickSort,5,57.077413
RANDOM,630000,TwoPointerQuickSort,1,66.190294
RANDOM,630000,TwoPointerQuickSort,2,65.134257
RANDOM,630000,TwoPointerQuickSort,3,62.334724
RANDOM,630000,TwoPointerQuickSort,4,63.884388
RANDOM,630000,TwoPointerQuickSort,5,63.495730
RANDOM,640000,LastQuickSort,1,58.377369
RANDOM,640000,LastQuickSort,2,59.143652
RANDOM,640000,LastQuickSort,3,58.064454
RANDOM,640000,LastQuickSort,4,58.130654
RANDOM,640000,LastQuickSort,5,56.351574
RANDOM,640000,TwoPointerQuickSort,1,65.710287
RANDOM,640000,TwoPointerQuickSort,2,64.703552
RANDOM,640000,TwoPointerQuickSort,3,61.510392
RANDOM,640000,TwoPointerQuickSort,4,61.525501
RANDOM,640000,TwoPointerQuickSort,5,62.800418
RANDOM,650000,LastQuickSort,1,64.401582
RANDOM,650000,LastQuickSort,2,59.640729
RANDOM,650000,LastQuickSort,3,62.250166
RANDOM,650000,LastQuickSort,4,60.192106
RANDOM,650000,LastQuickSort,5,58.828895
RANDOM,650000,TwoPointerQuickSort,1,66.609120
RANDOM,650000,TwoPointerQuickSort,2,62.718808
RANDOM,650000,TwoPointerQuickSort,3,65.318987
RANDOM,650000,TwoPointerQuickSort,4,69.531284
RANDOM,650000,TwoPointerQuickSort,5,68.120182
RANDOM,660000,LastQuickSort,1,60.950973
RANDOM,660000,LastQuickSort,2,58.879074
RANDOM,660000,LastQuickSort,3,58.765373
RANDOM,660000,LastQuickSort,4,60.985721
RANDOM,660000,LastQuickSort,5,62.747681
RANDOM,660000,TwoPointerQuickSort,1,68.221654
RANDOM,660000,TwoPointerQuickSort,2,64.963671
RANDOM,660000,TwoPointerQuickSort,3,65.917340
RANDOM,660000,TwoPointerQuickSort,4,69.332004
RANDOM,660000,TwoPointerQuickSort,5,66.358231
RANDOM,670000,LastQuickSort,1,67.180590
RANDOM,670000,LastQuickSort,2,62.631293
RANDOM,670000,LastQuickSort,3,61.838148
RANDOM,670000,LastQuickSort,4,64.943531
RANDOM,670000,LastQuickSort,5,65.065170
RANDOM,670000,TwoPointerQuickSort,1,70.454074
RANDOM,670000,TwoPointerQuickSort,2,67.277602
RANDOM,670000,TwoPointerQuickSort,3,65.928906
RANDOM,670000,TwoPointerQuickSort,4,65.727104
RANDOM,670000,TwoPointerQuickSort,5,66.951670
RANDOM,680000,LastQuickSort,1,70.289650
RANDOM,680000,LastQuickSort,2,66.025881
RANDOM,680000,LastQuickSort,3,64.090420
RANDOM,680000,LastQuickSort,4,61.412640
RANDOM,680000,LastQuickSort,5,64.204723
RANDOM,680000,TwoPointerQuickSort,1,71.070077
RANDOM,680000,TwoPointerQuickSort,2,69.225660
RANDOM,680000,TwoPointerQuickSort,3,69.745164
RANDOM,680000,TwoPointerQuickSort,4,81.096578
RANDOM,680000,TwoPointerQuickSort,5,70.699317
RANDOM,690000,LastQuickSort,1,64.291773
RANDOM,690000,LastQuickSort,2,61.850784
RANDOM,690000,LastQuickSort,3,63.709178
RANDOM,690000,LastQuickSort,4,63.049017
RANDOM,690000,LastQuickSort,5,64.185056
RANDOM,690000,TwoPointerQuickSort,1,72.338776
RANDOM,690000,TwoPointerQuickSort,2,70.177561
RANDOM,690000,TwoPointerQuickSort,3,72.657373
RANDOM,690000,TwoPointerQuickSort,4,76.578861
RANDOM,690000,TwoPointerQuickSort,5,74.648697
RANDOM,700000,LastQuickSort,1,75.859921
RANDOM,700000,LastQuickSort,2,68.094094
RANDOM,700000,LastQuickSort,3,64.967977
RANDOM,700000,LastQuickSort,4,63.697670
RANDOM,700000,LastQuickSort,5,65.822211
RANDOM,700000,TwoPointerQuickSort,1,72.469587
RANDOM,700000,TwoPointerQuickSort,2,71.792656
RANDOM,700000,TwoPointerQuickSort,3,71.759774
RANDOM,700000,TwoPointerQuickSort,4,73.854949
RANDOM,700000,TwoPointerQuickSort,5,75.020761
RANDOM,710000,LastQuickSort,1,71.477537
RANDOM,710000,LastQuickSort,2,65.837369
RANDOM,710000,LastQuickSort,3,66.371784
RANDOM,710000,LastQuickSort,4,68.800360
RANDOM,710000,LastQuickSort,5,66.549755
RANDOM,710000,TwoPointerQuickSort,1,75.564680
RANDOM,710000,TwoPointerQuickSort,2,72.834682
RANDOM,710000,TwoPointerQuickSort,3,72.720536
RANDOM,710000,TwoPointerQuickSort,4,74.496750
RANDOM,710000,TwoPointerQuickSort,5,73.149308
RANDOM,720000,LastQuickSort,1,73.365696
RANDOM,720000,LastQuickSort,2,70.649704
RANDOM,720000,LastQuickSort,3,70.825185
RANDOM,720000,LastQuickSort,4,71.055257
RANDOM,720000,LastQuickSort,5,73.832471
RANDOM,720000,TwoPointerQuickSort,1,83.642332
RANDOM,720000,TwoPointerQuickSort,2,75.666426
RANDOM,720000,TwoPointerQuickSort,3,76.720823
RANDOM,720000,TwoPointerQuickSort,4,81.150769
RANDOM,720000,TwoPointerQuickSort,5,81.766125
RANDOM,730000,LastQuickSort,1,69.815033
RANDOM,730000,LastQuickSort,2,69.518969
RANDOM,730000,LastQuickSort,3,68.700162
RANDOM,730000,LastQuickSort,4,69.776085
RANDOM,730000,LastQuickSort,5,70.468636
RANDOM,730000,TwoPointerQuickSort,1,79.242871
RANDOM,730000,TwoPointerQuickSort,2,77.613523
RANDOM,730000,TwoPointerQuickSort,3,80.518294
RANDOM,730000,TwoPointerQuickSort,4,78.247360
RANDOM,730000,TwoPointerQuickSort,5,78.530714
RANDOM,740000,LastQuickSort,1,73.844965
RANDOM,740000,LastQuickSort,2,73.914100
RANDOM,740000,LastQuickSort,3,72.392630
RANDOM,740000,LastQuickSort,4,71.037585
RANDOM,740000,LastQuickSort,5,70.115885
RANDOM,740000,TwoPointerQuickSort,1,79.730556
RANDOM,740000,TwoPointerQuickSort,2,79.699695
RANDOM,740000,TwoPointerQuickSort,3,77.443792
RANDOM,740000,TwoPointerQuickSort,4,75.807145
RANDOM,740000,TwoPointerQuickSort,5,75.381980
RANDOM,750000,LastQuickSort,1,77.902393
RANDOM,750000,LastQuickSort,2,74.572890
RANDOM,750000,LastQuickSort,3,71.480198
RANDOM,750000,LastQuickSort,4,74.352921
RANDOM,750000,LastQuickSort,5,71.152752
RANDOM,750000,TwoPointerQuickSort,1,82.421871
RANDOM,750000,TwoPointerQuickSort,2,81.448254
RANDOM,750000,TwoPointerQuickSort,3,81.820516
RANDOM,750000,TwoPointerQuickSort,4,87.014437
RANDOM,750000,TwoPointerQuickSort,5,81.765976
RANDOM,760000,LastQuickSort,1,81.046031
RANDOM,760000,LastQuickSort,2,73.591678
RANDOM,760000,LastQuickSort,3,83.970927
RANDOM,760000,LastQuickSort,4,91.812718
RANDOM,760000,LastQuickSort,5,80.961590
RANDOM,760000,TwoPointerQuickSort,1,92.783362
RANDOM,760000,TwoPointerQuickSort,2,84.458255
RANDOM,760000,TwoPointerQuickSort,3,79.154523
RANDOM,760000,TwoPointerQuickSort,4,79.343214
RANDOM,760000,TwoPointerQuickSort,5,79.523279
RANDOM,770000,LastQuickSort,1,72.853563
RANDOM,770000,LastQuickSort,2,72.955784
RANDOM,770000,LastQuickSort,3,72.354515
RANDOM,770000,LastQuickSort,4,72.724851
RANDOM,770000,LastQuickSort,5,75.622637
RANDOM,770000,TwoPointerQuickSort,1,83.822608
RANDOM,770000,TwoPointerQuickSort,2,83.573105
RANDOM,770000,TwoPointerQuickSort,3,82.811047
RANDOM,770000,TwoPointerQuickSort,4,82.296586
RANDOM,770000,TwoPointerQuickSort,5,82.551307
RANDOM,780000,LastQuickSort,1,82.974338
RANDOM,780000,LastQuickSort,2,80.045139
RANDOM,780000,LastQuickSort,3,76.153658
RANDOM,780000,LastQuickSort,4,79.652317
RANDOM,780000,LastQuickSort,5,78.451244
RANDOM,780000,TwoPointerQuickSort,1,89.641375
RANDOM,780000,TwoPointerQuickSort,2,90.792426
RANDOM,780000,TwoPointerQuickSort,3,87.744210
RANDOM,780000,TwoPointerQuickSort,4,88.281581
RANDOM,780000,TwoPointerQuickSort,5,86.763548
RANDOM,790000,LastQuickSort,1,86.433615
RANDOM,790000,LastQuickSort,2,80.201334
RANDOM,790000,LastQuickSort,3,76.270152
RANDOM,790000,LastQuickSort,4,76.476084
RANDOM,790000,LastQuickSort,5,78.779390
RANDOM,790000,TwoPointerQuickSort,1,91.142239
RANDOM,790000,TwoPointerQuickSort,2,84.974830
RANDOM,790000,TwoPointerQuickSort,3,87.320100
RANDOM,790000,TwoPointerQuickSort,4,89.454913
RANDOM,790000,TwoPointerQuickSort,5,85.986319
RANDOM,800000,LastQuickSort,1,83.904842
RANDOM,800000,LastQuickSort,2,85.086853
RANDOM,800000,LastQuickSort,3,83.184524
RANDOM,800000,LastQuickSort,4,79.569089
RANDOM,800000,LastQuickSort,5,80.994597
RANDOM,800000,TwoPointerQuickSort,1,90.313544
RANDOM,800000,TwoPointerQuickSort,2,89.362101
RANDOM,800000,TwoPointerQuickSort,3,87.653874
RANDOM,800000,TwoPointerQuickSort,4,87.485435
RANDOM,800000,TwoPointerQuickSort,5,100.229931
RANDOM,810000,LastQuickSort,1,80.592743
RANDOM,810000,LastQuickSort,2,77.753163
RANDOM,810000,LastQuickSort,3,78.378420
RANDOM,810000,LastQuickSort,4,80.666002
RANDOM,810000,LastQuickSort,5,86.226080
RANDOM,810000,TwoPointerQuickSort,1,90.738135
RANDOM,810000,TwoPointerQuickSort,2,89.809797
RANDOM,810000,TwoPointerQuickSort,3,88.531247
RANDOM,810000,TwoPointerQuickSort,4,88.236506
RANDOM,810000,TwoPointerQuickSort,5,91.241517
RANDOM,820000,LastQuickSort,1,86.513372
RANDOM,820000,LastQuickSort,2,88.136363
RANDOM,820000,LastQuickSort,3,94.525294
RANDOM,820000,LastQuickSort,4,93.270205
RANDOM,820000,LastQuickSort,5,80.177215
RANDOM,820000,TwoPointerQuickSort,1,91.499350
RANDOM,820000,TwoPointerQuickSort,2,89.080545
RANDOM,820000,TwoPointerQuickSort,3,91.952192
RANDOM,820000,TwoPointerQuickSort,4,92.289234
RANDOM,820000,TwoPointerQuickSort,5,90.053481
RANDOM,830000,LastQuickSort,1,88.053946
RANDOM,830000,LastQuickSort,2,85.542945
RANDOM,830000,LastQuickSort,3,83.798597
RANDOM,830000,LastQuickSort,4,84.595513
RANDOM,830000,LastQuickSort,5,85.199082
RANDOM,830000,TwoPointerQuickSort,1,99.642416
RANDOM,830000,TwoPointerQuickSort,2,96.438662
RANDOM,830000,TwoPointerQuickSort,3,94.648868
RANDOM,830000,TwoPointerQuickSort,4,94.455722
RANDOM,830000,TwoPointerQuickSort,5,96.774280
RANDOM,840000,LastQuickSort,1,86.833065
RANDOM,840000,LastQuickSort,2,84.895142
RANDOM,840000,LastQuickSort,3,89.782367
RANDOM,840000,LastQuickSort,4,85.475108
RANDOM,840000,LastQuickSort,5,85.241492
RANDOM,840000,TwoPointerQuickSort,1,186.022303
RANDOM,840000,TwoPointerQuickSort,2,94.799423
RANDOM,840000,TwoPointerQuickSort,3,91.384993
RANDOM,840000,TwoPointerQuickSort,4,94.119997
RANDOM,840000,TwoPointerQuickSort,5,93.922987
RANDOM,850000,LastQuickSort,1,90.969460
RANDOM,850000,LastQuickSort,2,88.404278
RANDOM,850000,LastQuickSort,3,91.457147
RANDOM,850000,LastQuickSort,4,86.206384
RANDOM,850000,LastQuickSort,5,87.783464
RANDOM,850000,TwoPointerQuickSort,1,101.155599
RANDOM,850000,TwoPointerQuickSort,2,97.271592
RANDOM,850000,TwoPointerQuickSort,3,96.899627
RANDOM,850000,TwoPointerQuickSort,4,98.019546
RANDOM,850000,TwoPointerQuickSort,5,95.906546
RANDOM,860000,LastQuickSort,1,91.361942
RANDOM,860000,LastQuickSort,2,87.755578
RANDOM,860000,LastQuickSort,3,91.015591
RANDOM,860000,LastQuickSort,4,87.203875
RANDOM,860000,LastQuickSort,5,88.991576
RANDOM,860000,TwoPointerQuickSort,1,102.500737
RANDOM,860000,TwoPointerQuickSort,2,96.832610
RANDOM,860000,TwoPointerQuickSort,3,101.016252
RANDOM,860000,TwoPointerQuickSort,4,97.048099
RANDOM,860000,TwoPointerQuickSort,5,99.179256
RANDOM,870000,LastQuickSort,1,94.153956
RANDOM,870000,LastQuickSort,2,91.201967
RANDOM,870000,LastQuickSort,3,90.639921
RANDOM,870000,LastQuickSort,4,97.997322
RANDOM,870000,LastQuickSort,5,95.924617
RANDOM,870000,TwoPointerQuickSort,1,108.871581
RANDOM,870000,TwoPointerQuickSort,2,97.741453
RANDOM,870000,TwoPointerQuickSort,3,98.096429
RANDOM,870000,TwoPointerQuickSort,4,101.808081
RANDOM,870000,TwoPointerQuickSort,5,107.459827
RANDOM,880000,LastQuickSort,1,93.251688
RANDOM,880000,LastQuickSort,2,93.690648
RANDOM,880000,LastQuickSort,3,93.246570
RANDOM,880000,LastQuickSort,4,94.226199
RANDOM,880000,LastQuickSort,5,93.863630
RANDOM,880000,TwoPointerQuickSort,1,107.899642
RANDOM,880000,TwoPointerQuickSort,2,101.389724
RANDOM,880000,TwoPointerQuickSort,3,104.735995
RANDOM,880000,TwoPointerQuickSort,4,100.198271
RANDOM,880000,TwoPointerQuickSort,5,103.867489
RANDOM,890000,LastQuickSort,1,95.440929
RANDOM,890000,LastQuickSort,2,92.829505
RANDOM,890000,LastQuickSort,3,95.704588
RANDOM,890000,LastQuickSort,4,89.220053
RANDOM,890000,LastQuickSort,5,89.460952
RANDOM,890000,TwoPointerQuickSort,1,108.999382
RANDOM,890000,TwoPointerQuickSort,2,110.611510
RANDOM,890000,TwoPointerQuickSort,3,105.266060
RANDOM,890000,TwoPointerQuickSort,4,107.143941
RANDOM,890000,TwoPointerQuickSort,5,102.256037
RANDOM,900000,LastQuickSort,1,97.631316
RANDOM,900000,LastQuickSort,2,93.593299
RANDOM,900000,LastQuickSort,3,99.692123
RANDOM,900000,LastQuickSort,4,95.985408
RANDOM,900000,LastQuickSort,5,94.654904
RANDOM,900000,TwoPointerQuickSort,1,106.943930
RANDOM,900000,TwoPointerQuickSort,2,109.179653
RANDOM,900000,TwoPointerQuickSort,3,105.974809
RANDOM,900000,TwoPointerQuickSort,4,106.811292
RANDOM,900000,TwoPointerQuickSort,5,105.720100
RANDOM,910000,LastQuickSort,1,96.210765
RANDOM,910000,LastQuickSort,2,100.361535
RANDOM,910000,LastQuickSort,3,91.653795
RANDOM,910000,LastQuickSort,4,91.645944
RANDOM,910000,LastQuickSort,5,98.241262
RANDOM,910000,TwoPointerQuickSort,1,109.058909
RANDOM,910000,TwoPointerQuickSort,2,108.647374
RANDOM,910000,TwoPointerQuickSort,3,106.738556
RANDOM,910000,TwoPointerQuickSort,4,110.073201
RANDOM,910000,TwoPointerQuickSort,5,107.675918
RANDOM,920000,LastQuickSort,1,102.355065
RANDOM,920000,LastQuickSort,2,99.765699
RANDOM,920000,LastQuickSort,3,122.578818
RANDOM,920000,LastQuickSort,4,106.651687
RANDOM,920000,LastQuickSort,5,95.252273
RANDOM,920000,TwoPointerQuickSort,1,106.257333
RANDOM,920000,TwoPointerQuickSort,2,109.749546
RANDOM,920000,TwoPointerQuickSort,3,110.721037
RANDOM,920000,TwoPointerQuickSort,4,106.336396
RANDOM,920000,TwoPointerQuickSort,5,110.300047
RANDOM,930000,LastQuickSort,1,103.396197
RANDOM,930000,LastQuickSort,2,98.863151
RANDOM,930000,LastQuickSort,3,100.758345
RANDOM,930000,LastQuickSort,4,99.891275
RANDOM,930000,LastQuickSort,5,99.367449
RANDOM,930000,TwoPointerQuickSort,1,116.434263
RANDOM,930000,TwoPointerQuickSort,2,112.269930
RANDOM,930000,TwoPointerQuickSort,3,113.690555
RANDOM,930000,TwoPointerQuickSort,4,108.400468
RANDOM,930000,TwoPointerQuickSort,5,114.137448
RANDOM,940000,LastQuickSort,1,99.752239
RANDOM,940000,LastQuickSort,2,95.429348
RANDOM,940000,LastQuickSort,3,113.100268
RANDOM,940000,LastQuickSort,4,102.173958
RANDOM,940000,LastQuickSort,5,96.411930
RANDOM,940000,TwoPointerQuickSort,1,110.025907
RANDOM,940000,TwoPointerQuickSort,2,110.341758
RANDOM,940000,TwoPointerQuickSort,3,111.357990
RANDOM,940000,TwoPointerQuickSort,4,118.627537
RANDOM,940000,TwoPointerQuickSort,5,113.394716
RANDOM,950000,LastQuickSort,1,102.646248
RANDOM,950000,LastQuickSort,2,97.656976
RANDOM,950000,LastQuickSort,3,97.685946
RANDOM,950000,LastQuickSort,4,98.983814
RANDOM,950000,LastQuickSort,5,97.638120
RANDOM,950000,TwoPointerQuickSort,1,112.855083
RANDOM,950000,TwoPointerQuickSort,2,129.073795
RANDOM,950000,TwoPointerQuickSort,3,123.130192
RANDOM,950000,TwoPointerQuickSort,4,108.918349
RANDOM,950000,TwoPointerQuickSort,5,115.067968
RANDOM,960000,LastQuickSort,1,103.681834
RANDOM,960000,LastQuickSort,2,99.328190
RANDOM,960000,LastQuickSort,3,99.054415
RANDOM,960000,LastQuickSort,4,101.044337
RANDOM,960000,LastQuickSort,5,99.272234
RANDOM,960000,TwoPointerQuickSort,1,115.664915
RANDOM,960000,TwoPointerQuickSort,2,111.837033
RANDOM,960000,TwoPointerQuickSort,3,118.878533
RANDOM,960000,TwoPointerQuickSort,4,123.289374
RANDOM,960000,TwoPointerQuickSort,5,112.058617
RANDOM,970000,LastQuickSort,1,99.660467
RANDOM,970000,LastQuickSort,2,98.333926
RANDOM,970000,LastQuickSort,3,98.418687
RANDOM,970000,LastQuickSort,4,101.972136
RANDOM,970000,LastQuickSort,5,103.499706
RANDOM,970000,TwoPointerQuickSort,1,157.422909
RANDOM,970000,TwoPointerQuickSort,2,115.437109
RANDOM,970000,TwoPointerQuickSort,3,113.775708
RANDOM,970000,TwoPointerQuickSort,4,115.118237
RANDOM,970000,TwoPointerQuickSort,5,116.228743
RANDOM,980000,LastQuickSort,1,105.744795
RANDOM,980000,LastQuickSort,2,103.026562
RANDOM,980000,LastQuickSort,3,104.310761
RANDOM,980000,LastQuickSort,4,107.285610
RANDOM,980000,LastQuickSort,5,107.454711
RANDOM,980000,TwoPointerQuickSort,1,118.879068
RANDOM,980000,TwoPointerQuickSort,2,125.498628
RANDOM,980000,TwoPointerQuickSort,3,115.557182
RANDOM,980000,TwoPointerQuickSort,4,115.027351
RANDOM,980000,TwoPointerQuickSort,5,119.386571
RANDOM,990000,LastQuickSort,1,110.269294
RANDOM,990000,LastQuickSort,2,106.247865
RANDOM,990000,LastQuickSort,3,104.965100
RANDOM,990000,LastQuickSort,4,104.465012
RANDOM,990000,LastQuickSort,5,103.169259
RANDOM,990000,TwoPointerQuickSort,1,125.992936
RANDOM,990000,TwoPointerQuickSort,2,121.917969
RANDOM,990000,TwoPointerQuickSort,3,118.752205
RANDOM,990000,TwoPointerQuickSort,4,125.741998
RANDOM,990000,TwoPointerQuickSort,5,120.841455
RANDOM,1000000,LastQuickSort,1,111.942680
RANDOM,1000000,LastQuickSort,2,111.349971
RANDOM,1000000,LastQuickSort,3,109.086191
RANDOM,1000000,LastQuickSort,4,106.128926
RANDOM,1000000,LastQuickSort,5,107.550648
RANDOM,1000000,TwoPointerQuickSort,1,124.020492
RANDOM,1000000,TwoPointerQuickSort,2,123.053060
RANDOM,1000000,TwoPointerQuickSort,3,122.702434
RANDOM,1000000,TwoPointerQuickSort,4,121.317292
RANDOM,1000000,TwoPointerQuickSort,5,127.949362
RANDOM,10000,LastQuickSort,1,0.583471
RANDOM,10000,LastQuickSort,2,0.554751
RANDOM,10000,LastQuickSort,3,0.554651
RANDOM,10000,LastQuickSort,4,0.543981
RANDOM,10000,LastQuickSort,5,0.599825
RANDOM,10000,MiddleQuickSort,1,3.192982
RANDOM,10000,MiddleQuickSort,2,1.289399
RANDOM,10000,MiddleQuickSort,3,1.402483
RANDOM,10000,MiddleQuickSort,4,0.759878
RANDOM,10000,MiddleQuickSort,5,0.635724
RANDOM,10000,MedianOf3QuickSort,1,3.037517
RANDOM,10000,MedianOf3QuickSort,2,1.365088
RANDOM,10000,MedianOf3QuickSort,3,1.284912
RANDOM,10000,MedianOf3QuickSort,4,1.266663
RANDOM,10000,MedianOf3QuickSort,5,1.284613
RANDOM,20000,LastQuickSort,1,1.343348
RANDOM,20000,LastQuickSort,2,1.399691
RANDOM,20000,LastQuickSort,3,1.248214
RANDOM,20000,LastQuickSort,4,1.179107
RANDOM,20000,LastQuickSort,5,1.170431
RANDOM,20000,MiddleQuickSort,1,1.503102
RANDOM,20000,MiddleQuickSort,2,1.373265
RANDOM,20000,MiddleQuickSort,3,1.503501
RANDOM,20000,MiddleQuickSort,4,1.388722
RANDOM,20000,MiddleQuickSort,5,1.254198
RANDOM,20000,MedianOf3QuickSort,1,1.311438
RANDOM,20000,MedianOf3QuickSort,2,1.220392
RANDOM,20000,MedianOf3QuickSort,3,1.269454
RANDOM,20000,MedianOf3QuickSort,4,1.149789
RANDOM,20000,MedianOf3QuickSort,5,1.158066
RANDOM,30000,LastQuickSort,1,2.191380
RANDOM,30000,LastQuickSort,2,2.147403
RANDOM,30000,LastQuickSort,3,1.963815
RANDOM,30000,LastQuickSort,4,2.258493
RANDOM,30000,LastQuickSort,5,2.190283
RANDOM,30000,MiddleQuickSort,1,1.961223
RANDOM,30000,MiddleQuickSort,2,1.851330
RANDOM,30000,MiddleQuickSort,3,2.013776
RANDOM,30000,MiddleQuickSort,4,1.969200
RANDOM,30000,MiddleQuickSort,5,1.775242
RANDOM,30000,MedianOf3QuickSort,1,2.434002
RANDOM,30000,MedianOf3QuickSort,2,2.074008
RANDOM,30000,MedianOf3QuickSort,3,1.900592
RANDOM,30000,MedianOf3QuickSort,4,2.254204
RANDOM,30000,MedianOf3QuickSort,5,1.789104
RANDOM,40000,LastQuickSort,1,2.669744
RANDOM,40000,LastQuickSort,2,2.666253
RANDOM,40000,LastQuickSort,3,2.578000
RANDOM,40000,LastQuickSort,4,2.630454
RANDOM,40000,LastQuickSort,5,2.800379
RANDOM,40000,MiddleQuickSort,1,2.562145
RANDOM,40000,MiddleQuickSort,2,2.535817
RANDOM,40000,MiddleQuickSort,3,2.795991
RANDOM,40000,MiddleQuickSort,4,2.797088
RANDOM,40000,MiddleQuickSort,5,2.469104
RANDOM,40000,MedianOf3QuickSort,1,3.134845
RANDOM,40000,MedianOf3QuickSort,2,2.442079
RANDOM,40000,MedianOf3QuickSort,3,2.614597
RANDOM,40000,MedianOf3QuickSort,4,2.601734
RANDOM,40000,MedianOf3QuickSort,5,2.599440
RANDOM,50000,LastQuickSort,1,3.504513
RANDOM,50000,LastQuickSort,2,3.593464
RANDOM,50000,LastQuickSort,3,3.723003
RANDOM,50000,LastQuickSort,4,3.302577
RANDOM,50000,LastQuickSort,5,3.267175
RANDOM,50000,MiddleQuickSort,1,3.164562
RANDOM,50000,MiddleQuickSort,2,3.246733
RANDOM,50000,MiddleQuickSort,3,3.395417
RANDOM,50000,MiddleQuickSort,4,3.188196
RANDOM,50000,MiddleQuickSort,5,3.469909
RANDOM,50000,MedianOf3QuickSort,1,3.582195
RANDOM,50000,MedianOf3QuickSort,2,3.446176
RANDOM,50000,MedianOf3QuickSort,3,3.459937
RANDOM,50000,MedianOf3QuickSort,4,3.274056
RANDOM,50000,MedianOf3QuickSort,5,3.076906
RANDOM,60000,LastQuickSort,1,4.309764
RANDOM,60000,LastQuickSort,2,4.475202
RANDOM,60000,LastQuickSort,3,4.236269
RANDOM,60000,LastQuickSort,4,4.269776
RANDOM,60000,LastQuickSort,5,4.519778
RANDOM,60000,MiddleQuickSort,1,4.069634
RANDOM,60000,MiddleQuickSort,2,4.006909
RANDOM,60000,MiddleQuickSort,3,3.864906
RANDOM,60000,MiddleQuickSort,4,3.731977
RANDOM,60000,MiddleQuickSort,5,4.082798
RANDOM,60000,MedianOf3QuickSort,1,4.936214
RANDOM,60000,MedianOf3QuickSort,2,4.026654
RANDOM,60000,MedianOf3QuickSort,3,3.992450
RANDOM,60000,MedianOf3QuickSort,4,3.632655
RANDOM,60000,MedianOf3QuickSort,5,4.114509
RANDOM,70000,LastQuickSort,1,5.263800
RANDOM,70000,LastQuickSort,2,4.539522
RANDOM,70000,LastQuickSort,3,4.755917
RANDOM,70000,LastQuickSort,4,5.371498
RANDOM,70000,LastQuickSort,5,4.639543
RANDOM,70000,MiddleQuickSort,1,4.420754
RANDOM,70000,MiddleQuickSort,2,5.595274
RANDOM,70000,MiddleQuickSort,3,5.192598
RANDOM,70000,MiddleQuickSort,4,4.845468
RANDOM,70000,MiddleQuickSort,5,4.525760
RANDOM,70000,MedianOf3QuickSort,1,4.531146
RANDOM,70000,MedianOf3QuickSort,2,4.270274
RANDOM,70000,MedianOf3QuickSort,3,4.321132
RANDOM,70000,MedianOf3QuickSort,4,4.484975
RANDOM,70000,MedianOf3QuickSort,5,4.395225
RANDOM,80000,LastQuickSort,1,5.252231
RANDOM,80000,LastQuickSort,2,5.191202
RANDOM,80000,LastQuickSort,3,5.115912
RANDOM,80000,LastQuickSort,4,5.889452
RANDOM,80000,LastQuickSort,5,5.155402
RANDOM,80000,MiddleQuickSort,1,5.265295
RANDOM,80000,MiddleQuickSort,2,5.137252
RANDOM,80000,MiddleQuickSort,3,5.351055
RANDOM,80000,MiddleQuickSort,4,5.824334
RANDOM,80000,MiddleQuickSort,5,5.905706
RANDOM,80000,MedianOf3QuickSort,1,5.498145
RANDOM,80000,MedianOf3QuickSort,2,5.416173
RANDOM,80000,MedianOf3QuickSort,3,5.599761
RANDOM,80000,MedianOf3QuickSort,4,5.421259
RANDOM,80000,MedianOf3QuickSort,5,4.904802
RANDOM,90000,LastQuickSort,1,5.658497
RANDOM,90000,LastQuickSort,2,5.556681
RANDOM,90000,LastQuickSort,3,5.525967
RANDOM,90000,LastQuickSort,4,5.583407
RANDOM,90000,LastQuickSort,5,5.666176
RANDOM,90000,MiddleQuickSort,1,5.715338
RANDOM,90000,MiddleQuickSort,2,5.828921
RANDOM,90000,MiddleQuickSort,3,5.648225
RANDOM,90000,MiddleQuickSort,4,5.688613
RANDOM,90000,MiddleQuickSort,5,5.676546
RANDOM,90000,MedianOf3QuickSort,1,5.499241
RANDOM,90000,MedianOf3QuickSort,2,5.576226
RANDOM,90000,MedianOf3QuickSort,3,5.621301
RANDOM,90000,MedianOf3QuickSort,4,5.551795
RANDOM,90000,MedianOf3QuickSort,5,5.561369
RANDOM,100000,LastQuickSort,1,6.322642
RANDOM,100000,LastQuickSort,2,6.376990
RANDOM,100000,LastQuickSort,3,6.366719
RANDOM,100000,LastQuickSort,4,6.367517
RANDOM,100000,LastQuickSort,5,6.314664
RANDOM,100000,MiddleQuickSort,1,6.350963
RANDOM,100000,MiddleQuickSort,2,6.345877
RANDOM,100000,MiddleQuickSort,3,6.526871
RANDOM,100000,MiddleQuickSort,4,6.342187
RANDOM,100000,MiddleQuickSort,5,6.334608
RANDOM,100000,MedianOf3QuickSort,1,6.086701
RANDOM,100000,MedianOf3QuickSort,2,6.132074
RANDOM,100000,MedianOf3QuickSort,3,6.102058
RANDOM,100000,MedianOf3QuickSort,4,6.192207
RANDOM,100000,MedianOf3QuickSort,5,6.131675
RANDOM,110000,LastQuickSort,1,7.181942
RANDOM,110000,LastQuickSort,2,7.206772
RANDOM,110000,LastQuickSort,3,7.215549
RANDOM,110000,LastQuickSort,4,7.240180
RANDOM,110000,LastQuickSort,5,7.213056
RANDOM,110000,MiddleQuickSort,1,6.889459
RANDOM,110000,MiddleQuickSort,2,7.012615
RANDOM,110000,MiddleQuickSort,3,7.649836
RANDOM,110000,MiddleQuickSort,4,7.995670
RANDOM,110000,MiddleQuickSort,5,7.046321
RANDOM,110000,MedianOf3QuickSort,1,7.190019
RANDOM,110000,MedianOf3QuickSort,2,7.122010
RANDOM,110000,MedianOf3QuickSort,3,8.157417
RANDOM,110000,MedianOf3QuickSort,4,8.052012
RANDOM,110000,MedianOf3QuickSort,5,8.164398
RANDOM,120000,LastQuickSort,1,7.970440
RANDOM,120000,LastQuickSort,2,8.863247
RANDOM,120000,LastQuickSort,3,8.511629
RANDOM,120000,LastQuickSort,4,8.648945
RANDOM,120000,LastQuickSort,5,7.814729
RANDOM,120000,MiddleQuickSort,1,7.756297
RANDOM,120000,MiddleQuickSort,2,8.104854
RANDOM,120000,MiddleQuickSort,3,8.117134
RANDOM,120000,MiddleQuickSort,4,8.250127
RANDOM,120000,MiddleQuickSort,5,7.599342
RANDOM,120000,MedianOf3QuickSort,1,8.605872
RANDOM,120000,MedianOf3QuickSort,2,7.736828
RANDOM,120000,MedianOf3QuickSort,3,8.568630
RANDOM,120000,MedianOf3QuickSort,4,7.530849
RANDOM,120000,MedianOf3QuickSort,5,8.686645
RANDOM,130000,LastQuickSort,1,8.668174
RANDOM,130000,LastQuickSort,2,9.285710
RANDOM,130000,LastQuickSort,3,9.697069
RANDOM,130000,LastQuickSort,4,9.554891
RANDOM,130000,LastQuickSort,5,10.341164
RANDOM,130000,MiddleQuickSort,1,11.752662
RANDOM,130000,MiddleQuickSort,2,8.481565
RANDOM,130000,MiddleQuickSort,3,8.495743
RANDOM,130000,MiddleQuickSort,4,8.270894
RANDOM,130000,MiddleQuickSort,5,9.044287
RANDOM,130000,MedianOf3QuickSort,1,8.906902
RANDOM,130000,MedianOf3QuickSort,2,8.986877
RANDOM,130000,MedianOf3QuickSort,3,8.583607
RANDOM,130000,MedianOf3QuickSort,4,8.679057
RANDOM,130000,MedianOf3QuickSort,5,8.453310
RANDOM,140000,LastQuickSort,1,9.229998
RANDOM,140000,LastQuickSort,2,9.640358
RANDOM,140000,LastQuickSort,3,9.282217
RANDOM,140000,LastQuickSort,4,9.286609
RANDOM,140000,LastQuickSort,5,9.299889
RANDOM,140000,MiddleQuickSort,1,9.069348
RANDOM,140000,MiddleQuickSort,2,9.414909
RANDOM,140000,MiddleQuickSort,3,9.442267
RANDOM,140000,MiddleQuickSort,4,9.204737
RANDOM,140000,MiddleQuickSort,5,9.182871
RANDOM,140000,MedianOf3QuickSort,1,9.326547
RANDOM,140000,MedianOf3QuickSort,2,9.455945
RANDOM,140000,MedianOf3QuickSort,3,9.245274
RANDOM,140000,MedianOf3QuickSort,4,9.145130
RANDOM,140000,MedianOf3QuickSort,5,10.455685
RANDOM,150000,LastQuickSort,1,10.337869
RANDOM,150000,LastQuickSort,2,10.070087
RANDOM,150000,LastQuickSort,3,9.999696
RANDOM,150000,LastQuickSort,4,9.973538
RANDOM,150000,LastQuickSort,5,10.154455
RANDOM,150000,MiddleQuickSort,1,10.037338
RANDOM,150000,MiddleQuickSort,2,10.122605
RANDOM,150000,MiddleQuickSort,3,10.001793
RANDOM,150000,MiddleQuickSort,4,9.743396
RANDOM,150000,MiddleQuickSort,5,10.183310
RANDOM,150000,MedianOf3QuickSort,1,10.555829
RANDOM,150000,MedianOf3QuickSort,2,9.957063
RANDOM,150000,MedianOf3QuickSort,3,9.841743
RANDOM,150000,MedianOf3QuickSort,4,10.027953
RANDOM,150000,MedianOf3QuickSort,5,10.647386
RANDOM,160000,LastQuickSort,1,11.160086
RANDOM,160000,LastQuickSort,2,10.735749
RANDOM,160000,LastQuickSort,3,10.712485
RANDOM,160000,LastQuickSort,4,10.807536
RANDOM,160000,LastQuickSort,5,10.862051
RANDOM,160000,MiddleQuickSort,1,10.716778
RANDOM,160000,MiddleQuickSort,2,10.734250
RANDOM,160000,MiddleQuickSort,3,10.640397
RANDOM,160000,MiddleQuickSort,4,10.660566
RANDOM,160000,MiddleQuickSort,5,10.617732
RANDOM,160000,MedianOf3QuickSort,1,10.535460
RANDOM,160000,MedianOf3QuickSort,2,10.611642
RANDOM,160000,MedianOf3QuickSort,3,10.460078
RANDOM,160000,MedianOf3QuickSort,4,10.509701
RANDOM,160000,MedianOf3QuickSort,5,10.449794
RANDOM,170000,LastQuickSort,1,12.207452
RANDOM,170000,LastQuickSort,2,11.187743
RANDOM,170000,LastQuickSort,3,11.306358
RANDOM,170000,LastQuickSort,4,11.207013
RANDOM,170000,LastQuickSort,5,11.702540
RANDOM,170000,MiddleQuickSort,1,11.245054
RANDOM,170000,MiddleQuickSort,2,11.503051
RANDOM,170000,MiddleQuickSort,3,11.144611
RANDOM,170000,MiddleQuickSort,4,11.025795
RANDOM,170000,MiddleQuickSort,5,11.131830
RANDOM,170000,MedianOf3QuickSort,1,12.255876
RANDOM,170000,MedianOf3QuickSort,2,11.362470
RANDOM,170000,MedianOf3QuickSort,3,11.324130
RANDOM,170000,MedianOf3QuickSort,4,11.289384
RANDOM,170000,MedianOf3QuickSort,5,11.237566
RANDOM,180000,LastQuickSort,1,12.351427
RANDOM,180000,LastQuickSort,2,12.125280
RANDOM,180000,LastQuickSort,3,12.106210
RANDOM,180000,LastQuickSort,4,11.922596
RANDOM,180000,LastQuickSort,5,12.471240
RANDOM,180000,MiddleQuickSort,1,12.219533
RANDOM,180000,MiddleQuickSort,2,13.721889
RANDOM,180000,MiddleQuickSort,3,11.963333
RANDOM,180000,MiddleQuickSort,4,12.700516
RANDOM,180000,MiddleQuickSort,5,11.877845
RANDOM,180000,MedianOf3QuickSort,1,12.820189
RANDOM,180000,MedianOf3QuickSort,2,12.440073
RANDOM,180000,MedianOf3QuickSort,3,12.388798
RANDOM,180000,MedianOf3QuickSort,4,13.146831
RANDOM,180000,MedianOf3QuickSort,5,12.535327
RANDOM,190000,LastQuickSort,1,12.916342
RANDOM,190000,LastQuickSort,2,13.029787
RANDOM,190000,LastQuickSort,3,12.792902
RANDOM,190000,LastQuickSort,4,12.798899
RANDOM,190000,LastQuickSort,5,13.333540
RANDOM,190000,MiddleQuickSort,1,14.036900
RANDOM,190000,MiddleQuickSort,2,13.871380
RANDOM,190000,MiddleQuickSort,3,12.806296
RANDOM,190000,MiddleQuickSort,4,13.173018
RANDOM,190000,MiddleQuickSort,5,12.526131
RANDOM,190000,MedianOf3QuickSort,1,13.322745
RANDOM,190000,MedianOf3QuickSort,2,13.273069
RANDOM,190000,MedianOf3QuickSort,3,13.058673
RANDOM,190000,MedianOf3QuickSort,4,13.797915
RANDOM,190000,MedianOf3QuickSort,5,13.736145
RANDOM,200000,LastQuickSort,1,13.418099
RANDOM,200000,LastQuickSort,2,13.631995
RANDOM,200000,LastQuickSort,3,13.425096
RANDOM,200000,LastQuickSort,4,13.565627
RANDOM,200000,LastQuickSort,5,13.602909
RANDOM,200000,MiddleQuickSort,1,13.161823
RANDOM,200000,MiddleQuickSort,2,13.628397
RANDOM,200000,MiddleQuickSort,3,13.276968
RANDOM,200000,MiddleQuickSort,4,13.278067
RANDOM,200000,MiddleQuickSort,5,13.755435
RANDOM,200000,MedianOf3QuickSort,1,14.727165
RANDOM,200000,MedianOf3QuickSort,2,15.149961
RANDOM,200000,MedianOf3QuickSort,3,14.013811
RANDOM,200000,MedianOf3QuickSort,4,15.888402
RANDOM,200000,MedianOf3QuickSort,5,14.652201
RANDOM,210000,LastQuickSort,1,14.632111
RANDOM,210000,LastQuickSort,2,16.244530
RANDOM,210000,LastQuickSort,3,14.478286
RANDOM,210000,LastQuickSort,4,14.314864
RANDOM,210000,LastQuickSort,5,16.009144
RANDOM,210000,MiddleQuickSort,1,16.587238
RANDOM,210000,MiddleQuickSort,2,15.842173
RANDOM,210000,MiddleQuickSort,3,14.876808
RANDOM,210000,MiddleQuickSort,4,14.540359
RANDOM,210000,MiddleQuickSort,5,14.463893
RANDOM,210000,MedianOf3QuickSort,1,14.931582
RANDOM,210000,MedianOf3QuickSort,2,14.963468
RANDOM,210000,MedianOf3QuickSort,3,14.466492
RANDOM,210000,MedianOf3QuickSort,4,15.913741
RANDOM,210000,MedianOf3QuickSort,5,14.893000
RANDOM,220000,LastQuickSort,1,14.698188
RANDOM,220000,LastQuickSort,2,15.224851
RANDOM,220000,LastQuickSort,3,15.411666
RANDOM,220000,LastQuickSort,4,15.178472
RANDOM,220000,LastQuickSort,5,15.697139
RANDOM,220000,MiddleQuickSort,1,14.913991
RANDOM,220000,MiddleQuickSort,2,15.130993
RANDOM,220000,MiddleQuickSort,3,14.885103
RANDOM,220000,MiddleQuickSort,4,15.081815
RANDOM,220000,MiddleQuickSort,5,15.172175
RANDOM,220000,MedianOf3QuickSort,1,15.460345
RANDOM,220000,MedianOf3QuickSort,2,15.882156
RANDOM,220000,MedianOf3QuickSort,3,15.852269
RANDOM,220000,MedianOf3QuickSort,4,15.855567
RANDOM,220000,MedianOf3QuickSort,5,15.583789
RANDOM,230000,LastQuickSort,1,15.700837
RANDOM,230000,LastQuickSort,2,15.981392
RANDOM,230000,LastQuickSort,3,15.579427
RANDOM,230000,LastQuickSort,4,15.584230
RANDOM,230000,LastQuickSort,5,15.570723
RANDOM,230000,MiddleQuickSort,1,15.932400
RANDOM,230000,MiddleQuickSort,2,16.387023
RANDOM,230000,MiddleQuickSort,3,15.799435
RANDOM,230000,MiddleQuickSort,4,15.975421
RANDOM,230000,MiddleQuickSort,5,15.995231
RANDOM,230000,MedianOf3QuickSort,1,16.474065
RANDOM,230000,MedianOf3QuickSort,2,17.990608
RANDOM,230000,MedianOf3QuickSort,3,16.914181
RANDOM,230000,MedianOf3QuickSort,4,17.758995
RANDOM,230000,MedianOf3QuickSort,5,17.393816
RANDOM,240000,LastQuickSort,1,17.242741
RANDOM,240000,LastQuickSort,2,17.011529
RANDOM,240000,LastQuickSort,3,17.702167
RANDOM,240000,LastQuickSort,4,17.089266
RANDOM,240000,LastQuickSort,5,16.703378
RANDOM,240000,MiddleQuickSort,1,16.598026
RANDOM,240000,MiddleQuickSort,2,17.904666
RANDOM,240000,MiddleQuickSort,3,16.498777
RANDOM,240000,MiddleQuickSort,4,16.429343
RANDOM,240000,MiddleQuickSort,5,16.611432
RANDOM,240000,MedianOf3QuickSort,1,17.405121
RANDOM,240000,MedianOf3QuickSort,2,17.994310
RANDOM,240000,MedianOf3QuickSort,3,17.683257
RANDOM,240000,MedianOf3QuickSort,4,18.485350
RANDOM,240000,MedianOf3QuickSort,5,18.626019
RANDOM,250000,LastQuickSort,1,17.568902
RANDOM,250000,LastQuickSort,2,17.502369
RANDOM,250000,LastQuickSort,3,17.430934
RANDOM,250000,LastQuickSort,4,17.850839
RANDOM,250000,LastQuickSort,5,20.349362
RANDOM,250000,MiddleQuickSort,1,20.314145
RANDOM,250000,MiddleQuickSort,2,20.225702
RANDOM,250000,MiddleQuickSort,3,18.633223
RANDOM,250000,MiddleQuickSort,4,18.020222
RANDOM,250000,MiddleQuickSort,5,18.641326
RANDOM,250000,MedianOf3QuickSort,1,21.138049
RANDOM,250000,MedianOf3QuickSort,2,21.587168
RANDOM,250000,MedianOf3QuickSort,3,21.344750
RANDOM,250000,MedianOf3QuickSort,4,21.967255
RANDOM,250000,MedianOf3QuickSort,5,19.449022
RANDOM,260000,LastQuickSort,1,18.822915
RANDOM,260000,LastQuickSort,2,20.751060
RANDOM,260000,LastQuickSort,3,19.829108
RANDOM,260000,LastQuickSort,4,19.574483
RANDOM,260000,LastQuickSort,5,18.736673
RANDOM,260000,MiddleQuickSort,1,19.710250
RANDOM,260000,MiddleQuickSort,2,20.425399
RANDOM,260000,MiddleQuickSort,3,18.904655
RANDOM,260000,MiddleQuickSort,4,18.417918
RANDOM,260000,MiddleQuickSort,5,18.596704
RANDOM,260000,MedianOf3QuickSort,1,23.378324
RANDOM,260000,MedianOf3QuickSort,2,22.390335
RANDOM,260000,MedianOf3QuickSort,3,19.576449
RANDOM,260000,MedianOf3QuickSort,4,18.884141
RANDOM,260000,MedianOf3QuickSort,5,19.398314
RANDOM,270000,LastQuickSort,1,19.522678
RANDOM,270000,LastQuickSort,2,19.416539
RANDOM,270000,LastQuickSort,3,20.746981
RANDOM,270000,LastQuickSort,4,19.252424
RANDOM,270000,LastQuickSort,5,20.876551
RANDOM,270000,MiddleQuickSort,1,19.213773
RANDOM,270000,MiddleQuickSort,2,20.118258
RANDOM,270000,MiddleQuickSort,3,19.326020
RANDOM,270000,MiddleQuickSort,4,19.833284
RANDOM,270000,MiddleQuickSort,5,18.591157
RANDOM,270000,MedianOf3QuickSort,1,20.215886
RANDOM,270000,MedianOf3QuickSort,2,21.450304
RANDOM,270000,MedianOf3QuickSort,3,20.191454
RANDOM,270000,MedianOf3QuickSort,4,20.559236
RANDOM,270000,MedianOf3QuickSort,5,21.862844
RANDOM,280000,LastQuickSort,1,22.483356
RANDOM,280000,LastQuickSort,2,21.985304
RANDOM,280000,LastQuickSort,3,21.050980
RANDOM,280000,LastQuickSort,4,20.711635
RANDOM,280000,LastQuickSort,5,20.379700
RANDOM,280000,MiddleQuickSort,1,19.716531
RANDOM,280000,MiddleQuickSort,2,19.896067
RANDOM,280000,MiddleQuickSort,3,19.530889
RANDOM,280000,MiddleQuickSort,4,20.337845
RANDOM,280000,MiddleQuickSort,5,19.481223
RANDOM,280000,MedianOf3QuickSort,1,22.155828
RANDOM,280000,MedianOf3QuickSort,2,22.637459
RANDOM,280000,MedianOf3QuickSort,3,22.410962
RANDOM,280000,MedianOf3QuickSort,4,23.210409
RANDOM,280000,MedianOf3QuickSort,5,22.188571
RANDOM,290000,LastQuickSort,1,22.148118
RANDOM,290000,LastQuickSort,2,23.361907
RANDOM,290000,LastQuickSort,3,22.573074
RANDOM,290000,LastQuickSort,4,23.234540
RANDOM,290000,LastQuickSort,5,22.580083
RANDOM,290000,MiddleQuickSort,1,21.207886
RANDOM,290000,MiddleQuickSort,2,21.872255
RANDOM,290000,MiddleQuickSort,3,20.493650
RANDOM,290000,MiddleQuickSort,4,21.454108
RANDOM,290000,MiddleQuickSort,5,20.827086
RANDOM,290000,MedianOf3QuickSort,1,25.137834
RANDOM,290000,MedianOf3QuickSort,2,23.002959
RANDOM,290000,MedianOf3QuickSort,3,22.384073
RANDOM,290000,MedianOf3QuickSort,4,22.132764
RANDOM,290000,MedianOf3QuickSort,5,21.979253
RANDOM,300000,LastQuickSort,1,22.676066
RANDOM,300000,LastQuickSort,2,22.342088
RANDOM,300000,LastQuickSort,3,23.472279
RANDOM,300000,LastQuickSort,4,22.171843
RANDOM,300000,LastQuickSort,5,25.821642
RANDOM,300000,MiddleQuickSort,1,22.162725
RANDOM,300000,MiddleQuickSort,2,22.573357
RANDOM,300000,MiddleQuickSort,3,22.397501
RANDOM,300000,MiddleQuickSort,4,23.653446
RANDOM,300000,MiddleQuickSort,5,22.046990
RANDOM,300000,MedianOf3QuickSort,1,25.591274
RANDOM,300000,MedianOf3QuickSort,2,23.991832
RANDOM,300000,MedianOf3QuickSort,3,26.059824
RANDOM,300000,MedianOf3QuickSort,4,25.552396
RANDOM,300000,MedianOf3QuickSort,5,25.565523
RANDOM,310000,LastQuickSort,1,23.335502
RANDOM,310000,LastQuickSort,2,22.702720
RANDOM,310000,LastQuickSort,3,23.791927
RANDOM,310000,LastQuickSort,4,23.247624
RANDOM,310000,LastQuickSort,5,23.645330
RANDOM,310000,MiddleQuickSort,1,22.543596
RANDOM,310000,MiddleQuickSort,2,22.815548
RANDOM,310000,MiddleQuickSort,3,22.363131
RANDOM,310000,MiddleQuickSort,4,24.342243
RANDOM,310000,MiddleQuickSort,5,22.325655
RANDOM,310000,MedianOf3QuickSort,1,27.322785
RANDOM,310000,MedianOf3QuickSort,2,27.239316
RANDOM,310000,MedianOf3QuickSort,3,25.564320
RANDOM,310000,MedianOf3QuickSort,4,25.141963
RANDOM,310000,MedianOf3QuickSort,5,27.852358
RANDOM,320000,LastQuickSort,1,25.771039
RANDOM,320000,LastQuickSort,2,23.860767
RANDOM,320000,LastQuickSort,3,24.386533
RANDOM,320000,LastQuickSort,4,24.329317
RANDOM,320000,LastQuickSort,5,24.459079
RANDOM,320000,MiddleQuickSort,1,25.423935
RANDOM,320000,MiddleQuickSort,2,24.087914
RANDOM,320000,MiddleQuickSort,3,23.516601
RANDOM,320000,MiddleQuickSort,4,24.644996
RANDOM,320000,MiddleQuickSort,5,23.671813
RANDOM,320000,MedianOf3QuickSort,1,27.317387
RANDOM,320000,MedianOf3QuickSort,2,26.146479
RANDOM,320000,MedianOf3QuickSort,3,28.207247
RANDOM,320000,MedianOf3QuickSort,4,26.080103
RANDOM,320000,MedianOf3QuickSort,5,26.687014
RANDOM,330000,LastQuickSort,1,25.262433
RANDOM,330000,LastQuickSort,2,25.582483
RANDOM,330000,LastQuickSort,3,24.731525
RANDOM,330000,LastQuickSort,4,24.865881
RANDOM,330000,LastQuickSort,5,23.941128
RANDOM,330000,MiddleQuickSort,1,27.227848
RANDOM,330000,MiddleQuickSort,2,25.582984
RANDOM,330000,MiddleQuickSort,3,26.613518
RANDOM,330000,MiddleQuickSort,4,26.752989
RANDOM,330000,MiddleQuickSort,5,24.787272
RANDOM,330000,MedianOf3QuickSort,1,29.216826
RANDOM,330000,MedianOf3QuickSort,2,29.950874
RANDOM,330000,MedianOf3QuickSort,3,28.755703
RANDOM,330000,MedianOf3QuickSort,4,27.944050
RANDOM,330000,MedianOf3QuickSort,5,26.345507
RANDOM,340000,LastQuickSort,1,27.760562
RANDOM,340000,LastQuickSort,2,25.919577
RANDOM,340000,LastQuickSort,3,26.301491
RANDOM,340000,LastQuickSort,4,25.653170
RANDOM,340000,LastQuickSort,5,25.747521
RANDOM,340000,MiddleQuickSort,1,27.545993
RANDOM,340000,MiddleQuickSort,2,25.969711
RANDOM,340000,MiddleQuickSort,3,26.495606
RANDOM,340000,MiddleQuickSort,4,26.073485
RANDOM,340000,MiddleQuickSort,5,25.195055
RANDOM,340000,MedianOf3QuickSort,1,28.998647
RANDOM,340000,MedianOf3QuickSort,2,29.669528
RANDOM,340000,MedianOf3QuickSort,3,29.181332
RANDOM,340000,MedianOf3QuickSort,4,27.824364
RANDOM,340000,MedianOf3QuickSort,5,29.632954
RANDOM,350000,LastQuickSort,1,28.267283
RANDOM,350000,LastQuickSort,2,26.304400
RANDOM,350000,LastQuickSort,3,26.725949
RANDOM,350000,LastQuickSort,4,27.992402
RANDOM,350000,LastQuickSort,5,29.302797
RANDOM,350000,MiddleQuickSort,1,29.244411
RANDOM,350000,MiddleQuickSort,2,28.119109
RANDOM,350000,MiddleQuickSort,3,27.421877
RANDOM,350000,MiddleQuickSort,4,25.914452
RANDOM,350000,MiddleQuickSort,5,28.191741
RANDOM,350000,MedianOf3QuickSort,1,37.426100
RANDOM,350000,MedianOf3QuickSort,2,33.415061
RANDOM,350000,MedianOf3QuickSort,3,33.278825
RANDOM,350000,MedianOf3QuickSort,4,30.953180
RANDOM,350000,MedianOf3QuickSort,5,29.544070
RANDOM,360000,LastQuickSort,1,29.112790
RANDOM,360000,LastQuickSort,2,31.428903
RANDOM,360000,LastQuickSort,3,27.938731
RANDOM,360000,LastQuickSort,4,27.843727
RANDOM,360000,LastQuickSort,5,29.540458
RANDOM,360000,MiddleQuickSort,1,28.637367
RANDOM,360000,MiddleQuickSort,2,28.482170
RANDOM,360000,MiddleQuickSort,3,26.398902
RANDOM,360000,MiddleQuickSort,4,26.205383
RANDOM,360000,MiddleQuickSort,5,26.184918
RANDOM,360000,MedianOf3QuickSort,1,29.519592
RANDOM,360000,MedianOf3QuickSort,2,29.324066
RANDOM,360000,MedianOf3QuickSort,3,29.313231
RANDOM,360000,MedianOf3QuickSort,4,29.225751
RANDOM,360000,MedianOf3QuickSort,5,30.075170
RANDOM,370000,LastQuickSort,1,28.069650
RANDOM,370000,LastQuickSort,2,28.022728
RANDOM,370000,LastQuickSort,3,27.960482
RANDOM,370000,LastQuickSort,4,27.826488
RANDOM,370000,LastQuickSort,5,27.913709
RANDOM,370000,MiddleQuickSort,1,28.463833
RANDOM,370000,MiddleQuickSort,2,28.042483
RANDOM,370000,MiddleQuickSort,3,30.964636
RANDOM,370000,MiddleQuickSort,4,29.038649
RANDOM,370000,MiddleQuickSort,5,28.659152
RANDOM,370000,MedianOf3QuickSort,1,34.318375
RANDOM,370000,MedianOf3QuickSort,2,32.693095
RANDOM,370000,MedianOf3QuickSort,3,31.252394
RANDOM,370000,MedianOf3QuickSort,4,31.644537
RANDOM,370000,MedianOf3QuickSort,5,33.121472
RANDOM,380000,LastQuickSort,1,34.041657
RANDOM,380000,LastQuickSort,2,31.251592
RANDOM,380000,LastQuickSort,3,30.525921
RANDOM,380000,LastQuickSort,4,29.272007
RANDOM,380000,LastQuickSort,5,36.395920
RANDOM,380000,MiddleQuickSort,1,30.919971
RANDOM,380000,MiddleQuickSort,2,29.868301
RANDOM,380000,MiddleQuickSort,3,33.428902
RANDOM,380000,MiddleQuickSort,4,30.374163
RANDOM,380000,MiddleQuickSort,5,32.547259
RANDOM,380000,MedianOf3QuickSort,1,33.101197
RANDOM,380000,MedianOf3QuickSort,2,32.588711
RANDOM,380000,MedianOf3QuickSort,3,34.565385
RANDOM,380000,MedianOf3QuickSort,4,33.205380
RANDOM,380000,MedianOf3QuickSort,5,32.811431
RANDOM,390000,LastQuickSort,1,30.728567
RANDOM,390000,LastQuickSort,2,32.927658
RANDOM,390000,LastQuickSort,3,31.646924
RANDOM,390000,LastQuickSort,4,30.758344
RANDOM,390000,LastQuickSort,5,35.170625
RANDOM,390000,MiddleQuickSort,1,31.185193
RANDOM,390000,MiddleQuickSort,2,29.530412
RANDOM,390000,MiddleQuickSort,3,32.837163
RANDOM,390000,MiddleQuickSort,4,29.355194
RANDOM,390000,MiddleQuickSort,5,29.344049
RANDOM,390000,MedianOf3QuickSort,1,36.021512
RANDOM,390000,MedianOf3QuickSort,2,34.782033
RANDOM,390000,MedianOf3QuickSort,3,35.984460
RANDOM,390000,MedianOf3QuickSort,4,34.489434
RANDOM,390000,MedianOf3QuickSort,5,35.517547
RANDOM,400000,LastQuickSort,1,38.602991
RANDOM,400000,LastQuickSort,2,34.822600
RANDOM,400000,LastQuickSort,3,32.730024
RANDOM,400000,LastQuickSort,4,31.404191
RANDOM,400000,LastQuickSort,5,30.800819
RANDOM,400000,MiddleQuickSort,1,32.691567
RANDOM,400000,MiddleQuickSort,2,32.942696
RANDOM,400000,MiddleQuickSort,3,31.181579
RANDOM,400000,MiddleQuickSort,4,31.085786
RANDOM,400000,MiddleQuickSort,5,32.357598
RANDOM,400000,MedianOf3QuickSort,1,36.401068
RANDOM,400000,MedianOf3QuickSort,2,37.622975
RANDOM,400000,MedianOf3QuickSort,3,36.210688
RANDOM,400000,MedianOf3QuickSort,4,36.250150
RANDOM,400000,MedianOf3QuickSort,5,34.650895
RANDOM,410000,LastQuickSort,1,37.487620
RANDOM,410000,LastQuickSort,2,33.209069
RANDOM,410000,LastQuickSort,3,32.088231
RANDOM,410000,LastQuickSort,4,32.475660
RANDOM,410000,LastQuickSort,5,32.494345
RANDOM,410000,MiddleQuickSort,1,36.189739
RANDOM,410000,MiddleQuickSort,2,33.057157
RANDOM,410000,MiddleQuickSort,3,32.251560
RANDOM,410000,MiddleQuickSort,4,36.552358
RANDOM,410000,MiddleQuickSort,5,38.801397
RANDOM,410000,MedianOf3QuickSort,1,39.775143
RANDOM,410000,MedianOf3QuickSort,2,38.310606
RANDOM,410000,MedianOf3QuickSort,3,41.280462
RANDOM,410000,MedianOf3QuickSort,4,40.681388
RANDOM,410000,MedianOf3QuickSort,5,38.992048
RANDOM,420000,LastQuickSort,1,33.367541
RANDOM,420000,LastQuickSort,2,33.569945
RANDOM,420000,LastQuickSort,3,34.676156
RANDOM,420000,LastQuickSort,4,34.905242
RANDOM,420000,LastQuickSort,5,33.562936
RANDOM,420000,MiddleQuickSort,1,33.404659
RANDOM,420000,MiddleQuickSort,2,32.648437
RANDOM,420000,MiddleQuickSort,3,33.200453
RANDOM,420000,MiddleQuickSort,4,32.892538
RANDOM,420000,MiddleQuickSort,5,32.994540
RANDOM,420000,MedianOf3QuickSort,1,39.335740
RANDOM,420000,MedianOf3QuickSort,2,38.855075
RANDOM,420000,MedianOf3QuickSort,3,39.430607
RANDOM,420000,MedianOf3QuickSort,4,37.472384
RANDOM,420000,MedianOf3QuickSort,5,39.045992
RANDOM,430000,LastQuickSort,1,38.519835
RANDOM,430000,LastQuickSort,2,37.611777
RANDOM,430000,LastQuickSort,3,35.603052
RANDOM,430000,LastQuickSort,4,37.556386
RANDOM,430000,LastQuickSort,5,35.686790
RANDOM,430000,MiddleQuickSort,1,35.378173
RANDOM,430000,MiddleQuickSort,2,36.143784
RANDOM,430000,MiddleQuickSort,3,33.946672
RANDOM,430000,MiddleQuickSort,4,36.244110
RANDOM,430000,MiddleQuickSort,5,34.170244
RANDOM,430000,MedianOf3QuickSort,1,42.438266
RANDOM,430000,MedianOf3QuickSort,2,40.152791
RANDOM,430000,MedianOf3QuickSort,3,87.577083
RANDOM,430000,MedianOf3QuickSort,4,71.784433
RANDOM,430000,MedianOf3QuickSort,5,39.088112
RANDOM,440000,LastQuickSort,1,35.410643
RANDOM,440000,LastQuickSort,2,34.967622
RANDOM,440000,LastQuickSort,3,34.830001
RANDOM,440000,LastQuickSort,4,34.947115
RANDOM,440000,LastQuickSort,5,34.970839
RANDOM,440000,MiddleQuickSort,1,35.107957
RANDOM,440000,MiddleQuickSort,2,38.007249
RANDOM,440000,MiddleQuickSort,3,35.421869
RANDOM,440000,MiddleQuickSort,4,34.893585
RANDOM,440000,MiddleQuickSort,5,40.010124
RANDOM,440000,MedianOf3QuickSort,1,43.373084
RANDOM,440000,MedianOf3QuickSort,2,43.902205
RANDOM,440000,MedianOf3QuickSort,3,40.091070
RANDOM,440000,MedianOf3QuickSort,4,40.276192
RANDOM,440000,MedianOf3QuickSort,5,40.849958
RANDOM,450000,LastQuickSort,1,43.482388
RANDOM,450000,LastQuickSort,2,40.118421
RANDOM,450000,LastQuickSort,3,38.391490
RANDOM,450000,LastQuickSort,4,36.198788
RANDOM,450000,LastQuickSort,5,36.414579
RANDOM,450000,MiddleQuickSort,1,37.258738
RANDOM,450000,MiddleQuickSort,2,36.158666
RANDOM,450000,MiddleQuickSort,3,35.668360
RANDOM,450000,MiddleQuickSort,4,35.764391
RANDOM,450000,MiddleQuickSort,5,37.580212
RANDOM,450000,MedianOf3QuickSort,1,44.701316
RANDOM,450000,MedianOf3QuickSort,2,43.511045
RANDOM,450000,MedianOf3QuickSort,3,41.979493
RANDOM,450000,MedianOf3QuickSort,4,42.296241
RANDOM,450000,MedianOf3QuickSort,5,42.630888
RANDOM,460000,LastQuickSort,1,41.318646
RANDOM,460000,LastQuickSort,2,39.232532
RANDOM,460000,LastQuickSort,3,40.633681
RANDOM,460000,LastQuickSort,4,38.140727
RANDOM,460000,LastQuickSort,5,39.712988
RANDOM,460000,MiddleQuickSort,1,39.423218
RANDOM,460000,MiddleQuickSort,2,40.013621
RANDOM,460000,MiddleQuickSort,3,37.092787
RANDOM,460000,MiddleQuickSort,4,36.362175
RANDOM,460000,MiddleQuickSort,5,36.242587
RANDOM,460000,MedianOf3QuickSort,1,42.476415
RANDOM,460000,MedianOf3QuickSort,2,42.304324
RANDOM,460000,MedianOf3QuickSort,3,43.941560
RANDOM,460000,MedianOf3QuickSort,4,45.574371
RANDOM,460000,MedianOf3QuickSort,5,43.164884
RANDOM,470000,LastQuickSort,1,41.663631
RANDOM,470000,LastQuickSort,2,40.277039
RANDOM,470000,LastQuickSort,3,40.438872
RANDOM,470000,LastQuickSort,4,38.764320
RANDOM,470000,LastQuickSort,5,40.331554
RANDOM,470000,MiddleQuickSort,1,48.858399
RANDOM,470000,MiddleQuickSort,2,41.281026
RANDOM,470000,MiddleQuickSort,3,38.896985
RANDOM,470000,MiddleQuickSort,4,38.304672
RANDOM,470000,MiddleQuickSort,5,38.666960
RANDOM,470000,MedianOf3QuickSort,1,44.284336
RANDOM,470000,MedianOf3QuickSort,2,44.710257
RANDOM,470000,MedianOf3QuickSort,3,48.517201
RANDOM,470000,MedianOf3QuickSort,4,48.217812
RANDOM,470000,MedianOf3QuickSort,5,47.687744
RANDOM,480000,LastQuickSort,1,42.981915
RANDOM,480000,LastQuickSort,2,39.481191
RANDOM,480000,LastQuickSort,3,39.286024
RANDOM,480000,LastQuickSort,4,39.373044
RANDOM,480000,LastQuickSort,5,39.129086
RANDOM,480000,MiddleQuickSort,1,40.483281
RANDOM,480000,MiddleQuickSort,2,39.162084
RANDOM,480000,MiddleQuickSort,3,38.946494
RANDOM,480000,MiddleQuickSort,4,39.742050
RANDOM,480000,MiddleQuickSort,5,40.636295
RANDOM,480000,MedianOf3QuickSort,1,51.246214
RANDOM,480000,MedianOf3QuickSort,2,46.750039
RANDOM,480000,MedianOf3QuickSort,3,47.342480
RANDOM,480000,MedianOf3QuickSort,4,48.026669
RANDOM,480000,MedianOf3QuickSort,5,48.223748
RANDOM,490000,LastQuickSort,1,44.944547
RANDOM,490000,LastQuickSort,2,44.502706
RANDOM,490000,LastQuickSort,3,42.454865
RANDOM,490000,LastQuickSort,4,44.831013
RANDOM,490000,LastQuickSort,5,44.952095
RANDOM,490000,MiddleQuickSort,1,40.759652
RANDOM,490000,MiddleQuickSort,2,40.010836
RANDOM,490000,MiddleQuickSort,3,39.883854
RANDOM,490000,MiddleQuickSort,4,39.833242
RANDOM,490000,MiddleQuickSort,5,45.882531
RANDOM,490000,MedianOf3QuickSort,1,50.039153
RANDOM,490000,MedianOf3QuickSort,2,50.386494
RANDOM,490000,MedianOf3QuickSort,3,48.870449
RANDOM,490000,MedianOf3QuickSort,4,49.540479
RANDOM,490000,MedianOf3QuickSort,5,49.223425
RANDOM,500000,LastQuickSort,1,42.109573
RANDOM,500000,LastQuickSort,2,43.011030
RANDOM,500000,LastQuickSort,3,42.726576
RANDOM,500000,LastQuickSort,4,43.122416
RANDOM,500000,LastQuickSort,5,42.346031
RANDOM,500000,MiddleQuickSort,1,44.841312
RANDOM,500000,MiddleQuickSort,2,45.680183
RANDOM,500000,MiddleQuickSort,3,44.817767
RANDOM,500000,MiddleQuickSort,4,41.757101
RANDOM,500000,MiddleQuickSort,5,41.322018
RANDOM,500000,MedianOf3QuickSort,1,51.448603
RANDOM,500000,MedianOf3QuickSort,2,48.343807
RANDOM,500000,MedianOf3QuickSort,3,48.094027
RANDOM,500000,MedianOf3QuickSort,4,48.823443
RANDOM,500000,MedianOf3QuickSort,5,50.193713
RANDOM,510000,LastQuickSort,1,46.300377
RANDOM,510000,LastQuickSort,2,43.456683
RANDOM,510000,LastQuickSort,3,43.001302
RANDOM,510000,LastQuickSort,4,42.578324
RANDOM,510000,LastQuickSort,5,43.093082
RANDOM,510000,MiddleQuickSort,1,44.368151
RANDOM,510000,MiddleQuickSort,2,43.498346
RANDOM,510000,MiddleQuickSort,3,47.266289
RANDOM,510000,MiddleQuickSort,4,43.855707
RANDOM,510000,MiddleQuickSort,5,44.252821
RANDOM,510000,MedianOf3QuickSort,1,53.637605
RANDOM,510000,MedianOf3QuickSort,2,54.481746
RANDOM,510000,MedianOf3QuickSort,3,51.286025
RANDOM,510000,MedianOf3QuickSort,4,52.279210
RANDOM,510000,MedianOf3QuickSort,5,52.896315
RANDOM,520000,LastQuickSort,1,51.632528
RANDOM,520000,LastQuickSort,2,43.595598
RANDOM,520000,LastQuickSort,3,43.319611
RANDOM,520000,LastQuickSort,4,44.236948
RANDOM,520000,LastQuickSort,5,45.606208
RANDOM,520000,MiddleQuickSort,1,45.316030
RANDOM,520000,MiddleQuickSort,2,49.062372
RANDOM,520000,MiddleQuickSort,3,46.194817
RANDOM,520000,MiddleQuickSort,4,44.701554
RANDOM,520000,MiddleQuickSort,5,44.094526
RANDOM,520000,MedianOf3QuickSort,1,50.344468
RANDOM,520000,MedianOf3QuickSort,2,52.958180
RANDOM,520000,MedianOf3QuickSort,3,51.836220
RANDOM,520000,MedianOf3QuickSort,4,50.400731
RANDOM,520000,MedianOf3QuickSort,5,51.040974
RANDOM,530000,LastQuickSort,1,46.871897
RANDOM,530000,LastQuickSort,2,48.093100
RANDOM,530000,LastQuickSort,3,46.128991
RANDOM,530000,LastQuickSort,4,46.321637
RANDOM,530000,LastQuickSort,5,45.974490
RANDOM,530000,MiddleQuickSort,1,49.421697
RANDOM,530000,MiddleQuickSort,2,47.118756
RANDOM,530000,MiddleQuickSort,3,47.312770
RANDOM,530000,MiddleQuickSort,4,45.942331
RANDOM,530000,MiddleQuickSort,5,47.211603
RANDOM,530000,MedianOf3QuickSort,1,60.149439
RANDOM,530000,MedianOf3QuickSort,2,53.771371
RANDOM,530000,MedianOf3QuickSort,3,54.627316
RANDOM,530000,MedianOf3QuickSort,4,52.938678
RANDOM,530000,MedianOf3QuickSort,5,54.343846
RANDOM,540000,LastQuickSort,1,48.139120
RANDOM,540000,LastQuickSort,2,45.835425
RANDOM,540000,LastQuickSort,3,45.228422
RANDOM,540000,LastQuickSort,4,64.830173
RANDOM,540000,LastQuickSort,5,49.974776
RANDOM,540000,MiddleQuickSort,1,54.575792
RANDOM,540000,MiddleQuickSort,2,52.815497
RANDOM,540000,MiddleQuickSort,3,51.294167
RANDOM,540000,MiddleQuickSort,4,50.307517
RANDOM,540000,MiddleQuickSort,5,48.290145
RANDOM,540000,MedianOf3QuickSort,1,55.819758
RANDOM,540000,MedianOf3QuickSort,2,58.928341
RANDOM,540000,MedianOf3QuickSort,3,67.033837
RANDOM,540000,MedianOf3QuickSort,4,55.074082
RANDOM,540000,MedianOf3QuickSort,5,61.876645
RANDOM,550000,LastQuickSort,1,60.177840
RANDOM,550000,LastQuickSort,2,47.210395
RANDOM,550000,LastQuickSort,3,47.147704
RANDOM,550000,LastQuickSort,4,47.377941
RANDOM,550000,LastQuickSort,5,47.050397
RANDOM,550000,MiddleQuickSort,1,46.833141
RANDOM,550000,MiddleQuickSort,2,50.277239
RANDOM,550000,MiddleQuickSort,3,49.754073
RANDOM,550000,MiddleQuickSort,4,47.310017
RANDOM,550000,MiddleQuickSort,5,47.529889
RANDOM,550000,MedianOf3QuickSort,1,57.233058
RANDOM,550000,MedianOf3QuickSort,2,59.310728
RANDOM,550000,MedianOf3QuickSort,3,56.899778
RANDOM,550000,MedianOf3QuickSort,4,58.622224
RANDOM,550000,MedianOf3QuickSort,5,58.965121
RANDOM,560000,LastQuickSort,1,51.782095
RANDOM,560000,LastQuickSort,2,49.141459
RANDOM,560000,LastQuickSort,3,54.428770
RANDOM,560000,LastQuickSort,4,61.511058
RANDOM,560000,LastQuickSort,5,50.919226
RANDOM,560000,MiddleQuickSort,1,58.416242
RANDOM,560000,MiddleQuickSort,2,49.121030
RANDOM,560000,MiddleQuickSort,3,48.046821
RANDOM,560000,MiddleQuickSort,4,47.127393
RANDOM,560000,MiddleQuickSort,5,47.872617
RANDOM,560000,MedianOf3QuickSort,1,59.102593
RANDOM,560000,MedianOf3QuickSort,2,59.342513
RANDOM,560000,MedianOf3QuickSort,3,60.473482
RANDOM,560000,MedianOf3QuickSort,4,61.871844
RANDOM,560000,MedianOf3QuickSort,5,59.468814
RANDOM,570000,LastQuickSort,1,49.948977
RANDOM,570000,LastQuickSort,2,49.282216
RANDOM,570000,LastQuickSort,3,52.742303
RANDOM,570000,LastQuickSort,4,49.804135
RANDOM,570000,LastQuickSort,5,49.092163
RANDOM,570000,MiddleQuickSort,1,48.792438
RANDOM,570000,MiddleQuickSort,2,48.596379
RANDOM,570000,MiddleQuickSort,3,48.563467
RANDOM,570000,MiddleQuickSort,4,51.746810
RANDOM,570000,MiddleQuickSort,5,52.642663
RANDOM,570000,MedianOf3QuickSort,1,64.437810
RANDOM,570000,MedianOf3QuickSort,2,61.855125
RANDOM,570000,MedianOf3QuickSort,3,59.466686
RANDOM,570000,MedianOf3QuickSort,4,61.602301
RANDOM,570000,MedianOf3QuickSort,5,61.644170
RANDOM,580000,LastQuickSort,1,60.244481
RANDOM,580000,LastQuickSort,2,51.030410
RANDOM,580000,LastQuickSort,3,52.014228
RANDOM,580000,LastQuickSort,4,50.816134
RANDOM,580000,LastQuickSort,5,50.906600
RANDOM,580000,MiddleQuickSort,1,50.369158
RANDOM,580000,MiddleQuickSort,2,52.170961
RANDOM,580000,MiddleQuickSort,3,54.608393
RANDOM,580000,MiddleQuickSort,4,58.647931
RANDOM,580000,MiddleQuickSort,5,58.240383
RANDOM,580000,MedianOf3QuickSort,1,61.069257
RANDOM,580000,MedianOf3QuickSort,2,63.645592
RANDOM,580000,MedianOf3QuickSort,3,62.039761
RANDOM,580000,MedianOf3QuickSort,4,63.367384
RANDOM,580000,MedianOf3QuickSort,5,63.330142
RANDOM,590000,LastQuickSort,1,57.636259
RANDOM,590000,LastQuickSort,2,57.633441
RANDOM,590000,LastQuickSort,3,52.271817
RANDOM,590000,LastQuickSort,4,50.542585
RANDOM,590000,LastQuickSort,5,54.355852
RANDOM,590000,MiddleQuickSort,1,55.215637
RANDOM,590000,MiddleQuickSort,2,51.392451
RANDOM,590000,MiddleQuickSort,3,52.937034
RANDOM,590000,MiddleQuickSort,4,55.613389
RANDOM,590000,MiddleQuickSort,5,54.641715
RANDOM,590000,MedianOf3QuickSort,1,66.042095
RANDOM,590000,MedianOf3QuickSort,2,62.370110
RANDOM,590000,MedianOf3QuickSort,3,62.187914
RANDOM,590000,MedianOf3QuickSort,4,62.569014
RANDOM,590000,MedianOf3QuickSort,5,64.181189
RANDOM,600000,LastQuickSort,1,57.771949
RANDOM,600000,LastQuickSort,2,56.176986
RANDOM,600000,LastQuickSort,3,54.498074
RANDOM,600000,LastQuickSort,4,53.195329
RANDOM,600000,LastQuickSort,5,55.082809
RANDOM,600000,MiddleQuickSort,1,56.898016
RANDOM,600000,MiddleQuickSort,2,55.824172
RANDOM,600000,MiddleQuickSort,3,56.303315
RANDOM,600000,MiddleQuickSort,4,57.731794
RANDOM,600000,MiddleQuickSort,5,53.196261
RANDOM,600000,MedianOf3QuickSort,1,64.652333
RANDOM,600000,MedianOf3QuickSort,2,62.971788
RANDOM,600000,MedianOf3QuickSort,3,62.371364
RANDOM,600000,MedianOf3QuickSort,4,63.314428
RANDOM,600000,MedianOf3QuickSort,5,64.726042
RANDOM,610000,LastQuickSort,1,59.915409
RANDOM,610000,LastQuickSort,2,56.576804
RANDOM,610000,LastQuickSort,3,53.716818
RANDOM,610000,LastQuickSort,4,55.060589
RANDOM,610000,LastQuickSort,5,58.881919
RANDOM,610000,MiddleQuickSort,1,55.678512
RANDOM,610000,MiddleQuickSort,2,52.204807
RANDOM,610000,MiddleQuickSort,3,51.966768
RANDOM,610000,MiddleQuickSort,4,51.138764
RANDOM,610000,MiddleQuickSort,5,51.449045
RANDOM,610000,MedianOf3QuickSort,1,64.317663
RANDOM,610000,MedianOf3QuickSort,2,62.484843
RANDOM,610000,MedianOf3QuickSort,3,69.550686
RANDOM,610000,MedianOf3QuickSort,4,69.508001
RANDOM,610000,MedianOf3QuickSort,5,67.403497
RANDOM,620000,LastQuickSort,1,62.256603
RANDOM,620000,LastQuickSort,2,58.559517
RANDOM,620000,LastQuickSort,3,53.477090
RANDOM,620000,LastQuickSort,4,53.048281
RANDOM,620000,LastQuickSort,5,52.795410
RANDOM,620000,MiddleQuickSort,1,53.968014
RANDOM,620000,MiddleQuickSort,2,55.243257
RANDOM,620000,MiddleQuickSort,3,55.484646
RANDOM,620000,MiddleQuickSort,4,54.100091
RANDOM,620000,MiddleQuickSort,5,54.204595
RANDOM,620000,MedianOf3QuickSort,1,67.654699
RANDOM,620000,MedianOf3QuickSort,2,68.822326
RANDOM,620000,MedianOf3QuickSort,3,65.667871
RANDOM,620000,MedianOf3QuickSort,4,66.838028
RANDOM,620000,MedianOf3QuickSort,5,68.107814
RANDOM,630000,LastQuickSort,1,57.475595
RANDOM,630000,LastQuickSort,2,61.203438
RANDOM,630000,LastQuickSort,3,57.033857
RANDOM,630000,LastQuickSort,4,55.890971
RANDOM,630000,LastQuickSort,5,61.764199
RANDOM,630000,MiddleQuickSort,1,61.102430
RANDOM,630000,MiddleQuickSort,2,57.779664
RANDOM,630000,MiddleQuickSort,3,61.231501
RANDOM,630000,MiddleQuickSort,4,55.511379
RANDOM,630000,MiddleQuickSort,5,54.676063
RANDOM,630000,MedianOf3QuickSort,1,71.395780
RANDOM,630000,MedianOf3QuickSort,2,67.803181
RANDOM,630000,MedianOf3QuickSort,3,71.150032
RANDOM,630000,MedianOf3QuickSort,4,67.384626
RANDOM,630000,MedianOf3QuickSort,5,70.772985
RANDOM,640000,LastQuickSort,1,61.767866
RANDOM,640000,LastQuickSort,2,59.270431
RANDOM,640000,LastQuickSort,3,57.725430
RANDOM,640000,LastQuickSort,4,57.881224
RANDOM,640000,LastQuickSort,5,59.327892
RANDOM,640000,MiddleQuickSort,1,65.224053
RANDOM,640000,MiddleQuickSort,2,56.591731
RANDOM,640000,MiddleQuickSort,3,59.125202
RANDOM,640000,MiddleQuickSort,4,58.742037
RANDOM,640000,MiddleQuickSort,5,57.387681
RANDOM,640000,MedianOf3QuickSort,1,73.515266
RANDOM,640000,MedianOf3QuickSort,2,70.251502
RANDOM,640000,MedianOf3QuickSort,3,69.242626
RANDOM,640000,MedianOf3QuickSort,4,71.840564
RANDOM,640000,MedianOf3QuickSort,5,68.603377
RANDOM,650000,LastQuickSort,1,60.779573
RANDOM,650000,LastQuickSort,2,61.186560
RANDOM,650000,LastQuickSort,3,57.488644
RANDOM,650000,LastQuickSort,4,57.083834
RANDOM,650000,LastQuickSort,5,56.968825
RANDOM,650000,MiddleQuickSort,1,57.642648
RANDOM,650000,MiddleQuickSort,2,60.908934
RANDOM,650000,MiddleQuickSort,3,59.428362
RANDOM,650000,MiddleQuickSort,4,66.558645
RANDOM,650000,MiddleQuickSort,5,58.979805
RANDOM,650000,MedianOf3QuickSort,1,72.817549
RANDOM,650000,MedianOf3QuickSort,2,72.772614
RANDOM,650000,MedianOf3QuickSort,3,75.386554
RANDOM,650000,MedianOf3QuickSort,4,73.777718
RANDOM,650000,MedianOf3QuickSort,5,70.845372
RANDOM,660000,LastQuickSort,1,61.927173
RANDOM,660000,LastQuickSort,2,61.177484
RANDOM,660000,LastQuickSort,3,60.044619
RANDOM,660000,LastQuickSort,4,61.032664
RANDOM,660000,LastQuickSort,5,61.228468
RANDOM,660000,MiddleQuickSort,1,61.852084
RANDOM,660000,MiddleQuickSort,2,81.393583
RANDOM,660000,MiddleQuickSort,3,61.398780
RANDOM,660000,MiddleQuickSort,4,60.315411
RANDOM,660000,MiddleQuickSort,5,61.544095
RANDOM,660000,MedianOf3QuickSort,1,73.533062
RANDOM,660000,MedianOf3QuickSort,2,71.457978
RANDOM,660000,MedianOf3QuickSort,3,74.219141
RANDOM,660000,MedianOf3QuickSort,4,75.922680
RANDOM,660000,MedianOf3QuickSort,5,73.521549
RANDOM,670000,LastQuickSort,1,63.575057
RANDOM,670000,LastQuickSort,2,72.030444
RANDOM,670000,LastQuickSort,3,68.802766
RANDOM,670000,LastQuickSort,4,68.046581
RANDOM,670000,LastQuickSort,5,61.541733
RANDOM,670000,MiddleQuickSort,1,60.372722
RANDOM,670000,MiddleQuickSort,2,59.052552
RANDOM,670000,MiddleQuickSort,3,58.886686
RANDOM,670000,MiddleQuickSort,4,63.699184
RANDOM,670000,MiddleQuickSort,5,60.876779
RANDOM,670000,MedianOf3QuickSort,1,78.645207
RANDOM,670000,MedianOf3QuickSort,2,75.411268
RANDOM,670000,MedianOf3QuickSort,3,73.245215
RANDOM,670000,MedianOf3QuickSort,4,75.181605
RANDOM,670000,MedianOf3QuickSort,5,74.466567
RANDOM,680000,LastQuickSort,1,67.850551
RANDOM,680000,LastQuickSort,2,62.512305
RANDOM,680000,LastQuickSort,3,63.250936
RANDOM,680000,LastQuickSort,4,63.328582
RANDOM,680000,LastQuickSort,5,63.668331
RANDOM,680000,MiddleQuickSort,1,65.237273
RANDOM,680000,MiddleQuickSort,2,66.439190
RANDOM,680000,MiddleQuickSort,3,64.280140
RANDOM,680000,MiddleQuickSort,4,64.162676
RANDOM,680000,MiddleQuickSort,5,63.488750
RANDOM,680000,MedianOf3QuickSort,1,77.671346
RANDOM,680000,MedianOf3QuickSort,2,80.217061
RANDOM,680000,MedianOf3QuickSort,3,79.288608
RANDOM,680000,MedianOf3QuickSort,4,86.067269
RANDOM,680000,MedianOf3QuickSort,5,78.496467
RANDOM,690000,LastQuickSort,1,63.289166
RANDOM,690000,LastQuickSort,2,62.527929
RANDOM,690000,LastQuickSort,3,64.263742
RANDOM,690000,LastQuickSort,4,65.402607
RANDOM,690000,LastQuickSort,5,63.498317
RANDOM,690000,MiddleQuickSort,1,67.015900
RANDOM,690000,MiddleQuickSort,2,63.768977
RANDOM,690000,MiddleQuickSort,3,65.114302
RANDOM,690000,MiddleQuickSort,4,64.992280
RANDOM,690000,MiddleQuickSort,5,62.860098
RANDOM,690000,MedianOf3QuickSort,1,82.929007
RANDOM,690000,MedianOf3QuickSort,2,79.023204
RANDOM,690000,MedianOf3QuickSort,3,80.745151
RANDOM,690000,MedianOf3QuickSort,4,81.316904
RANDOM,690000,MedianOf3QuickSort,5,78.501759
RANDOM,700000,LastQuickSort,1,68.465735
RANDOM,700000,LastQuickSort,2,67.825707
RANDOM,700000,LastQuickSort,3,69.083005
RANDOM,700000,LastQuickSort,4,68.769679
RANDOM,700000,LastQuickSort,5,65.956529
RANDOM,700000,MiddleQuickSort,1,69.510522
RANDOM,700000,MiddleQuickSort,2,67.226205
RANDOM,700000,MiddleQuickSort,3,65.047295
RANDOM,700000,MiddleQuickSort,4,65.875678
RANDOM,700000,MiddleQuickSort,5,67.786570
RANDOM,700000,MedianOf3QuickSort,1,83.673048
RANDOM,700000,MedianOf3QuickSort,2,85.314765
RANDOM,700000,MedianOf3QuickSort,3,83.749393
RANDOM,700000,MedianOf3QuickSort,4,85.928323
RANDOM,700000,MedianOf3QuickSort,5,80.141690
RANDOM,710000,LastQuickSort,1,67.462121
RANDOM,710000,LastQuickSort,2,65.273197
RANDOM,710000,LastQuickSort,3,67.015793
RANDOM,710000,LastQuickSort,4,66.868608
RANDOM,710000,LastQuickSort,5,67.110443
RANDOM,710000,MiddleQuickSort,1,68.972477
RANDOM,710000,MiddleQuickSort,2,67.102849
RANDOM,710000,MiddleQuickSort,3,69.156900
RANDOM,710000,MiddleQuickSort,4,67.896168
RANDOM,710000,MiddleQuickSort,5,66.955695
RANDOM,710000,MedianOf3QuickSort,1,96.524661
RANDOM,710000,MedianOf3QuickSort,2,86.849358
RANDOM,710000,MedianOf3QuickSort,3,91.035771
RANDOM,710000,MedianOf3QuickSort,4,83.925210
RANDOM,710000,MedianOf3QuickSort,5,81.911827
RANDOM,720000,LastQuickSort,1,69.021193
RANDOM,720000,LastQuickSort,2,70.018082
RANDOM,720000,LastQuickSort,3,70.661569
RANDOM,720000,LastQuickSort,4,67.469544
RANDOM,720000,LastQuickSort,5,69.576154
RANDOM,720000,MiddleQuickSort,1,71.930453
RANDOM,720000,MiddleQuickSort,2,68.517896
RANDOM,720000,MiddleQuickSort,3,68.356713
RANDOM,720000,MiddleQuickSort,4,72.335637
RANDOM,720000,MiddleQuickSort,5,67.522165
RANDOM,720000,MedianOf3QuickSort,1,86.237341
RANDOM,720000,MedianOf3QuickSort,2,85.881236
RANDOM,720000,MedianOf3QuickSort,3,87.529410
RANDOM,720000,MedianOf3QuickSort,4,85.573587
RANDOM,720000,MedianOf3QuickSort,5,88.026375
RANDOM,730000,LastQuickSort,1,73.337676
RANDOM,730000,LastQuickSort,2,70.023208
RANDOM,730000,LastQuickSort,3,68.827296
RANDOM,730000,LastQuickSort,4,74.293849
RANDOM,730000,LastQuickSort,5,80.674526
RANDOM,730000,MiddleQuickSort,1,73.239371
RANDOM,730000,MiddleQuickSort,2,67.748063
RANDOM,730000,MiddleQuickSort,3,67.710793
RANDOM,730000,MiddleQuickSort,4,67.819697
RANDOM,730000,MiddleQuickSort,5,70.981131
RANDOM,730000,MedianOf3QuickSort,1,90.733707
RANDOM,730000,MedianOf3QuickSort,2,85.878094
RANDOM,730000,MedianOf3QuickSort,3,94.080289
RANDOM,730000,MedianOf3QuickSort,4,88.012901
RANDOM,730000,MedianOf3QuickSort,5,86.239872
RANDOM,740000,LastQuickSort,1,75.397668
RANDOM,740000,LastQuickSort,2,71.789175
RANDOM,740000,LastQuickSort,3,71.980959
RANDOM,740000,LastQuickSort,4,73.551121
RANDOM,740000,LastQuickSort,5,71.606113
RANDOM,740000,MiddleQuickSort,1,75.718893
RANDOM,740000,MiddleQuickSort,2,73.670623
RANDOM,740000,MiddleQuickSort,3,75.197276
RANDOM,740000,MiddleQuickSort,4,71.855443
RANDOM,740000,MiddleQuickSort,5,73.176376
RANDOM,740000,MedianOf3QuickSort,1,90.557741
RANDOM,740000,MedianOf3QuickSort,2,89.447740
RANDOM,740000,MedianOf3QuickSort,3,91.962774
RANDOM,740000,MedianOf3QuickSort,4,87.754063
RANDOM,740000,MedianOf3QuickSort,5,89.053577
RANDOM,750000,LastQuickSort,1,75.136288
RANDOM,750000,LastQuickSort,2,74.722911
RANDOM,750000,LastQuickSort,3,71.164820
RANDOM,750000,LastQuickSort,4,73.446869
RANDOM,750000,LastQuickSort,5,72.657431
RANDOM,750000,MiddleQuickSort,1,75.589388
RANDOM,750000,MiddleQuickSort,2,70.918259
RANDOM,750000,MiddleQuickSort,3,75.331993
RANDOM,750000,MiddleQuickSort,4,73.401730
RANDOM,750000,MiddleQuickSort,5,73.572458
RANDOM,750000,MedianOf3QuickSort,1,93.130505
RANDOM,750000,MedianOf3QuickSort,2,95.956102
RANDOM,750000,MedianOf3QuickSort,3,90.916646
RANDOM,750000,MedianOf3QuickSort,4,96.475362
RANDOM,750000,MedianOf3QuickSort,5,97.536866
RANDOM,760000,LastQuickSort,1,85.152593
RANDOM,760000,LastQuickSort,2,75.599867
RANDOM,760000,LastQuickSort,3,76.369625
RANDOM,760000,LastQuickSort,4,74.417732
RANDOM,760000,LastQuickSort,5,76.389798
RANDOM,760000,MiddleQuickSort,1,80.450949
RANDOM,760000,MiddleQuickSort,2,73.472445
RANDOM,760000,MiddleQuickSort,3,72.671308
RANDOM,760000,MiddleQuickSort,4,75.808754
RANDOM,760000,MiddleQuickSort,5,74.655223
RANDOM,760000,MedianOf3QuickSort,1,93.887737
RANDOM,760000,MedianOf3QuickSort,2,92.426671
RANDOM,760000,MedianOf3QuickSort,3,94.807730
RANDOM,760000,MedianOf3QuickSort,4,94.794177
RANDOM,760000,MedianOf3QuickSort,5,95.398202
RANDOM,770000,LastQuickSort,1,78.017421
RANDOM,770000,LastQuickSort,2,75.837570
RANDOM,770000,LastQuickSort,3,76.385269
RANDOM,770000,LastQuickSort,4,80.600171
RANDOM,770000,LastQuickSort,5,86.762389
RANDOM,770000,MiddleQuickSort,1,80.925050
RANDOM,770000,MiddleQuickSort,2,74.469897
RANDOM,770000,MiddleQuickSort,3,73.785892
RANDOM,770000,MiddleQuickSort,4,74.784478
RANDOM,770000,MiddleQuickSort,5,76.207930
RANDOM,770000,MedianOf3QuickSort,1,105.984519
RANDOM,770000,MedianOf3QuickSort,2,95.802206
RANDOM,770000,MedianOf3QuickSort,3,97.532830
RANDOM,770000,MedianOf3QuickSort,4,97.304308
RANDOM,770000,MedianOf3QuickSort,5,96.597430
RANDOM,780000,LastQuickSort,1,83.291583
RANDOM,780000,LastQuickSort,2,84.828033
RANDOM,780000,LastQuickSort,3,82.851980
RANDOM,780000,LastQuickSort,4,78.239313
RANDOM,780000,LastQuickSort,5,75.489205
RANDOM,780000,MiddleQuickSort,1,76.285476
RANDOM,780000,MiddleQuickSort,2,75.288553
RANDOM,780000,MiddleQuickSort,3,75.174356
RANDOM,780000,MiddleQuickSort,4,75.632355
RANDOM,780000,MiddleQuickSort,5,75.079760
RANDOM,780000,MedianOf3QuickSort,1,98.276493
RANDOM,780000,MedianOf3QuickSort,2,96.266727
RANDOM,780000,MedianOf3QuickSort,3,99.054837
RANDOM,780000,MedianOf3QuickSort,4,97.141259
RANDOM,780000,MedianOf3QuickSort,5,96.239978
RANDOM,790000,LastQuickSort,1,78.948195
RANDOM,790000,LastQuickSort,2,80.570161
RANDOM,790000,LastQuickSort,3,77.017524
RANDOM,790000,LastQuickSort,4,80.269498
RANDOM,790000,LastQuickSort,5,77.465600
RANDOM,790000,MiddleQuickSort,1,82.318927
RANDOM,790000,MiddleQuickSort,2,79.724486
RANDOM,790000,MiddleQuickSort,3,78.863427
RANDOM,790000,MiddleQuickSort,4,77.504189
RANDOM,790000,MiddleQuickSort,5,79.068703
RANDOM,790000,MedianOf3QuickSort,1,99.545756
RANDOM,790000,MedianOf3QuickSort,2,103.688702
RANDOM,790000,MedianOf3QuickSort,3,103.742714
RANDOM,790000,MedianOf3QuickSort,4,101.102655
RANDOM,790000,MedianOf3QuickSort,5,101.777254
RANDOM,800000,LastQuickSort,1,78.840282
RANDOM,800000,LastQuickSort,2,80.212614
RANDOM,800000,LastQuickSort,3,79.609529
RANDOM,800000,LastQuickSort,4,80.955307
RANDOM,800000,LastQuickSort,5,79.489662
RANDOM,800000,MiddleQuickSort,1,83.431723
RANDOM,800000,MiddleQuickSort,2,79.581420
RANDOM,800000,MiddleQuickSort,3,80.394499
RANDOM,800000,MiddleQuickSort,4,81.007577
RANDOM,800000,MiddleQuickSort,5,82.445506
RANDOM,800000,MedianOf3QuickSort,1,105.359498
RANDOM,800000,MedianOf3QuickSort,2,104.477809
RANDOM,800000,MedianOf3QuickSort,3,103.428310
RANDOM,800000,MedianOf3QuickSort,4,102.688170
RANDOM,800000,MedianOf3QuickSort,5,108.223375
RANDOM,810000,LastQuickSort,1,159.997013
RANDOM,810000,LastQuickSort,2,82.147264
RANDOM,810000,LastQuickSort,3,79.101299
RANDOM,810000,LastQuickSort,4,79.369460
RANDOM,810000,LastQuickSort,5,82.838445
RANDOM,810000,MiddleQuickSort,1,84.947205
RANDOM,810000,MiddleQuickSort,2,81.791662
RANDOM,810000,MiddleQuickSort,3,78.254857
RANDOM,810000,MiddleQuickSort,4,78.074943
RANDOM,810000,MiddleQuickSort,5,78.729798
RANDOM,810000,MedianOf3QuickSort,1,106.213959
RANDOM,810000,MedianOf3QuickSort,2,107.619885
RANDOM,810000,MedianOf3QuickSort,3,108.263378
RANDOM,810000,MedianOf3QuickSort,4,102.826992
RANDOM,810000,MedianOf3QuickSort,5,102.752115
RANDOM,820000,LastQuickSort,1,85.465940
RANDOM,820000,LastQuickSort,2,83.652503
RANDOM,820000,LastQuickSort,3,82.778341
RANDOM,820000,LastQuickSort,4,83.002668
RANDOM,820000,LastQuickSort,5,84.315420
RANDOM,820000,MiddleQuickSort,1,86.156634
RANDOM,820000,MiddleQuickSort,2,82.515659
RANDOM,820000,MiddleQuickSort,3,81.192939
RANDOM,820000,MiddleQuickSort,4,80.045369
RANDOM,820000,MiddleQuickSort,5,80.437220
RANDOM,820000,MedianOf3QuickSort,1,114.787126
RANDOM,820000,MedianOf3QuickSort,2,105.168311
RANDOM,820000,MedianOf3QuickSort,3,105.639076
RANDOM,820000,MedianOf3QuickSort,4,107.704420
RANDOM,820000,MedianOf3QuickSort,5,106.680052
RANDOM,830000,LastQuickSort,1,87.970660
RANDOM,830000,LastQuickSort,2,85.824255
RANDOM,830000,LastQuickSort,3,85.772526
RANDOM,830000,LastQuickSort,4,82.402553
RANDOM,830000,LastQuickSort,5,95.801002
RANDOM,830000,MiddleQuickSort,1,93.221075
RANDOM,830000,MiddleQuickSort,2,90.909730
RANDOM,830000,MiddleQuickSort,3,84.496353
RANDOM,830000,MiddleQuickSort,4,81.257551
RANDOM,830000,MiddleQuickSort,5,83.458470
RANDOM,830000,MedianOf3QuickSort,1,120.561079
RANDOM,830000,MedianOf3QuickSort,2,104.865984
RANDOM,830000,MedianOf3QuickSort,3,105.769194
RANDOM,830000,MedianOf3QuickSort,4,106.423875
RANDOM,830000,MedianOf3QuickSort,5,108.402941
RANDOM,840000,LastQuickSort,1,84.859735
RANDOM,840000,LastQuickSort,2,82.233324
RANDOM,840000,LastQuickSort,3,82.175865
RANDOM,840000,LastQuickSort,4,82.077148
RANDOM,840000,LastQuickSort,5,86.447053
RANDOM,840000,MiddleQuickSort,1,87.534448
RANDOM,840000,MiddleQuickSort,2,98.962554
RANDOM,840000,MiddleQuickSort,3,86.584239
RANDOM,840000,MiddleQuickSort,4,85.744746
RANDOM,840000,MiddleQuickSort,5,88.928152
RANDOM,840000,MedianOf3QuickSort,1,111.500324
RANDOM,840000,MedianOf3QuickSort,2,109.887688
RANDOM,840000,MedianOf3QuickSort,3,107.905607
RANDOM,840000,MedianOf3QuickSort,4,110.250389
RANDOM,840000,MedianOf3QuickSort,5,108.292362
RANDOM,850000,LastQuickSort,1,99.574528
RANDOM,850000,LastQuickSort,2,88.334182
RANDOM,850000,LastQuickSort,3,87.441922
RANDOM,850000,LastQuickSort,4,86.066033
RANDOM,850000,LastQuickSort,5,91.432660
RANDOM,850000,MiddleQuickSort,1,92.175741
RANDOM,850000,MiddleQuickSort,2,89.099046
RANDOM,850000,MiddleQuickSort,3,89.712090
RANDOM,850000,MiddleQuickSort,4,89.896678
RANDOM,850000,MiddleQuickSort,5,112.524360
RANDOM,850000,MedianOf3QuickSort,1,146.614892
RANDOM,850000,MedianOf3QuickSort,2,115.828820
RANDOM,850000,MedianOf3QuickSort,3,115.316350
RANDOM,850000,MedianOf3QuickSort,4,113.832896
RANDOM,850000,MedianOf3QuickSort,5,114.972213
RANDOM,860000,LastQuickSort,1,92.676982
RANDOM,860000,LastQuickSort,2,91.776923
RANDOM,860000,LastQuickSort,3,89.514395
RANDOM,860000,LastQuickSort,4,87.886095
RANDOM,860000,LastQuickSort,5,87.291626
RANDOM,860000,MiddleQuickSort,1,91.222515
RANDOM,860000,MiddleQuickSort,2,90.064376
RANDOM,860000,MiddleQuickSort,3,86.602167
RANDOM,860000,MiddleQuickSort,4,88.401304
RANDOM,860000,MiddleQuickSort,5,88.630109
RANDOM,860000,MedianOf3QuickSort,1,118.593440
RANDOM,860000,MedianOf3QuickSort,2,119.671731
RANDOM,860000,MedianOf3QuickSort,3,112.529163
RANDOM,860000,MedianOf3QuickSort,4,112.157317
RANDOM,860000,MedianOf3QuickSort,5,114.406005
RANDOM,870000,LastQuickSort,1,91.591080
RANDOM,870000,LastQuickSort,2,89.806703
RANDOM,870000,LastQuickSort,3,87.555516
RANDOM,870000,LastQuickSort,4,87.828427
RANDOM,870000,LastQuickSort,5,86.735376
RANDOM,870000,MiddleQuickSort,1,95.477669
RANDOM,870000,MiddleQuickSort,2,89.577932
RANDOM,870000,MiddleQuickSort,3,97.382203
RANDOM,870000,MiddleQuickSort,4,90.052178
RANDOM,870000,MiddleQuickSort,5,97.321198
RANDOM,870000,MedianOf3QuickSort,1,121.478853
RANDOM,870000,MedianOf3QuickSort,2,117.737973
RANDOM,870000,MedianOf3QuickSort,3,114.312455
RANDOM,870000,MedianOf3QuickSort,4,117.433453
RANDOM,870000,MedianOf3QuickSort,5,114.534607
RANDOM,880000,LastQuickSort,1,92.548421
RANDOM,880000,LastQuickSort,2,90.825197
RANDOM,880000,LastQuickSort,3,89.570439
RANDOM,880000,LastQuickSort,4,87.112573
RANDOM,880000,LastQuickSort,5,89.638034
RANDOM,880000,MiddleQuickSort,1,90.717887
RANDOM,880000,MiddleQuickSort,2,89.597290
RANDOM,880000,MiddleQuickSort,3,89.073722
RANDOM,880000,MiddleQuickSort,4,94.463353
RANDOM,880000,MiddleQuickSort,5,165.806100
RANDOM,880000,MedianOf3QuickSort,1,114.720367
RANDOM,880000,MedianOf3QuickSort,2,116.153636
RANDOM,880000,MedianOf3QuickSort,3,156.295190
RANDOM,880000,MedianOf3QuickSort,4,115.763002
RANDOM,880000,MedianOf3QuickSort,5,114.106652
RANDOM,890000,LastQuickSort,1,93.882246
RANDOM,890000,LastQuickSort,2,89.206853
RANDOM,890000,LastQuickSort,3,89.954155
RANDOM,890000,LastQuickSort,4,89.370458
RANDOM,890000,LastQuickSort,5,92.334354
RANDOM,890000,MiddleQuickSort,1,93.944003
RANDOM,890000,MiddleQuickSort,2,95.520263
RANDOM,890000,MiddleQuickSort,3,91.665357
RANDOM,890000,MiddleQuickSort,4,92.352871
RANDOM,890000,MiddleQuickSort,5,91.854669
RANDOM,890000,MedianOf3QuickSort,1,115.976326
RANDOM,890000,MedianOf3QuickSort,2,119.357408
RANDOM,890000,MedianOf3QuickSort,3,126.987015
RANDOM,890000,MedianOf3QuickSort,4,126.353478
RANDOM,890000,MedianOf3QuickSort,5,118.087866
RANDOM,900000,LastQuickSort,1,93.134077
RANDOM,900000,LastQuickSort,2,100.604360
RANDOM,900000,LastQuickSort,3,135.649304
RANDOM,900000,LastQuickSort,4,103.915804
RANDOM,900000,LastQuickSort,5,93.766336
RANDOM,900000,MiddleQuickSort,1,91.156179
RANDOM,900000,MiddleQuickSort,2,92.143962
RANDOM,900000,MiddleQuickSort,3,92.548342
RANDOM,900000,MiddleQuickSort,4,92.592900
RANDOM,900000,MiddleQuickSort,5,103.186904
RANDOM,900000,MedianOf3QuickSort,1,137.292718
RANDOM,900000,MedianOf3QuickSort,2,121.184917
RANDOM,900000,MedianOf3QuickSort,3,120.568444
RANDOM,900000,MedianOf3QuickSort,4,130.141818
RANDOM,900000,MedianOf3QuickSort,5,128.649741
RANDOM,910000,LastQuickSort,1,92.571941
RANDOM,910000,LastQuickSort,2,94.773698
RANDOM,910000,LastQuickSort,3,101.371726
RANDOM,910000,LastQuickSort,4,95.016309
RANDOM,910000,LastQuickSort,5,111.355295
RANDOM,910000,MiddleQuickSort,1,110.710117
RANDOM,910000,MiddleQuickSort,2,92.160146
RANDOM,910000,MiddleQuickSort,3,92.477826
RANDOM,910000,MiddleQuickSort,4,93.358115
RANDOM,910000,MiddleQuickSort,5,98.966374
RANDOM,910000,MedianOf3QuickSort,1,125.679615
RANDOM,910000,MedianOf3QuickSort,2,123.124117
RANDOM,910000,MedianOf3QuickSort,3,129.719344
RANDOM,910000,MedianOf3QuickSort,4,125.053515
RANDOM,910000,MedianOf3QuickSort,5,123.259318
RANDOM,920000,LastQuickSort,1,99.630264
RANDOM,920000,LastQuickSort,2,94.263309
RANDOM,920000,LastQuickSort,3,97.935218
RANDOM,920000,LastQuickSort,4,102.010404
RANDOM,920000,LastQuickSort,5,103.036520
RANDOM,920000,MiddleQuickSort,1,103.492770
RANDOM,920000,MiddleQuickSort,2,102.539942
RANDOM,920000,MiddleQuickSort,3,100.859124
RANDOM,920000,MiddleQuickSort,4,101.137633
RANDOM,920000,MiddleQuickSort,5,98.037282
RANDOM,920000,MedianOf3QuickSort,1,141.586977
RANDOM,920000,MedianOf3QuickSort,2,127.719954
RANDOM,920000,MedianOf3QuickSort,3,127.453212
RANDOM,920000,MedianOf3QuickSort,4,130.878167
RANDOM,920000,MedianOf3QuickSort,5,122.559538
RANDOM,930000,LastQuickSort,1,94.325084
RANDOM,930000,LastQuickSort,2,99.748152
RANDOM,930000,LastQuickSort,3,102.094175
RANDOM,930000,LastQuickSort,4,103.496593
RANDOM,930000,LastQuickSort,5,115.939796
RANDOM,930000,MiddleQuickSort,1,110.006789
RANDOM,930000,MiddleQuickSort,2,118.371805
RANDOM,930000,MiddleQuickSort,3,95.481231
RANDOM,930000,MiddleQuickSort,4,95.261881
RANDOM,930000,MiddleQuickSort,5,109.688399
RANDOM,930000,MedianOf3QuickSort,1,128.748529
RANDOM,930000,MedianOf3QuickSort,2,123.744880
RANDOM,930000,MedianOf3QuickSort,3,126.510432
RANDOM,930000,MedianOf3QuickSort,4,124.753033
RANDOM,930000,MedianOf3QuickSort,5,127.984413
RANDOM,940000,LastQuickSort,1,103.656413
RANDOM,940000,LastQuickSort,2,99.932481
RANDOM,940000,LastQuickSort,3,97.561171
RANDOM,940000,LastQuickSort,4,102.580254
RANDOM,940000,LastQuickSort,5,101.015239
RANDOM,940000,MiddleQuickSort,1,100.752171
RANDOM,940000,MiddleQuickSort,2,101.266881
RANDOM,940000,MiddleQuickSort,3,102.542439
RANDOM,940000,MiddleQuickSort,4,102.768940
RANDOM,940000,MiddleQuickSort,5,102.329443
RANDOM,940000,MedianOf3QuickSort,1,133.788437
RANDOM,940000,MedianOf3QuickSort,2,133.535324
RANDOM,940000,MedianOf3QuickSort,3,130.655034
RANDOM,940000,MedianOf3QuickSort,4,130.593105
RANDOM,940000,MedianOf3QuickSort,5,132.638821
RANDOM,950000,LastQuickSort,1,105.214697
RANDOM,950000,LastQuickSort,2,103.852357
RANDOM,950000,LastQuickSort,3,103.205631
RANDOM,950000,LastQuickSort,4,102.670548
RANDOM,950000,LastQuickSort,5,102.624989
RANDOM,950000,MiddleQuickSort,1,103.869379
RANDOM,950000,MiddleQuickSort,2,100.758605
RANDOM,950000,MiddleQuickSort,3,104.070836
RANDOM,950000,MiddleQuickSort,4,102.236092
RANDOM,950000,MiddleQuickSort,5,103.598176
RANDOM,950000,MedianOf3QuickSort,1,131.439231
RANDOM,950000,MedianOf3QuickSort,2,140.726423
RANDOM,950000,MedianOf3QuickSort,3,139.492152
RANDOM,950000,MedianOf3QuickSort,4,135.965692
RANDOM,950000,MedianOf3QuickSort,5,134.497954
RANDOM,960000,LastQuickSort,1,113.727674
RANDOM,960000,LastQuickSort,2,103.726452
RANDOM,960000,LastQuickSort,3,102.636090
RANDOM,960000,LastQuickSort,4,103.762419
RANDOM,960000,LastQuickSort,5,102.215042
RANDOM,960000,MiddleQuickSort,1,104.369619
RANDOM,960000,MiddleQuickSort,2,110.827636
RANDOM,960000,MiddleQuickSort,3,107.224743
RANDOM,960000,MiddleQuickSort,4,102.666531
RANDOM,960000,MiddleQuickSort,5,104.258025
RANDOM,960000,MedianOf3QuickSort,1,139.010399
RANDOM,960000,MedianOf3QuickSort,2,136.114507
RANDOM,960000,MedianOf3QuickSort,3,141.998144
RANDOM,960000,MedianOf3QuickSort,4,136.071046
RANDOM,960000,MedianOf3QuickSort,5,147.819604
RANDOM,970000,LastQuickSort,1,104.150070
RANDOM,970000,LastQuickSort,2,105.114645
RANDOM,970000,LastQuickSort,3,101.113187
RANDOM,970000,LastQuickSort,4,105.016933
RANDOM,970000,LastQuickSort,5,102.403656
RANDOM,970000,MiddleQuickSort,1,110.908058
RANDOM,970000,MiddleQuickSort,2,108.249798
RANDOM,970000,MiddleQuickSort,3,107.041560
RANDOM,970000,MiddleQuickSort,4,106.617804
RANDOM,970000,MiddleQuickSort,5,105.114986
RANDOM,970000,MedianOf3QuickSort,1,140.287240
RANDOM,970000,MedianOf3QuickSort,2,133.062109
RANDOM,970000,MedianOf3QuickSort,3,139.872251
RANDOM,970000,MedianOf3QuickSort,4,136.573549
RANDOM,970000,MedianOf3QuickSort,5,138.194988
RANDOM,980000,LastQuickSort,1,112.056956
RANDOM,980000,LastQuickSort,2,104.073867
RANDOM,980000,LastQuickSort,3,105.444379
RANDOM,980000,LastQuickSort,4,106.099899
RANDOM,980000,LastQuickSort,5,107.522956
RANDOM,980000,MiddleQuickSort,1,112.773861
RANDOM,980000,MiddleQuickSort,2,106.442085
RANDOM,980000,MiddleQuickSort,3,105.480531
RANDOM,980000,MiddleQuickSort,4,112.882814
RANDOM,980000,MiddleQuickSort,5,109.010078
RANDOM,980000,MedianOf3QuickSort,1,145.323764
RANDOM,980000,MedianOf3QuickSort,2,144.900102
RANDOM,980000,MedianOf3QuickSort,3,142.570312
RANDOM,980000,MedianOf3QuickSort,4,140.153110
RANDOM,980000,MedianOf3QuickSort,5,140.827646
RANDOM,990000,LastQuickSort,1,114.841494
RANDOM,990000,LastQuickSort,2,113.990980
RANDOM,990000,LastQuickSort,3,115.315041
RANDOM,990000,LastQuickSort,4,112.506325
RANDOM,990000,LastQuickSort,5,106.361479
RANDOM,990000,MiddleQuickSort,1,111.013730
RANDOM,990000,MiddleQuickSort,2,106.046921
RANDOM,990000,MiddleQuickSort,3,107.679349
RANDOM,990000,MiddleQuickSort,4,112.409407
RANDOM,990000,MiddleQuickSort,5,110.018486
RANDOM,990000,MedianOf3QuickSort,1,144.747065
RANDOM,990000,MedianOf3QuickSort,2,143.585482
RANDOM,990000,MedianOf3QuickSort,3,145.111876
RANDOM,990000,MedianOf3QuickSort,4,140.811353
RANDOM,990000,MedianOf3QuickSort,5,141.223041
RANDOM,1000000,LastQuickSort,1,114.171349
RANDOM,1000000,LastQuickSort,2,108.789433
RANDOM,1000000,LastQuickSort,3,106.085805
RANDOM,1000000,LastQuickSort,4,109.839591
RANDOM,1000000,LastQuickSort,5,161.538222
RANDOM,1000000,MiddleQuickSort,1,133.631373
RANDOM,1000000,MiddleQuickSort,2,122.238491
RANDOM,1000000,MiddleQuickSort,3,133.709040
RANDOM,1000000,MiddleQuickSort,4,125.429701
RANDOM,1000000,MiddleQuickSort,5,127.227650
RANDOM,1000000,MedianOf3QuickSort,1,161.652083
RANDOM,1000000,MedianOf3QuickSort,2,149.633472
RANDOM,1000000,MedianOf3QuickSort,3,152.519222
RANDOM,1000000,MedianOf3QuickSort,4,148.085247
RANDOM,1000000,MedianOf3QuickSort,5,147.485098
Forward-Sorted,100,LastQuickSort,1,0.450343
Forward-Sorted,100,LastQuickSort,2,0.339836
Forward-Sorted,100,LastQuickSort,3,0.042179
Forward-Sorted,100,LastQuickSort,4,0.031158
Forward-Sorted,100,LastQuickSort,5,0.032661
Random,100,LastQuickSort,1,0.016231
Random,100,LastQuickSort,2,0.005110
Random,100,LastQuickSort,3,0.006312
Random,100,LastQuickSort,4,0.004509
Random,100,LastQuickSort,5,0.004609
Reverse-Sorted,100,LastQuickSort,1,0.110507
Reverse-Sorted,100,LastQuickSort,2,0.023944
Reverse-Sorted,100,LastQuickSort,3,0.026750
Reverse-Sorted,100,LastQuickSort,4,0.023645
Reverse-Sorted,100,LastQuickSort,5,0.025648
Forward-Sorted,200,LastQuickSort,1,0.030557
Forward-Sorted,200,LastQuickSort,2,0.023945
Forward-Sorted,200,LastQuickSort,3,0.018735
Forward-Sorted,200,LastQuickSort,4,0.030157
Forward-Sorted,200,LastQuickSort,5,0.024546
Random,200,LastQuickSort,1,0.016131
Random,200,LastQuickSort,2,0.010820
Random,200,LastQuickSort,3,0.061315
Random,200,LastQuickSort,4,0.008316
Random,200,LastQuickSort,5,0.007714
Reverse-Sorted,200,LastQuickSort,1,0.031860
Reverse-Sorted,200,LastQuickSort,2,0.032160
Reverse-Sorted,200,LastQuickSort,3,0.027451
Reverse-Sorted,200,LastQuickSort,4,0.026950
Reverse-Sorted,200,LastQuickSort,5,0.024747
Forward-Sorted,300,LastQuickSort,1,0.097883
Forward-Sorted,300,LastQuickSort,2,0.060313
Forward-Sorted,300,LastQuickSort,3,0.058810
Forward-Sorted,300,LastQuickSort,4,0.088665
Forward-Sorted,300,LastQuickSort,5,0.080951
Random,300,LastQuickSort,1,0.017433
Random,300,LastQuickSort,2,0.019636
Random,300,LastQuickSort,3,0.013926
Random,300,LastQuickSort,4,0.018635
Random,300,LastQuickSort,5,0.008516
Reverse-Sorted,300,LastQuickSort,1,0.061215
Reverse-Sorted,300,LastQuickSort,2,0.040876
Reverse-Sorted,300,LastQuickSort,3,0.049493
Reverse-Sorted,300,LastQuickSort,4,0.047689
Reverse-Sorted,300,LastQuickSort,5,0.056706
Forward-Sorted,400,LastQuickSort,1,0.090068
Forward-Sorted,400,LastQuickSort,2,0.077244
Forward-Sorted,400,LastQuickSort,3,0.081753
Forward-Sorted,400,LastQuickSort,4,0.087464
Forward-Sorted,400,LastQuickSort,5,0.083957
Random,400,LastQuickSort,1,0.022743
Random,400,LastQuickSort,2,0.022843
Random,400,LastQuickSort,3,0.014627
Random,400,LastQuickSort,4,0.013225
Random,400,LastQuickSort,5,0.009418
Reverse-Sorted,400,LastQuickSort,1,0.091371
Reverse-Sorted,400,LastQuickSort,2,0.097582
Reverse-Sorted,400,LastQuickSort,3,0.090069
Reverse-Sorted,400,LastQuickSort,4,0.061415
Reverse-Sorted,400,LastQuickSort,5,0.074940
Forward-Sorted,500,LastQuickSort,1,0.150882
Forward-Sorted,500,LastQuickSort,2,0.125335
Forward-Sorted,500,LastQuickSort,3,0.214802
Forward-Sorted,500,LastQuickSort,4,0.128441
Forward-Sorted,500,LastQuickSort,5,0.135253
Random,500,LastQuickSort,1,0.075341
Random,500,LastQuickSort,2,0.024145
Random,500,LastQuickSort,3,0.019336
Random,500,LastQuickSort,4,0.015328
Random,500,LastQuickSort,5,0.012123
Reverse-Sorted,500,LastQuickSort,1,0.211496
Reverse-Sorted,500,LastQuickSort,2,0.138159
Reverse-Sorted,500,LastQuickSort,3,0.166010
Reverse-Sorted,500,LastQuickSort,4,0.116919
Reverse-Sorted,500,LastQuickSort,5,0.120325
Forward-Sorted,600,LastQuickSort,1,0.188653
Forward-Sorted,600,LastQuickSort,2,0.177732
Forward-Sorted,600,LastQuickSort,3,0.175729
Forward-Sorted,600,LastQuickSort,4,0.175328
Forward-Sorted,600,LastQuickSort,5,0.180538
Random,600,LastQuickSort,1,0.036969
Random,600,LastQuickSort,2,0.026048
Random,600,LastQuickSort,3,0.017533
Random,600,LastQuickSort,4,0.014026
Random,600,LastQuickSort,5,0.014728
Reverse-Sorted,600,LastQuickSort,1,0.231433
Reverse-Sorted,600,LastQuickSort,2,0.155291
Reverse-Sorted,600,LastQuickSort,3,0.151383
Reverse-Sorted,600,LastQuickSort,4,0.151183
Reverse-Sorted,600,LastQuickSort,5,0.248164
Forward-Sorted,700,LastQuickSort,1,0.344043
Forward-Sorted,700,LastQuickSort,2,0.249367
Forward-Sorted,700,LastQuickSort,3,0.240550
Forward-Sorted,700,LastQuickSort,4,0.240951
Forward-Sorted,700,LastQuickSort,5,0.238446
Random,700,LastQuickSort,1,0.033864
Random,700,LastQuickSort,2,0.024947
Random,700,LastQuickSort,3,0.027551
Random,700,LastQuickSort,4,0.026449
Random,700,LastQuickSort,5,0.016130
Reverse-Sorted,700,LastQuickSort,1,0.224821
Reverse-Sorted,700,LastQuickSort,2,0.206587
Reverse-Sorted,700,LastQuickSort,3,0.205084
Reverse-Sorted,700,LastQuickSort,4,0.205184
Reverse-Sorted,700,LastQuickSort,5,0.205184
Forward-Sorted,800,LastQuickSort,1,0.557042
Forward-Sorted,800,LastQuickSort,2,0.320600
Forward-Sorted,800,LastQuickSort,3,0.421188
Forward-Sorted,800,LastQuickSort,4,0.403655
Forward-Sorted,800,LastQuickSort,5,0.317094
Random,800,LastQuickSort,1,0.044383
Random,800,LastQuickSort,2,0.037971
Random,800,LastQuickSort,3,0.027451
Random,800,LastQuickSort,4,0.022242
Random,800,LastQuickSort,5,0.019436
Reverse-Sorted,800,LastQuickSort,1,0.310882
Reverse-Sorted,800,LastQuickSort,2,0.275015
Reverse-Sorted,800,LastQuickSort,3,0.344745
Reverse-Sorted,800,LastQuickSort,4,0.339134
Reverse-Sorted,800,LastQuickSort,5,0.272610
Forward-Sorted,900,LastQuickSort,1,0.531895
Forward-Sorted,900,LastQuickSort,2,0.482102
Forward-Sorted,900,LastQuickSort,3,0.461964
Forward-Sorted,900,LastQuickSort,4,0.476392
Forward-Sorted,900,LastQuickSort,5,0.455853
Random,900,LastQuickSort,1,0.041878
Random,900,LastQuickSort,2,0.032561
Random,900,LastQuickSort,3,0.026649
Random,900,LastQuickSort,4,0.024446
Random,900,LastQuickSort,5,0.020739
Reverse-Sorted,900,LastQuickSort,1,0.392534
Reverse-Sorted,900,LastQuickSort,2,0.366085
Reverse-Sorted,900,LastQuickSort,3,0.445233
Reverse-Sorted,900,LastQuickSort,4,0.341740
Reverse-Sorted,900,LastQuickSort,5,0.406360
Forward-Sorted,1000,LastQuickSort,1,0.509653
Forward-Sorted,1000,LastQuickSort,2,0.500837
Forward-Sorted,1000,LastQuickSort,3,0.476692
Forward-Sorted,1000,LastQuickSort,4,0.475991
Forward-Sorted,1000,LastQuickSort,5,0.573974
Random,1000,LastQuickSort,1,0.054101
Random,1000,LastQuickSort,2,0.039073
Random,1000,LastQuickSort,3,0.032661
Random,1000,LastQuickSort,4,0.039975
Random,1000,LastQuickSort,5,0.037871
Reverse-Sorted,1000,LastQuickSort,1,0.478595
Reverse-Sorted,1000,LastQuickSort,2,0.429604
Reverse-Sorted,1000,LastQuickSort,3,0.426999
Reverse-Sorted,1000,LastQuickSort,4,0.491620
Reverse-Sorted,1000,LastQuickSort,5,0.430206
Forward-Sorted,1100,LastQuickSort,1,0.701413
Forward-Sorted,1100,LastQuickSort,2,0.665245
Forward-Sorted,1100,LastQuickSort,3,0.600825
Forward-Sorted,1100,LastQuickSort,4,0.589202
Forward-Sorted,1100,LastQuickSort,5,0.603629
Random,1100,LastQuickSort,1,0.062216
Random,1100,LastQuickSort,2,0.042980
Random,1100,LastQuickSort,3,0.033462
Random,1100,LastQuickSort,4,0.026950
Random,1100,LastQuickSort,5,0.022943
Reverse-Sorted,1100,LastQuickSort,1,0.851193
Reverse-Sorted,1100,LastQuickSort,2,0.832558
Reverse-Sorted,1100,LastQuickSort,3,0.815526
Reverse-Sorted,1100,LastQuickSort,4,0.762928
Reverse-Sorted,1100,LastQuickSort,5,0.804105
Forward-Sorted,1200,LastQuickSort,1,0.827348
Forward-Sorted,1200,LastQuickSort,2,0.701913
Forward-Sorted,1200,LastQuickSort,3,0.698207
Forward-Sorted,1200,LastQuickSort,4,0.704418
Forward-Sorted,1200,LastQuickSort,5,0.790780
Random,1200,LastQuickSort,1,0.069530
Random,1200,LastQuickSort,2,0.099786
Random,1200,LastQuickSort,3,0.053200
Random,1200,LastQuickSort,4,0.090068
Random,1200,LastQuickSort,5,0.043781
Reverse-Sorted,1200,LastQuickSort,1,0.968512
Reverse-Sorted,1200,LastQuickSort,2,0.651018
Reverse-Sorted,1200,LastQuickSort,3,0.705520
Reverse-Sorted,1200,LastQuickSort,4,0.645809
Reverse-Sorted,1200,LastQuickSort,5,0.610843
Forward-Sorted,1300,LastQuickSort,1,1.306645
Forward-Sorted,1300,LastQuickSort,2,1.055375
Forward-Sorted,1300,LastQuickSort,3,1.034937
Forward-Sorted,1300,LastQuickSort,4,0.822439
Forward-Sorted,1300,LastQuickSort,5,0.878645
Random,1300,LastQuickSort,1,0.070632
Random,1300,LastQuickSort,2,0.059211
Random,1300,LastQuickSort,3,0.054302
Random,1300,LastQuickSort,4,0.054201
Random,1300,LastQuickSort,5,0.053300
Reverse-Sorted,1300,LastQuickSort,1,0.848487
Reverse-Sorted,1300,LastQuickSort,2,0.939282
Reverse-Sorted,1300,LastQuickSort,3,0.962723
Reverse-Sorted,1300,LastQuickSort,4,1.127437
Reverse-Sorted,1300,LastQuickSort,5,1.040518
Forward-Sorted,1400,LastQuickSort,1,1.359721
Forward-Sorted,1400,LastQuickSort,2,1.439522
Forward-Sorted,1400,LastQuickSort,3,1.182876
Forward-Sorted,1400,LastQuickSort,4,1.120519
Forward-Sorted,1400,LastQuickSort,5,0.969339
Random,1400,LastQuickSort,1,0.067269
Random,1400,LastQuickSort,2,0.064562
Random,1400,LastQuickSort,3,0.066066
Random,1400,LastQuickSort,4,0.058948
Random,1400,LastQuickSort,5,0.062457
Reverse-Sorted,1400,LastQuickSort,1,1.052148
Reverse-Sorted,1400,LastQuickSort,2,1.217964
Reverse-Sorted,1400,LastQuickSort,3,1.224381
Reverse-Sorted,1400,LastQuickSort,4,1.231299
Reverse-Sorted,1400,LastQuickSort,5,1.189693
Forward-Sorted,1500,LastQuickSort,1,1.938677
Forward-Sorted,1500,LastQuickSort,2,1.598822
Forward-Sorted,1500,LastQuickSort,3,1.480525
Forward-Sorted,1500,LastQuickSort,4,1.369546
Forward-Sorted,1500,LastQuickSort,5,1.478620
Random,1500,LastQuickSort,1,0.087420
Random,1500,LastQuickSort,2,0.068672
Random,1500,LastQuickSort,3,0.062257
Random,1500,LastQuickSort,4,0.059149
Random,1500,LastQuickSort,5,0.059951
Reverse-Sorted,1500,LastQuickSort,1,1.009941
Reverse-Sorted,1500,LastQuickSort,2,1.001720
Reverse-Sorted,1500,LastQuickSort,3,0.954602
Reverse-Sorted,1500,LastQuickSort,4,0.992798
Reverse-Sorted,1500,LastQuickSort,5,0.975154
Forward-Sorted,1600,LastQuickSort,1,1.493658
Forward-Sorted,1600,LastQuickSort,2,1.270296
Forward-Sorted,1600,LastQuickSort,3,1.391502
Forward-Sorted,1600,LastQuickSort,4,1.412754
Forward-Sorted,1600,LastQuickSort,5,1.312001
Random,1600,LastQuickSort,1,0.087520
Random,1600,LastQuickSort,2,0.082608
Random,1600,LastQuickSort,3,0.072984
Random,1600,LastQuickSort,4,0.064863
Random,1600,LastQuickSort,5,0.067270
Reverse-Sorted,1600,LastQuickSort,1,1.193604
Reverse-Sorted,1600,LastQuickSort,2,1.161422
Reverse-Sorted,1600,LastQuickSort,3,1.110093
Reverse-Sorted,1600,LastQuickSort,4,1.165031
Reverse-Sorted,1600,LastQuickSort,5,1.152299
Forward-Sorted,1700,LastQuickSort,1,1.406138
Forward-Sorted,1700,LastQuickSort,2,1.416263
Forward-Sorted,1700,LastQuickSort,3,1.415061
Forward-Sorted,1700,LastQuickSort,4,1.379872
Forward-Sorted,1700,LastQuickSort,5,1.417366
Random,1700,LastQuickSort,1,0.083911
Random,1700,LastQuickSort,2,0.076794
Random,1700,LastQuickSort,3,0.073385
Random,1700,LastQuickSort,4,0.071981
Random,1700,LastQuickSort,5,0.081706
Reverse-Sorted,1700,LastQuickSort,1,1.426389
Reverse-Sorted,1700,LastQuickSort,2,1.346188
Reverse-Sorted,1700,LastQuickSort,3,1.221173
Reverse-Sorted,1700,LastQuickSort,4,1.263278
Reverse-Sorted,1700,LastQuickSort,5,1.329044
Forward-Sorted,1800,LastQuickSort,1,1.787999
Forward-Sorted,1800,LastQuickSort,2,1.595013
Forward-Sorted,1800,LastQuickSort,3,1.577569
Forward-Sorted,1800,LastQuickSort,4,1.618873
Forward-Sorted,1800,LastQuickSort,5,1.628398
Random,1800,LastQuickSort,1,0.116393
Random,1800,LastQuickSort,2,0.089826
Random,1800,LastQuickSort,3,0.076893
Random,1800,LastQuickSort,4,0.073886
Random,1800,LastQuickSort,5,0.071279
Reverse-Sorted,1800,LastQuickSort,1,1.567444
Reverse-Sorted,1800,LastQuickSort,2,1.520726
Reverse-Sorted,1800,LastQuickSort,3,1.407040
Reverse-Sorted,1800,LastQuickSort,4,1.462379
Reverse-Sorted,1800,LastQuickSort,5,1.391000
Forward-Sorted,1900,LastQuickSort,1,1.748400
Forward-Sorted,1900,LastQuickSort,2,1.769954
Forward-Sorted,1900,LastQuickSort,3,1.743587
Forward-Sorted,1900,LastQuickSort,4,1.984393
Forward-Sorted,1900,LastQuickSort,5,1.783688
Random,1900,LastQuickSort,1,0.110377
Random,1900,LastQuickSort,2,0.102859
Random,1900,LastQuickSort,3,0.084713
Random,1900,LastQuickSort,4,0.080904
Random,1900,LastQuickSort,5,0.079299
Reverse-Sorted,1900,LastQuickSort,1,1.553509
Reverse-Sorted,1900,LastQuickSort,2,1.604136
Reverse-Sorted,1900,LastQuickSort,3,1.506891
Reverse-Sorted,1900,LastQuickSort,4,1.643335
Reverse-Sorted,1900,LastQuickSort,5,1.585288
Forward-Sorted,2000,LastQuickSort,1,1.977776
Forward-Sorted,2000,LastQuickSort,2,1.992413
Forward-Sorted,2000,LastQuickSort,3,2.051161
Forward-Sorted,2000,LastQuickSort,4,1.974367
Forward-Sorted,2000,LastQuickSort,5,1.891459
Random,2000,LastQuickSort,1,0.107570
Random,2000,LastQuickSort,2,0.111380
Random,2000,LastQuickSort,3,0.144363
Random,2000,LastQuickSort,4,0.137346
Random,2000,LastQuickSort,5,0.149877
Reverse-Sorted,2000,LastQuickSort,1,1.879429
Reverse-Sorted,2000,LastQuickSort,2,1.771558
Reverse-Sorted,2000,LastQuickSort,3,1.686343
Reverse-Sorted,2000,LastQuickSort,4,2.249962
Reverse-Sorted,2000,LastQuickSort,5,2.647762
Forward-Sorted,2100,LastQuickSort,1,2.301792
Forward-Sorted,2100,LastQuickSort,2,2.116224
Forward-Sorted,2100,LastQuickSort,3,2.221289
Forward-Sorted,2100,LastQuickSort,4,2.122741
Forward-Sorted,2100,LastQuickSort,5,2.150811
Random,2100,LastQuickSort,1,0.117195
Random,2100,LastQuickSort,2,0.106568
Random,2100,LastQuickSort,3,0.097746
Random,2100,LastQuickSort,4,0.097445
Random,2100,LastQuickSort,5,0.096944
Reverse-Sorted,2100,LastQuickSort,1,2.553525
Reverse-Sorted,2100,LastQuickSort,2,2.514126
Reverse-Sorted,2100,LastQuickSort,3,1.953917
Reverse-Sorted,2100,LastQuickSort,4,1.908001
Reverse-Sorted,2100,LastQuickSort,5,1.841133
Forward-Sorted,2200,LastQuickSort,1,2.364750
Forward-Sorted,2200,LastQuickSort,2,2.338384
Forward-Sorted,2200,LastQuickSort,3,2.359637
Forward-Sorted,2200,LastQuickSort,4,2.355427
Forward-Sorted,2200,LastQuickSort,5,2.309812
Random,2200,LastQuickSort,1,0.142659
Random,2200,LastQuickSort,2,0.104864
Random,2200,LastQuickSort,3,0.127922
Random,2200,LastQuickSort,4,0.092533
Random,2200,LastQuickSort,5,0.090828
Reverse-Sorted,2200,LastQuickSort,1,2.112916
Reverse-Sorted,2200,LastQuickSort,2,2.186302
Reverse-Sorted,2200,LastQuickSort,3,2.255576
Reverse-Sorted,2200,LastQuickSort,4,3.098496
Reverse-Sorted,2200,LastQuickSort,5,3.126868
Forward-Sorted,2300,LastQuickSort,1,2.690370
Forward-Sorted,2300,LastQuickSort,2,2.540492
Forward-Sorted,2300,LastQuickSort,3,2.508111
Forward-Sorted,2300,LastQuickSort,4,2.989322
Forward-Sorted,2300,LastQuickSort,5,2.593024
Random,2300,LastQuickSort,1,0.116594
Random,2300,LastQuickSort,2,0.115390
Random,2300,LastQuickSort,3,0.103761
Random,2300,LastQuickSort,4,0.123411
Random,2300,LastQuickSort,5,0.094638
Reverse-Sorted,2300,LastQuickSort,1,2.356328
Reverse-Sorted,2300,LastQuickSort,2,2.247756
Reverse-Sorted,2300,LastQuickSort,3,2.338985
Reverse-Sorted,2300,LastQuickSort,4,2.232117
Reverse-Sorted,2300,LastQuickSort,5,2.532773
Forward-Sorted,2400,LastQuickSort,1,2.830020
Forward-Sorted,2400,LastQuickSort,2,2.821299
Forward-Sorted,2400,LastQuickSort,3,2.775082
Forward-Sorted,2400,LastQuickSort,4,2.808065
Forward-Sorted,2400,LastQuickSort,5,2.901600
Random,2400,LastQuickSort,1,0.126619
Random,2400,LastQuickSort,2,0.110277
Random,2400,LastQuickSort,3,0.106167
Random,2400,LastQuickSort,4,0.100152
Random,2400,LastQuickSort,5,0.098247
Reverse-Sorted,2400,LastQuickSort,1,2.482847
Reverse-Sorted,2400,LastQuickSort,2,2.588112
Reverse-Sorted,2400,LastQuickSort,3,2.594829
Reverse-Sorted,2400,LastQuickSort,4,2.486757
Reverse-Sorted,2400,LastQuickSort,5,3.120552
Forward-Sorted,2500,LastQuickSort,1,3.500307
Forward-Sorted,2500,LastQuickSort,2,3.160853
Forward-Sorted,2500,LastQuickSort,3,3.230628
Forward-Sorted,2500,LastQuickSort,4,3.024911
Forward-Sorted,2500,LastQuickSort,5,3.016088
Random,2500,LastQuickSort,1,0.134539
Random,2500,LastQuickSort,2,0.135642
Random,2500,LastQuickSort,3,0.129526
Random,2500,LastQuickSort,4,0.132333
Random,2500,LastQuickSort,5,0.126718
Reverse-Sorted,2500,LastQuickSort,1,2.841249
Reverse-Sorted,2500,LastQuickSort,2,2.678239
Reverse-Sorted,2500,LastQuickSort,3,2.729467
Reverse-Sorted,2500,LastQuickSort,4,2.687362
Reverse-Sorted,2500,LastQuickSort,5,3.134988
Forward-Sorted,2600,LastQuickSort,1,4.585538
Forward-Sorted,2600,LastQuickSort,2,3.826829
Forward-Sorted,2600,LastQuickSort,3,3.245065
Forward-Sorted,2600,LastQuickSort,4,3.301106
Forward-Sorted,2600,LastQuickSort,5,4.148438
Random,2600,LastQuickSort,1,0.148373
Random,2600,LastQuickSort,2,0.141255
Random,2600,LastQuickSort,3,0.137647
Random,2600,LastQuickSort,4,0.135742
Random,2600,LastQuickSort,5,0.126117
Reverse-Sorted,2600,LastQuickSort,1,4.146934
Reverse-Sorted,2600,LastQuickSort,2,2.991126
Reverse-Sorted,2600,LastQuickSort,3,2.837139
Reverse-Sorted,2600,LastQuickSort,4,3.213787
Reverse-Sorted,2600,LastQuickSort,5,3.029824
Forward-Sorted,2700,LastQuickSort,1,3.826929
Forward-Sorted,2700,LastQuickSort,2,4.192047
Forward-Sorted,2700,LastQuickSort,3,4.186032
Forward-Sorted,2700,LastQuickSort,4,3.810087
Forward-Sorted,2700,LastQuickSort,5,4.118263
Random,2700,LastQuickSort,1,0.163813
Random,2700,LastQuickSort,2,0.150178
Random,2700,LastQuickSort,3,0.143361
Random,2700,LastQuickSort,4,0.140654
Random,2700,LastQuickSort,5,0.137747
Reverse-Sorted,2700,LastQuickSort,1,3.783720
Reverse-Sorted,2700,LastQuickSort,2,4.458518
Reverse-Sorted,2700,LastQuickSort,3,3.239651
Reverse-Sorted,2700,LastQuickSort,4,3.202658
Reverse-Sorted,2700,LastQuickSort,5,3.386922
Forward-Sorted,2800,LastQuickSort,1,4.651203
Forward-Sorted,2800,LastQuickSort,2,5.173818
Forward-Sorted,2800,LastQuickSort,3,4.350446
Forward-Sorted,2800,LastQuickSort,4,4.943338
Forward-Sorted,2800,LastQuickSort,5,4.189241
Random,2800,LastQuickSort,1,0.137747
Random,2800,LastQuickSort,2,0.127521
Random,2800,LastQuickSort,3,0.144163
Random,2800,LastQuickSort,4,0.126117
Random,2800,LastQuickSort,5,0.120704
Reverse-Sorted,2800,LastQuickSort,1,4.346636
Reverse-Sorted,2800,LastQuickSort,2,4.760077
Reverse-Sorted,2800,LastQuickSort,3,4.021518
Reverse-Sorted,2800,LastQuickSort,4,6.454941
Reverse-Sorted,2800,LastQuickSort,5,4.280270
Forward-Sorted,2900,LastQuickSort,1,4.534309
Forward-Sorted,2900,LastQuickSort,2,5.008702
Forward-Sorted,2900,LastQuickSort,3,5.157878
Forward-Sorted,2900,LastQuickSort,4,4.486489
Forward-Sorted,2900,LastQuickSort,5,4.213401
Random,2900,LastQuickSort,1,0.152183
Random,2900,LastQuickSort,2,0.137245
Random,2900,LastQuickSort,3,0.200906
Random,2900,LastQuickSort,4,0.140253
Random,2900,LastQuickSort,5,0.133435
Reverse-Sorted,2900,LastQuickSort,1,3.787429
Reverse-Sorted,2900,LastQuickSort,2,4.578019
Reverse-Sorted,2900,LastQuickSort,3,4.086983
Reverse-Sorted,2900,LastQuickSort,4,3.715448
Reverse-Sorted,2900,LastQuickSort,5,3.657804
Forward-Sorted,3000,LastQuickSort,1,5.704653
Forward-Sorted,3000,LastQuickSort,2,5.190259
Forward-Sorted,3000,LastQuickSort,3,4.900630
Forward-Sorted,3000,LastQuickSort,4,5.119782
Forward-Sorted,3000,LastQuickSort,5,5.180935
Random,3000,LastQuickSort,1,0.151080
Random,3000,LastQuickSort,2,0.146067
Random,3000,LastQuickSort,3,0.160203
Random,3000,LastQuickSort,4,0.140153
Random,3000,LastQuickSort,5,0.139852
Reverse-Sorted,3000,LastQuickSort,1,4.100117
Reverse-Sorted,3000,LastQuickSort,2,4.464834
Reverse-Sorted,3000,LastQuickSort,3,5.292917
Reverse-Sorted,3000,LastQuickSort,4,5.165196
Reverse-Sorted,3000,LastQuickSort,5,5.457932
Forward-Sorted,3100,LastQuickSort,1,6.594894
Forward-Sorted,3100,LastQuickSort,2,5.441091
Forward-Sorted,3100,LastQuickSort,3,5.188956
Forward-Sorted,3100,LastQuickSort,4,7.291045
Forward-Sorted,3100,LastQuickSort,5,6.430179
Random,3100,LastQuickSort,1,0.222059
Random,3100,LastQuickSort,2,0.170930
Random,3100,LastQuickSort,3,0.158900
Random,3100,LastQuickSort,4,0.159201
Random,3100,LastQuickSort,5,0.158699
Reverse-Sorted,3100,LastQuickSort,1,4.243377
Reverse-Sorted,3100,LastQuickSort,2,4.283879
Reverse-Sorted,3100,LastQuickSort,3,4.225131
Reverse-Sorted,3100,LastQuickSort,4,5.232566
Reverse-Sorted,3100,LastQuickSort,5,4.978026
Forward-Sorted,3200,LastQuickSort,1,4.938526
Forward-Sorted,3200,LastQuickSort,2,5.162891
Forward-Sorted,3200,LastQuickSort,3,4.975819
Forward-Sorted,3200,LastQuickSort,4,4.959679
Forward-Sorted,3200,LastQuickSort,5,5.146750
Random,3200,LastQuickSort,1,0.163712
Random,3200,LastQuickSort,2,0.158097
Random,3200,LastQuickSort,3,0.154589
Random,3200,LastQuickSort,4,0.153887
Random,3200,LastQuickSort,5,0.153486
Reverse-Sorted,3200,LastQuickSort,1,4.426538
Reverse-Sorted,3200,LastQuickSort,2,4.404282
Reverse-Sorted,3200,LastQuickSort,3,4.302827
Reverse-Sorted,3200,LastQuickSort,4,4.507742
Reverse-Sorted,3200,LastQuickSort,5,4.385936
Forward-Sorted,3300,LastQuickSort,1,5.255022
Forward-Sorted,3300,LastQuickSort,2,5.355074
Forward-Sorted,3300,LastQuickSort,3,5.201688
Forward-Sorted,3300,LastQuickSort,4,5.241287
Forward-Sorted,3300,LastQuickSort,5,5.277278
Random,3300,LastQuickSort,1,0.168223
Random,3300,LastQuickSort,2,0.165717
Random,3300,LastQuickSort,3,0.159902
Random,3300,LastQuickSort,4,0.158399
Random,3300,LastQuickSort,5,0.158198
Reverse-Sorted,3300,LastQuickSort,1,4.988552
Reverse-Sorted,3300,LastQuickSort,2,4.635062
Reverse-Sorted,3300,LastQuickSort,3,5.525002
Reverse-Sorted,3300,LastQuickSort,4,5.588261
Reverse-Sorted,3300,LastQuickSort,5,4.679073
Forward-Sorted,3400,LastQuickSort,1,6.440706
Forward-Sorted,3400,LastQuickSort,2,5.940146
Forward-Sorted,3400,LastQuickSort,3,5.521292
Forward-Sorted,3400,LastQuickSort,4,7.851756
Forward-Sorted,3400,LastQuickSort,5,5.897439
Random,3400,LastQuickSort,1,0.204915
Random,3400,LastQuickSort,2,0.181858
Random,3400,LastQuickSort,3,0.158399
Random,3400,LastQuickSort,4,0.158900
Random,3400,LastQuickSort,5,0.153386
Reverse-Sorted,3400,LastQuickSort,1,5.487908
Reverse-Sorted,3400,LastQuickSort,2,5.297229
Reverse-Sorted,3400,LastQuickSort,3,5.370714
Reverse-Sorted,3400,LastQuickSort,4,5.443296
Reverse-Sorted,3400,LastQuickSort,5,5.613925
Forward-Sorted,3500,LastQuickSort,1,5.965109
Forward-Sorted,3500,LastQuickSort,2,6.189874
Forward-Sorted,3500,LastQuickSort,3,7.412852
Forward-Sorted,3500,LastQuickSort,4,6.189072
Forward-Sorted,3500,LastQuickSort,5,5.944958
Random,3500,LastQuickSort,1,0.194689
Random,3500,LastQuickSort,2,0.168624
Random,3500,LastQuickSort,3,0.164013
Random,3500,LastQuickSort,4,0.161907
Random,3500,LastQuickSort,5,0.161005
Reverse-Sorted,3500,LastQuickSort,1,5.259233
Reverse-Sorted,3500,LastQuickSort,2,5.635380
Reverse-Sorted,3500,LastQuickSort,3,5.341640
Reverse-Sorted,3500,LastQuickSort,4,5.202290
Reverse-Sorted,3500,LastQuickSort,5,6.342258
Forward-Sorted,3600,LastQuickSort,1,6.475995
Forward-Sorted,3600,LastQuickSort,2,6.504967
Forward-Sorted,3600,LastQuickSort,3,6.391882
Forward-Sorted,3600,LastQuickSort,4,6.155288
Forward-Sorted,3600,LastQuickSort,5,6.857454
Random,3600,LastQuickSort,1,0.181356
Random,3600,LastQuickSort,2,0.168624
Random,3600,LastQuickSort,3,0.164815
Random,3600,LastQuickSort,4,0.162609
Random,3600,LastQuickSort,5,0.231683
Reverse-Sorted,3600,LastQuickSort,1,5.660743
Reverse-Sorted,3600,LastQuickSort,2,5.593273
Reverse-Sorted,3600,LastQuickSort,3,5.698839
Reverse-Sorted,3600,LastQuickSort,4,5.544450
Reverse-Sorted,3600,LastQuickSort,5,5.704454
Forward-Sorted,3700,LastQuickSort,1,6.596398
Forward-Sorted,3700,LastQuickSort,2,6.571635
Forward-Sorted,3700,LastQuickSort,3,6.745874
Forward-Sorted,3700,LastQuickSort,4,6.627075
Forward-Sorted,3700,LastQuickSort,5,6.816657
Random,3700,LastQuickSort,1,0.187390
Random,3700,LastQuickSort,2,0.204333
Random,3700,LastQuickSort,3,0.171949
Random,3700,LastQuickSort,4,0.170145
Random,3700,LastQuickSort,5,0.169343
Reverse-Sorted,3700,LastQuickSort,1,5.889080
Reverse-Sorted,3700,LastQuickSort,2,5.847371
Reverse-Sorted,3700,LastQuickSort,3,6.100833
Reverse-Sorted,3700,LastQuickSort,4,6.155978
Reverse-Sorted,3700,LastQuickSort,5,5.852785
Forward-Sorted,3800,LastQuickSort,1,7.414063
Forward-Sorted,3800,LastQuickSort,2,6.875656
Forward-Sorted,3800,LastQuickSort,3,7.743624
Forward-Sorted,3800,LastQuickSort,4,7.167318
Forward-Sorted,3800,LastQuickSort,5,7.178848
Random,3800,LastQuickSort,1,0.244138
Random,3800,LastQuickSort,2,0.186788
Random,3800,LastQuickSort,3,0.182075
Random,3800,LastQuickSort,4,0.179569
Random,3800,LastQuickSort,5,0.179368
Reverse-Sorted,3800,LastQuickSort,1,6.134120
Reverse-Sorted,3800,LastQuickSort,2,6.585198
Reverse-Sorted,3800,LastQuickSort,3,6.443528
Reverse-Sorted,3800,LastQuickSort,4,6.130833
Reverse-Sorted,3800,LastQuickSort,5,6.226570
Forward-Sorted,3900,LastQuickSort,1,7.279413
Forward-Sorted,3900,LastQuickSort,2,7.623304
Forward-Sorted,3900,LastQuickSort,3,7.401501
Forward-Sorted,3900,LastQuickSort,4,7.499512
Forward-Sorted,3900,LastQuickSort,5,7.280817
Random,3900,LastQuickSort,1,0.195421
Random,3900,LastQuickSort,2,0.188198
Random,3900,LastQuickSort,3,0.183182
Random,3900,LastQuickSort,4,0.181476
Random,3900,LastQuickSort,5,0.180072
Reverse-Sorted,3900,LastQuickSort,1,7.049884
Reverse-Sorted,3900,LastQuickSort,2,7.003537
Reverse-Sorted,3900,LastQuickSort,3,6.576481
Reverse-Sorted,3900,LastQuickSort,4,8.568706
Reverse-Sorted,3900,LastQuickSort,5,6.549395
Forward-Sorted,4000,LastQuickSort,1,8.444412
Forward-Sorted,4000,LastQuickSort,2,7.780103
Forward-Sorted,4000,LastQuickSort,3,10.689039
Forward-Sorted,4000,LastQuickSort,4,7.973517
Forward-Sorted,4000,LastQuickSort,5,9.666893
Random,4000,LastQuickSort,1,0.225717
Random,4000,LastQuickSort,2,0.212073
Random,4000,LastQuickSort,3,0.194719
Random,4000,LastQuickSort,4,0.203546
Random,4000,LastQuickSort,5,0.224313
Reverse-Sorted,4000,LastQuickSort,1,7.597723
Reverse-Sorted,4000,LastQuickSort,2,7.390666
Reverse-Sorted,4000,LastQuickSort,3,7.728740
Reverse-Sorted,4000,LastQuickSort,4,7.037444
Reverse-Sorted,4000,LastQuickSort,5,6.898203
Forward-Sorted,4100,LastQuickSort,1,9.065885
Forward-Sorted,4100,LastQuickSort,2,8.192011
Forward-Sorted,4100,LastQuickSort,3,8.412611
Forward-Sorted,4100,LastQuickSort,4,8.178969
Forward-Sorted,4100,LastQuickSort,5,8.153990
Random,4100,LastQuickSort,1,0.215685
Random,4100,LastQuickSort,2,0.203044
Random,4100,LastQuickSort,3,0.197226
Random,4100,LastQuickSort,4,0.195220
Random,4100,LastQuickSort,5,0.207860
Reverse-Sorted,4100,LastQuickSort,1,7.694431
Reverse-Sorted,4100,LastQuickSort,2,7.986057
Reverse-Sorted,4100,LastQuickSort,3,10.327892
Reverse-Sorted,4100,LastQuickSort,4,10.478471
Reverse-Sorted,4100,LastQuickSort,5,10.333912
Forward-Sorted,4200,LastQuickSort,1,12.370177
Forward-Sorted,4200,LastQuickSort,2,12.464075
Forward-Sorted,4200,LastQuickSort,3,12.627694
Forward-Sorted,4200,LastQuickSort,4,13.172223
Forward-Sorted,4200,LastQuickSort,5,12.887118
Random,4200,LastQuickSort,1,0.275976
Random,4200,LastQuickSort,2,0.278083
Random,4200,LastQuickSort,3,0.269556
Random,4200,LastQuickSort,4,0.262935
Random,4200,LastQuickSort,5,0.263437
Reverse-Sorted,4200,LastQuickSort,1,11.167458
Reverse-Sorted,4200,LastQuickSort,2,7.900184
Reverse-Sorted,4200,LastQuickSort,3,8.013544
Reverse-Sorted,4200,LastQuickSort,4,11.758735
Reverse-Sorted,4200,LastQuickSort,5,10.900009
Forward-Sorted,4300,LastQuickSort,1,12.642843
Forward-Sorted,4300,LastQuickSort,2,9.223486
Forward-Sorted,4300,LastQuickSort,3,10.419583
Forward-Sorted,4300,LastQuickSort,4,9.004189
Forward-Sorted,4300,LastQuickSort,5,14.698169
Random,4300,LastQuickSort,1,0.290422
Random,4300,LastQuickSort,2,0.284002
Random,4300,LastQuickSort,3,0.268954
Random,4300,LastQuickSort,4,0.303764
Random,4300,LastQuickSort,5,0.355629
Reverse-Sorted,4300,LastQuickSort,1,10.567453
Reverse-Sorted,4300,LastQuickSort,2,10.509870
Reverse-Sorted,4300,LastQuickSort,3,10.294386
Reverse-Sorted,4300,LastQuickSort,4,8.606326
Reverse-Sorted,4300,LastQuickSort,5,7.789031
Forward-Sorted,4400,LastQuickSort,1,10.683320
Forward-Sorted,4400,LastQuickSort,2,10.459410
Forward-Sorted,4400,LastQuickSort,3,10.724451
Forward-Sorted,4400,LastQuickSort,4,9.601084
Forward-Sorted,4400,LastQuickSort,5,9.411683
Random,4400,LastQuickSort,1,0.232639
Random,4400,LastQuickSort,2,0.219698
Random,4400,LastQuickSort,3,0.216587
Random,4400,LastQuickSort,4,0.214481
Random,4400,LastQuickSort,5,0.218594
Reverse-Sorted,4400,LastQuickSort,1,9.078827
Reverse-Sorted,4400,LastQuickSort,2,8.908385
Reverse-Sorted,4400,LastQuickSort,3,8.281093
Reverse-Sorted,4400,LastQuickSort,4,8.419633
Reverse-Sorted,4400,LastQuickSort,5,8.267851
Forward-Sorted,4500,LastQuickSort,1,9.956513
Forward-Sorted,4500,LastQuickSort,2,9.637199
Forward-Sorted,4500,LastQuickSort,3,9.900636
Forward-Sorted,4500,LastQuickSort,4,11.649188
Forward-Sorted,4500,LastQuickSort,5,9.616734
Random,4500,LastQuickSort,1,0.235547
Random,4500,LastQuickSort,2,0.224512
Random,4500,LastQuickSort,3,0.218093
Random,4500,LastQuickSort,4,0.219998
Random,4500,LastQuickSort,5,0.233843
Reverse-Sorted,4500,LastQuickSort,1,9.420712
Reverse-Sorted,4500,LastQuickSort,2,10.937929
Reverse-Sorted,4500,LastQuickSort,3,9.769118
Reverse-Sorted,4500,LastQuickSort,4,9.486320
Reverse-Sorted,4500,LastQuickSort,5,8.675546
Forward-Sorted,4600,LastQuickSort,1,11.516867
Forward-Sorted,4600,LastQuickSort,2,12.032103
Forward-Sorted,4600,LastQuickSort,3,10.280442
Forward-Sorted,4600,LastQuickSort,4,10.844633
Forward-Sorted,4600,LastQuickSort,5,11.601937
Random,4600,LastQuickSort,1,0.239360
Random,4600,LastQuickSort,2,0.227321
Random,4600,LastQuickSort,3,0.236149
Random,4600,LastQuickSort,4,0.221804
Random,4600,LastQuickSort,5,0.219396
Reverse-Sorted,4600,LastQuickSort,1,9.753268
Reverse-Sorted,4600,LastQuickSort,2,12.643143
Reverse-Sorted,4600,LastQuickSort,3,14.412160
Reverse-Sorted,4600,LastQuickSort,4,9.691472
Reverse-Sorted,4600,LastQuickSort,5,9.909163
Forward-Sorted,4700,LastQuickSort,1,10.894190
Forward-Sorted,4700,LastQuickSort,2,11.271890
Forward-Sorted,4700,LastQuickSort,3,12.037320
Forward-Sorted,4700,LastQuickSort,4,11.316631
Forward-Sorted,4700,LastQuickSort,5,11.296568
Random,4700,LastQuickSort,1,0.260627
Random,4700,LastQuickSort,2,0.242269
Random,4700,LastQuickSort,3,0.234143
Random,4700,LastQuickSort,4,0.232539
Random,4700,LastQuickSort,5,0.281694
Reverse-Sorted,4700,LastQuickSort,1,10.169489
Reverse-Sorted,4700,LastQuickSort,2,11.614779
Reverse-Sorted,4700,LastQuickSort,3,11.287740
Reverse-Sorted,4700,LastQuickSort,4,11.504328
Reverse-Sorted,4700,LastQuickSort,5,11.486572
Forward-Sorted,4800,LastQuickSort,1,15.653602
Forward-Sorted,4800,LastQuickSort,2,15.270586
Forward-Sorted,4800,LastQuickSort,3,16.614051
Forward-Sorted,4800,LastQuickSort,4,15.968903
Forward-Sorted,4800,LastQuickSort,5,13.263413
Random,4800,LastQuickSort,1,0.263737
Random,4800,LastQuickSort,2,0.300654
Random,4800,LastQuickSort,3,0.234746
Random,4800,LastQuickSort,4,0.232338
Random,4800,LastQuickSort,5,0.230933
Reverse-Sorted,4800,LastQuickSort,1,11.001251
Reverse-Sorted,4800,LastQuickSort,2,11.719583
Reverse-Sorted,4800,LastQuickSort,3,9.941260
Reverse-Sorted,4800,LastQuickSort,4,9.923395
Reverse-Sorted,4800,LastQuickSort,5,9.702586
Forward-Sorted,4900,LastQuickSort,1,12.390243
Forward-Sorted,4900,LastQuickSort,2,13.656487
Forward-Sorted,4900,LastQuickSort,3,17.404935
Forward-Sorted,4900,LastQuickSort,4,13.341030
Forward-Sorted,4900,LastQuickSort,5,17.544647
Random,4900,LastQuickSort,1,0.322884
Random,4900,LastQuickSort,2,0.308231
Random,4900,LastQuickSort,3,0.302309
Random,4900,LastQuickSort,4,0.339545
Random,4900,LastQuickSort,5,0.301707
Reverse-Sorted,4900,LastQuickSort,1,12.345880
Reverse-Sorted,4900,LastQuickSort,2,14.955451
Reverse-Sorted,4900,LastQuickSort,3,15.344879
Reverse-Sorted,4900,LastQuickSort,4,15.647088
Reverse-Sorted,4900,LastQuickSort,5,12.776660
Forward-Sorted,5000,LastQuickSort,1,12.112223
Forward-Sorted,5000,LastQuickSort,2,12.003223
Forward-Sorted,5000,LastQuickSort,3,11.983250
Forward-Sorted,5000,LastQuickSort,4,11.906569
Forward-Sorted,5000,LastQuickSort,5,12.023398
Random,5000,LastQuickSort,1,0.262462
Random,5000,LastQuickSort,2,0.254132
Random,5000,LastQuickSort,3,0.251222
Random,5000,LastQuickSort,4,0.250519
Random,5000,LastQuickSort,5,0.251020
Reverse-Sorted,5000,LastQuickSort,1,10.636210
Reverse-Sorted,5000,LastQuickSort,2,10.672342
Reverse-Sorted,5000,LastQuickSort,3,10.551801
Reverse-Sorted,5000,LastQuickSort,4,10.756250
Reverse-Sorted,5000,LastQuickSort,5,10.611419
Forward-Sorted,5100,LastQuickSort,1,12.561170
Forward-Sorted,5100,LastQuickSort,2,12.542100
Forward-Sorted,5100,LastQuickSort,3,12.511186
Forward-Sorted,5100,LastQuickSort,4,12.364147
Forward-Sorted,5100,LastQuickSort,5,12.431895
Random,5100,LastQuickSort,1,0.263466
Random,5100,LastQuickSort,2,0.269288
Random,5100,LastQuickSort,3,0.257042
Random,5100,LastQuickSort,4,0.254433
Random,5100,LastQuickSort,5,0.254232
Reverse-Sorted,5100,LastQuickSort,1,11.096197
Reverse-Sorted,5100,LastQuickSort,2,11.130723
Reverse-Sorted,5100,LastQuickSort,3,10.967926
Reverse-Sorted,5100,LastQuickSort,4,11.048622
Reverse-Sorted,5100,LastQuickSort,5,11.017207
Forward-Sorted,5200,LastQuickSort,1,13.050966
Forward-Sorted,5200,LastQuickSort,2,13.115904
Forward-Sorted,5200,LastQuickSort,3,13.097637
Forward-Sorted,5200,LastQuickSort,4,12.954111
Forward-Sorted,5200,LastQuickSort,5,13.201719
Random,5200,LastQuickSort,1,0.264068
Random,5200,LastQuickSort,2,0.257746
Random,5200,LastQuickSort,3,0.255136
Random,5200,LastQuickSort,4,0.253530
Random,5200,LastQuickSort,5,0.290667
Reverse-Sorted,5200,LastQuickSort,1,11.607271
Reverse-Sorted,5200,LastQuickSort,2,11.647117
Reverse-Sorted,5200,LastQuickSort,3,12.921693
Reverse-Sorted,5200,LastQuickSort,4,11.383852
Reverse-Sorted,5200,LastQuickSort,5,11.825170
Forward-Sorted,5300,LastQuickSort,1,14.017010
Forward-Sorted,5300,LastQuickSort,2,13.951067
Forward-Sorted,5300,LastQuickSort,3,15.635947
Forward-Sorted,5300,LastQuickSort,4,14.024637
Forward-Sorted,5300,LastQuickSort,5,14.623935
Random,5300,LastQuickSort,1,0.299398
Random,5300,LastQuickSort,2,0.272600
Random,5300,LastQuickSort,3,0.267581
Random,5300,LastQuickSort,4,0.265072
Random,5300,LastQuickSort,5,0.268084
Reverse-Sorted,5300,LastQuickSort,1,12.100881
Reverse-Sorted,5300,LastQuickSort,2,12.056719
Reverse-Sorted,5300,LastQuickSort,3,12.016372
Reverse-Sorted,5300,LastQuickSort,4,11.850764
Reverse-Sorted,5300,LastQuickSort,5,11.915402
Forward-Sorted,5400,LastQuickSort,1,14.356153
Forward-Sorted,5400,LastQuickSort,2,14.878770
Forward-Sorted,5400,LastQuickSort,3,14.974120
Forward-Sorted,5400,LastQuickSort,4,14.508813
Forward-Sorted,5400,LastQuickSort,5,15.113832
Random,5400,LastQuickSort,1,0.290064
Random,5400,LastQuickSort,2,0.274708
Random,5400,LastQuickSort,3,0.268987
Random,5400,LastQuickSort,4,0.270291
Random,5400,LastQuickSort,5,0.267079
Reverse-Sorted,5400,LastQuickSort,1,12.860869
Reverse-Sorted,5400,LastQuickSort,2,13.240060
Reverse-Sorted,5400,LastQuickSort,3,12.699176
Reverse-Sorted,5400,LastQuickSort,4,15.290480
Reverse-Sorted,5400,LastQuickSort,5,18.943779
Forward-Sorted,5500,LastQuickSort,1,14.989576
Forward-Sorted,5500,LastQuickSort,2,14.579874
Forward-Sorted,5500,LastQuickSort,3,15.709216
Forward-Sorted,5500,LastQuickSort,4,14.800885
Forward-Sorted,5500,LastQuickSort,5,14.529790
Random,5500,LastQuickSort,1,0.289963
Random,5500,LastQuickSort,2,0.376180
Random,5500,LastQuickSort,3,0.426765
Random,5500,LastQuickSort,4,0.404483
Random,5500,LastQuickSort,5,0.268786
Reverse-Sorted,5500,LastQuickSort,1,12.937048
Reverse-Sorted,5500,LastQuickSort,2,13.107072
Reverse-Sorted,5500,LastQuickSort,3,12.821223
Reverse-Sorted,5500,LastQuickSort,4,12.790310
Reverse-Sorted,5500,LastQuickSort,5,15.850634
Forward-Sorted,5600,LastQuickSort,1,18.031196
Forward-Sorted,5600,LastQuickSort,2,15.087130
Forward-Sorted,5600,LastQuickSort,3,15.107614
Forward-Sorted,5600,LastQuickSort,4,15.196177
Forward-Sorted,5600,LastQuickSort,5,15.144766
Random,5600,LastQuickSort,1,0.294607
Random,5600,LastQuickSort,2,0.293201
Random,5600,LastQuickSort,3,0.275027
Random,5600,LastQuickSort,4,0.272918
Random,5600,LastQuickSort,5,0.285570
Reverse-Sorted,5600,LastQuickSort,1,14.579249
Reverse-Sorted,5600,LastQuickSort,2,14.575634
Reverse-Sorted,5600,LastQuickSort,3,15.002483
Reverse-Sorted,5600,LastQuickSort,4,14.874860
Reverse-Sorted,5600,LastQuickSort,5,13.981298
Forward-Sorted,5700,LastQuickSort,1,16.517693
Forward-Sorted,5700,LastQuickSort,2,18.166349
Forward-Sorted,5700,LastQuickSort,3,16.033006
Forward-Sorted,5700,LastQuickSort,4,16.250598
Forward-Sorted,5700,LastQuickSort,5,15.987720
Random,5700,LastQuickSort,1,0.309167
Random,5700,LastQuickSort,2,0.312882
Random,5700,LastQuickSort,3,0.282156
Random,5700,LastQuickSort,4,0.285270
Random,5700,LastQuickSort,5,0.283160
Reverse-Sorted,5700,LastQuickSort,1,15.636281
Reverse-Sorted,5700,LastQuickSort,2,15.596417
Reverse-Sorted,5700,LastQuickSort,3,14.776657
Reverse-Sorted,5700,LastQuickSort,4,14.313560
Reverse-Sorted,5700,LastQuickSort,5,15.039535
Forward-Sorted,5800,LastQuickSort,1,19.586269
Forward-Sorted,5800,LastQuickSort,2,16.955286
Forward-Sorted,5800,LastQuickSort,3,16.902670
Forward-Sorted,5800,LastQuickSort,4,18.521505
Forward-Sorted,5800,LastQuickSort,5,17.205712
Random,5800,LastQuickSort,1,0.349533
Random,5800,LastQuickSort,2,0.316698
Random,5800,LastQuickSort,3,0.289687
Random,5800,LastQuickSort,4,0.292699
Random,5800,LastQuickSort,5,0.288683
Reverse-Sorted,5800,LastQuickSort,1,14.620517
Reverse-Sorted,5800,LastQuickSort,2,16.631559
Reverse-Sorted,5800,LastQuickSort,3,17.708573
Reverse-Sorted,5800,LastQuickSort,4,15.218468
Reverse-Sorted,5800,LastQuickSort,5,14.576838
Forward-Sorted,5900,LastQuickSort,1,17.630955
Forward-Sorted,5900,LastQuickSort,2,17.165548
Forward-Sorted,5900,LastQuickSort,3,17.375207
Forward-Sorted,5900,LastQuickSort,4,18.762994
Forward-Sorted,5900,LastQuickSort,5,17.066040
Random,5900,LastQuickSort,1,0.344311
Random,5900,LastQuickSort,2,0.300732
Random,5900,LastQuickSort,3,0.294406
Random,5900,LastQuickSort,4,0.292699
Random,5900,LastQuickSort,5,0.290792
Reverse-Sorted,5900,LastQuickSort,1,16.683170
Reverse-Sorted,5900,LastQuickSort,2,16.123276
Reverse-Sorted,5900,LastQuickSort,3,14.732677
Reverse-Sorted,5900,LastQuickSort,4,14.825257
Reverse-Sorted,5900,LastQuickSort,5,18.376209
Forward-Sorted,6000,LastQuickSort,1,23.530332
Forward-Sorted,6000,LastQuickSort,2,20.591890
Forward-Sorted,6000,LastQuickSort,3,18.669511
Forward-Sorted,6000,LastQuickSort,4,19.713991
Forward-Sorted,6000,LastQuickSort,5,17.962715
Random,6000,LastQuickSort,1,0.369614
Random,6000,LastQuickSort,2,0.438598
Random,6000,LastQuickSort,3,0.387890
Random,6000,LastQuickSort,4,0.357867
Random,6000,LastQuickSort,5,0.353248
Reverse-Sorted,6000,LastQuickSort,1,18.591792
Reverse-Sorted,6000,LastQuickSort,2,17.807779
Reverse-Sorted,6000,LastQuickSort,3,16.057306
Reverse-Sorted,6000,LastQuickSort,4,16.312854
Reverse-Sorted,6000,LastQuickSort,5,16.404629
Forward-Sorted,6100,LastQuickSort,1,21.523508
Forward-Sorted,6100,LastQuickSort,2,25.315046
Forward-Sorted,6100,LastQuickSort,3,18.539077
Forward-Sorted,6100,LastQuickSort,4,20.907684
Forward-Sorted,6100,LastQuickSort,5,22.470489
Random,6100,LastQuickSort,1,0.395521
Random,6100,LastQuickSort,2,0.381564
Random,6100,LastQuickSort,3,0.383170
Random,6100,LastQuickSort,4,0.415904
Random,6100,LastQuickSort,5,0.410783
Reverse-Sorted,6100,LastQuickSort,1,19.609262
Reverse-Sorted,6100,LastQuickSort,2,19.234295
Reverse-Sorted,6100,LastQuickSort,3,20.144941
Reverse-Sorted,6100,LastQuickSort,4,16.417261
Reverse-Sorted,6100,LastQuickSort,5,16.542924
Forward-Sorted,6200,LastQuickSort,1,18.964559
Forward-Sorted,6200,LastQuickSort,2,18.930808
Forward-Sorted,6200,LastQuickSort,3,19.218897
Forward-Sorted,6200,LastQuickSort,4,18.956825
Forward-Sorted,6200,LastQuickSort,5,18.744575
Random,6200,LastQuickSort,1,0.359911
Random,6200,LastQuickSort,2,0.318626
Random,6200,LastQuickSort,3,0.312298
Random,6200,LastQuickSort,4,0.314105
Random,6200,LastQuickSort,5,0.367043
Reverse-Sorted,6200,LastQuickSort,1,17.401666
Reverse-Sorted,6200,LastQuickSort,2,16.713788
Reverse-Sorted,6200,LastQuickSort,3,16.571852
Reverse-Sorted,6200,LastQuickSort,4,18.482502
Reverse-Sorted,6200,LastQuickSort,5,16.561105
Forward-Sorted,6300,LastQuickSort,1,19.878448
Forward-Sorted,6300,LastQuickSort,2,20.210635
Forward-Sorted,6300,LastQuickSort,3,21.264249
Forward-Sorted,6300,LastQuickSort,4,19.576799
Forward-Sorted,6300,LastQuickSort,5,20.411132
Random,6300,LastQuickSort,1,0.354386
Random,6300,LastQuickSort,2,0.329474
Random,6300,LastQuickSort,3,0.323448
Random,6300,LastQuickSort,4,0.324351
Random,6300,LastQuickSort,5,0.384721
Reverse-Sorted,6300,LastQuickSort,1,19.075456
Reverse-Sorted,6300,LastQuickSort,2,17.303125
Reverse-Sorted,6300,LastQuickSort,3,17.309654
Reverse-Sorted,6300,LastQuickSort,4,17.224573
Reverse-Sorted,6300,LastQuickSort,5,17.112372
Forward-Sorted,6400,LastQuickSort,1,20.470799
Forward-Sorted,6400,LastQuickSort,2,19.859062
Forward-Sorted,6400,LastQuickSort,3,19.573786
Forward-Sorted,6400,LastQuickSort,4,20.538100
Forward-Sorted,6400,LastQuickSort,5,19.630941
Random,6400,LastQuickSort,1,0.344340
Random,6400,LastQuickSort,2,0.332689
Random,6400,LastQuickSort,3,0.323547
Random,6400,LastQuickSort,4,0.322141
Random,6400,LastQuickSort,5,0.325356
Reverse-Sorted,6400,LastQuickSort,1,17.879102
Reverse-Sorted,6400,LastQuickSort,2,18.833774
Reverse-Sorted,6400,LastQuickSort,3,17.642142
Reverse-Sorted,6400,LastQuickSort,4,18.094968
Reverse-Sorted,6400,LastQuickSort,5,17.986282
Forward-Sorted,6500,LastQuickSort,1,20.665772
Forward-Sorted,6500,LastQuickSort,2,20.311687
Forward-Sorted,6500,LastQuickSort,3,20.617556
Forward-Sorted,6500,LastQuickSort,4,20.214552
Forward-Sorted,6500,LastQuickSort,5,20.290492
Random,6500,LastQuickSort,1,0.349162
Random,6500,LastQuickSort,2,0.322945
Random,6500,LastQuickSort,3,0.318224
Random,6500,LastQuickSort,4,0.316215
Random,6500,LastQuickSort,5,0.316918
Reverse-Sorted,6500,LastQuickSort,1,18.481900
Reverse-Sorted,6500,LastQuickSort,2,18.377231
Reverse-Sorted,6500,LastQuickSort,3,18.162571
Reverse-Sorted,6500,LastQuickSort,4,20.037661
Reverse-Sorted,6500,LastQuickSort,5,18.972595
Forward-Sorted,6600,LastQuickSort,1,24.200890
Forward-Sorted,6600,LastQuickSort,2,26.527299
Forward-Sorted,6600,LastQuickSort,3,21.779656
Forward-Sorted,6600,LastQuickSort,4,22.122891
Forward-Sorted,6600,LastQuickSort,5,23.160735
Random,6600,LastQuickSort,1,0.422289
Random,6600,LastQuickSort,2,0.427613
Random,6600,LastQuickSort,3,0.420481
Random,6600,LastQuickSort,4,0.412446
Random,6600,LastQuickSort,5,0.390146
Reverse-Sorted,6600,LastQuickSort,1,21.901903
Reverse-Sorted,6600,LastQuickSort,2,20.028319
Reverse-Sorted,6600,LastQuickSort,3,26.095618
Reverse-Sorted,6600,LastQuickSort,4,18.714601
Reverse-Sorted,6600,LastQuickSort,5,18.676015
Forward-Sorted,6700,LastQuickSort,1,21.929042
Forward-Sorted,6700,LastQuickSort,2,21.489431
Forward-Sorted,6700,LastQuickSort,3,22.732100
Forward-Sorted,6700,LastQuickSort,4,22.624583
Forward-Sorted,6700,LastQuickSort,5,22.862627
Random,6700,LastQuickSort,1,0.368269
Random,6700,LastQuickSort,2,0.350685
Random,6700,LastQuickSort,3,0.359728
Random,6700,LastQuickSort,4,0.340737
Random,6700,LastQuickSort,5,0.340636
Reverse-Sorted,6700,LastQuickSort,1,22.312484
Reverse-Sorted,6700,LastQuickSort,2,22.780834
Reverse-Sorted,6700,LastQuickSort,3,20.593124
Reverse-Sorted,6700,LastQuickSort,4,19.220330
Reverse-Sorted,6700,LastQuickSort,5,19.159538
Forward-Sorted,6800,LastQuickSort,1,22.265559
Forward-Sorted,6800,LastQuickSort,2,23.173018
Forward-Sorted,6800,LastQuickSort,3,25.740351
Forward-Sorted,6800,LastQuickSort,4,26.071542
Forward-Sorted,6800,LastQuickSort,5,25.813201
Random,6800,LastQuickSort,1,0.401931
Random,6800,LastQuickSort,2,0.358823
Random,6800,LastQuickSort,3,0.349278
Random,6800,LastQuickSort,4,0.354302
Random,6800,LastQuickSort,5,0.410371
Reverse-Sorted,6800,LastQuickSort,1,23.274707
Reverse-Sorted,6800,LastQuickSort,2,22.842329
Reverse-Sorted,6800,LastQuickSort,3,25.083696
Reverse-Sorted,6800,LastQuickSort,4,23.319321
Reverse-Sorted,6800,LastQuickSort,5,22.704065
Forward-Sorted,6900,LastQuickSort,1,23.758732
Forward-Sorted,6900,LastQuickSort,2,23.711404
Forward-Sorted,6900,LastQuickSort,3,23.335599
Forward-Sorted,6900,LastQuickSort,4,23.690002
Forward-Sorted,6900,LastQuickSort,5,22.813491
Random,6900,LastQuickSort,1,0.375503
Random,6900,LastQuickSort,2,0.398113
Random,6900,LastQuickSort,3,0.370480
Random,6900,LastQuickSort,4,0.354704
Random,6900,LastQuickSort,5,0.357718
Reverse-Sorted,6900,LastQuickSort,1,20.538663
Reverse-Sorted,6900,LastQuickSort,2,20.316697
Reverse-Sorted,6900,LastQuickSort,3,20.282332
Reverse-Sorted,6900,LastQuickSort,4,20.287155
Reverse-Sorted,6900,LastQuickSort,5,20.300921
Forward-Sorted,7000,LastQuickSort,1,23.467433
Forward-Sorted,7000,LastQuickSort,2,26.031450
Forward-Sorted,7000,LastQuickSort,3,23.852080
Forward-Sorted,7000,LastQuickSort,4,25.752107
Forward-Sorted,7000,LastQuickSort,5,23.556058
Random,7000,LastQuickSort,1,0.402835
Random,7000,LastQuickSort,2,0.393590
Random,7000,LastQuickSort,3,0.418912
Random,7000,LastQuickSort,4,0.570641
Random,7000,LastQuickSort,5,0.484125
Reverse-Sorted,7000,LastQuickSort,1,22.279928
Reverse-Sorted,7000,LastQuickSort,2,21.403819
Reverse-Sorted,7000,LastQuickSort,3,22.122270
Reverse-Sorted,7000,LastQuickSort,4,21.583784
Reverse-Sorted,7000,LastQuickSort,5,20.917282
Forward-Sorted,7100,LastQuickSort,1,26.214729
Forward-Sorted,7100,LastQuickSort,2,25.320924
Forward-Sorted,7100,LastQuickSort,3,25.053864
Forward-Sorted,7100,LastQuickSort,4,25.315999
Forward-Sorted,7100,LastQuickSort,5,24.173180
Random,7100,LastQuickSort,1,0.480948
Random,7100,LastQuickSort,2,0.462455
Random,7100,LastQuickSort,3,0.480044
Random,7100,LastQuickSort,4,0.474013
Random,7100,LastQuickSort,5,0.473712
Reverse-Sorted,7100,LastQuickSort,1,25.342534
Reverse-Sorted,7100,LastQuickSort,2,22.499257
Reverse-Sorted,7100,LastQuickSort,3,22.568208
Reverse-Sorted,7100,LastQuickSort,4,23.439746
Reverse-Sorted,7100,LastQuickSort,5,22.374422
Forward-Sorted,7200,LastQuickSort,1,26.630090
Forward-Sorted,7200,LastQuickSort,2,26.555209
Forward-Sorted,7200,LastQuickSort,3,25.280719
Forward-Sorted,7200,LastQuickSort,4,24.996974
Forward-Sorted,7200,LastQuickSort,5,24.889225
Random,7200,LastQuickSort,1,0.610207
Random,7200,LastQuickSort,2,0.565479
Random,7200,LastQuickSort,3,0.401444
Random,7200,LastQuickSort,4,0.378125
Random,7200,LastQuickSort,5,0.453509
Reverse-Sorted,7200,LastQuickSort,1,24.595832
Reverse-Sorted,7200,LastQuickSort,2,22.684500
Reverse-Sorted,7200,LastQuickSort,3,22.625902
Reverse-Sorted,7200,LastQuickSort,4,23.373207
Reverse-Sorted,7200,LastQuickSort,5,22.319240
Forward-Sorted,7300,LastQuickSort,1,31.225487
Forward-Sorted,7300,LastQuickSort,2,27.295678
Forward-Sorted,7300,LastQuickSort,3,26.703263
Forward-Sorted,7300,LastQuickSort,4,27.840050
Forward-Sorted,7300,LastQuickSort,5,25.413294
Random,7300,LastQuickSort,1,0.413305
Random,7300,LastQuickSort,2,0.385362
Random,7300,LastQuickSort,3,0.375512
Random,7300,LastQuickSort,4,0.372396
Random,7300,LastQuickSort,5,0.385664
Reverse-Sorted,7300,LastQuickSort,1,25.423647
Reverse-Sorted,7300,LastQuickSort,2,23.739874
Reverse-Sorted,7300,LastQuickSort,3,24.229266
Reverse-Sorted,7300,LastQuickSort,4,22.717971
Reverse-Sorted,7300,LastQuickSort,5,24.596335
Forward-Sorted,7400,LastQuickSort,1,28.508453
Forward-Sorted,7400,LastQuickSort,2,27.335481
Forward-Sorted,7400,LastQuickSort,3,26.443741
Forward-Sorted,7400,LastQuickSort,4,27.040077
Forward-Sorted,7400,LastQuickSort,5,26.634311
Random,7400,LastQuickSort,1,0.423556
Random,7400,LastQuickSort,2,0.397122
Random,7400,LastQuickSort,3,0.389282
Random,7400,LastQuickSort,4,0.386870
Random,7400,LastQuickSort,5,0.404460
Reverse-Sorted,7400,LastQuickSort,1,26.546665
Reverse-Sorted,7400,LastQuickSort,2,24.586887
Reverse-Sorted,7400,LastQuickSort,3,24.243437
Reverse-Sorted,7400,LastQuickSort,4,25.169050
Reverse-Sorted,7400,LastQuickSort,5,25.038664
Forward-Sorted,7500,LastQuickSort,1,28.479977
Forward-Sorted,7500,LastQuickSort,2,27.719112
Forward-Sorted,7500,LastQuickSort,3,29.635853
Forward-Sorted,7500,LastQuickSort,4,27.944214
Forward-Sorted,7500,LastQuickSort,5,28.553369
Random,7500,LastQuickSort,1,0.411800
Random,7500,LastQuickSort,2,0.425976
Random,7500,LastQuickSort,3,0.419642
Random,7500,LastQuickSort,4,0.426881
Random,7500,LastQuickSort,5,0.388878
Reverse-Sorted,7500,LastQuickSort,1,27.308719
Reverse-Sorted,7500,LastQuickSort,2,27.397695
Reverse-Sorted,7500,LastQuickSort,3,26.177374
Reverse-Sorted,7500,LastQuickSort,4,28.800389
Reverse-Sorted,7500,LastQuickSort,5,27.067933
Forward-Sorted,7600,LastQuickSort,1,32.263594
Forward-Sorted,7600,LastQuickSort,2,29.719501
Forward-Sorted,7600,LastQuickSort,3,29.677577
Forward-Sorted,7600,LastQuickSort,4,29.329315
Forward-Sorted,7600,LastQuickSort,5,32.109571
Random,7600,LastQuickSort,1,0.437739
Random,7600,LastQuickSort,2,0.444173
Random,7600,LastQuickSort,3,0.409789
Random,7600,LastQuickSort,4,0.409387
Random,7600,LastQuickSort,5,0.493236
Reverse-Sorted,7600,LastQuickSort,1,28.145490
Reverse-Sorted,7600,LastQuickSort,2,26.492256
Reverse-Sorted,7600,LastQuickSort,3,25.480852
Reverse-Sorted,7600,LastQuickSort,4,25.000887
Reverse-Sorted,7600,LastQuickSort,5,25.926433
Forward-Sorted,7700,LastQuickSort,1,32.793828
Forward-Sorted,7700,LastQuickSort,2,34.083116
Forward-Sorted,7700,LastQuickSort,3,30.856878
Forward-Sorted,7700,LastQuickSort,4,31.987619
Forward-Sorted,7700,LastQuickSort,5,31.682690
Random,7700,LastQuickSort,1,0.467498
Random,7700,LastQuickSort,2,0.405165
Random,7700,LastQuickSort,3,0.401948
Random,7700,LastQuickSort,4,0.403154
Random,7700,LastQuickSort,5,0.396318
Reverse-Sorted,7700,LastQuickSort,1,28.931691
Reverse-Sorted,7700,LastQuickSort,2,29.539639
Reverse-Sorted,7700,LastQuickSort,3,25.599285
Reverse-Sorted,7700,LastQuickSort,4,25.684842
Reverse-Sorted,7700,LastQuickSort,5,26.637733
Forward-Sorted,7800,LastQuickSort,1,29.789273
Forward-Sorted,7800,LastQuickSort,2,31.214187
Forward-Sorted,7800,LastQuickSort,3,29.916754
Forward-Sorted,7800,LastQuickSort,4,30.689124
Forward-Sorted,7800,LastQuickSort,5,29.201360
Random,7800,LastQuickSort,1,0.422551
Random,7800,LastQuickSort,2,0.412696
Random,7800,LastQuickSort,3,0.453725
Random,7800,LastQuickSort,4,0.468707
Random,7800,LastQuickSort,5,0.417825
Reverse-Sorted,7800,LastQuickSort,1,29.735532
Reverse-Sorted,7800,LastQuickSort,2,26.441607
Reverse-Sorted,7800,LastQuickSort,3,26.392734
Reverse-Sorted,7800,LastQuickSort,4,26.241896
Reverse-Sorted,7800,LastQuickSort,5,26.132889
Forward-Sorted,7900,LastQuickSort,1,30.195491
Forward-Sorted,7900,LastQuickSort,2,29.955355
Forward-Sorted,7900,LastQuickSort,3,31.532127
Forward-Sorted,7900,LastQuickSort,4,30.678076
Forward-Sorted,7900,LastQuickSort,5,30.121379
Random,7900,LastQuickSort,1,0.449400
Random,7900,LastQuickSort,2,0.425065
Random,7900,LastQuickSort,3,0.426574
Random,7900,LastQuickSort,4,0.415713
Random,7900,LastQuickSort,5,0.430294
Reverse-Sorted,7900,LastQuickSort,1,28.750049
Reverse-Sorted,7900,LastQuickSort,2,38.409992
Reverse-Sorted,7900,LastQuickSort,3,38.605077
Reverse-Sorted,7900,LastQuickSort,4,29.966115
Reverse-Sorted,7900,LastQuickSort,5,36.335149
Forward-Sorted,8000,LastQuickSort,1,42.172223
Forward-Sorted,8000,LastQuickSort,2,38.128828
Forward-Sorted,8000,LastQuickSort,3,31.859147
Forward-Sorted,8000,LastQuickSort,4,31.543893
Forward-Sorted,8000,LastQuickSort,5,31.663157
Random,8000,LastQuickSort,1,0.449098
Random,8000,LastQuickSort,2,0.491233
Random,8000,LastQuickSort,3,0.421847
Random,8000,LastQuickSort,4,0.416920
Random,8000,LastQuickSort,5,0.421444
Reverse-Sorted,8000,LastQuickSort,1,27.405971
Reverse-Sorted,8000,LastQuickSort,2,27.581247
Reverse-Sorted,8000,LastQuickSort,3,30.654344
Reverse-Sorted,8000,LastQuickSort,4,29.114778
Reverse-Sorted,8000,LastQuickSort,5,29.382065
Forward-Sorted,8100,LastQuickSort,1,33.395192
Forward-Sorted,8100,LastQuickSort,2,31.815203
Forward-Sorted,8100,LastQuickSort,3,34.045209
Forward-Sorted,8100,LastQuickSort,4,34.307107
Forward-Sorted,8100,LastQuickSort,5,32.203492
Random,8100,LastQuickSort,1,0.434824
Random,8100,LastQuickSort,2,0.430500
Random,8100,LastQuickSort,3,0.422052
Random,8100,LastQuickSort,4,0.497775
Random,8100,LastQuickSort,5,0.428287
Reverse-Sorted,8100,LastQuickSort,1,29.212107
Reverse-Sorted,8100,LastQuickSort,2,28.880431
Reverse-Sorted,8100,LastQuickSort,3,30.638770
Reverse-Sorted,8100,LastQuickSort,4,28.229176
Reverse-Sorted,8100,LastQuickSort,5,28.866249
Forward-Sorted,8200,LastQuickSort,1,33.669546
Forward-Sorted,8200,LastQuickSort,2,32.430703
Forward-Sorted,8200,LastQuickSort,3,32.169798
Forward-Sorted,8200,LastQuickSort,4,32.363817
Forward-Sorted,8200,LastQuickSort,5,32.599978
Random,8200,LastQuickSort,1,0.455628
Random,8200,LastQuickSort,2,0.499983
Random,8200,LastQuickSort,3,0.432091
Random,8200,LastQuickSort,4,0.443960
Random,8200,LastQuickSort,5,0.428974
Reverse-Sorted,8200,LastQuickSort,1,31.059999
Reverse-Sorted,8200,LastQuickSort,2,29.431810
Reverse-Sorted,8200,LastQuickSort,3,29.797016
Reverse-Sorted,8200,LastQuickSort,4,29.610943
Reverse-Sorted,8200,LastQuickSort,5,32.378200
Forward-Sorted,8300,LastQuickSort,1,34.732274
Forward-Sorted,8300,LastQuickSort,2,34.256028
Forward-Sorted,8300,LastQuickSort,3,34.396136
Forward-Sorted,8300,LastQuickSort,4,50.235067
Forward-Sorted,8300,LastQuickSort,5,65.973015
Random,8300,LastQuickSort,1,0.469407
Random,8300,LastQuickSort,2,1.231803
Random,8300,LastQuickSort,3,1.034364
Random,8300,LastQuickSort,4,0.438528
Random,8300,LastQuickSort,5,0.461461
Reverse-Sorted,8300,LastQuickSort,1,38.663140
Reverse-Sorted,8300,LastQuickSort,2,29.338875
Reverse-Sorted,8300,LastQuickSort,3,29.273698
Reverse-Sorted,8300,LastQuickSort,4,29.264545
Reverse-Sorted,8300,LastQuickSort,5,29.150388
Forward-Sorted,8400,LastQuickSort,1,39.687044
Forward-Sorted,8400,LastQuickSort,2,34.573458
Forward-Sorted,8400,LastQuickSort,3,34.969542
Forward-Sorted,8400,LastQuickSort,4,37.216901
Forward-Sorted,8400,LastQuickSort,5,38.652894
Random,8400,LastQuickSort,1,0.493429
Random,8400,LastQuickSort,2,0.448763
Random,8400,LastQuickSort,3,0.459427
Random,8400,LastQuickSort,4,0.437798
Random,8400,LastQuickSort,5,0.441922
Reverse-Sorted,8400,LastQuickSort,1,33.350925
Reverse-Sorted,8400,LastQuickSort,2,30.474052
Reverse-Sorted,8400,LastQuickSort,3,30.183729
Reverse-Sorted,8400,LastQuickSort,4,29.860008
Reverse-Sorted,8400,LastQuickSort,5,30.135241
Forward-Sorted,8500,LastQuickSort,1,34.825476
Forward-Sorted,8500,LastQuickSort,2,34.536159
Forward-Sorted,8500,LastQuickSort,3,34.471576
Forward-Sorted,8500,LastQuickSort,4,35.865650
Forward-Sorted,8500,LastQuickSort,5,42.839134
Random,8500,LastQuickSort,1,0.578936
Random,8500,LastQuickSort,2,0.556402
Random,8500,LastQuickSort,3,0.508317
Random,8500,LastQuickSort,4,0.514654
Random,8500,LastQuickSort,5,0.576220
Reverse-Sorted,8500,LastQuickSort,1,54.395719
Reverse-Sorted,8500,LastQuickSort,2,37.233065
Reverse-Sorted,8500,LastQuickSort,3,36.337349
Reverse-Sorted,8500,LastQuickSort,4,36.124183
Reverse-Sorted,8500,LastQuickSort,5,33.740437
Forward-Sorted,8600,LastQuickSort,1,39.182836
Forward-Sorted,8600,LastQuickSort,2,35.768070
Forward-Sorted,8600,LastQuickSort,3,35.909409
Forward-Sorted,8600,LastQuickSort,4,35.376345
Forward-Sorted,8600,LastQuickSort,5,35.788390
Random,8600,LastQuickSort,1,0.497050
Random,8600,LastQuickSort,2,0.451178
Random,8600,LastQuickSort,3,0.527631
Random,8600,LastQuickSort,4,0.519784
Random,8600,LastQuickSort,5,0.473409
Reverse-Sorted,8600,LastQuickSort,1,32.132294
Reverse-Sorted,8600,LastQuickSort,2,31.777790
Reverse-Sorted,8600,LastQuickSort,3,32.928016
Reverse-Sorted,8600,LastQuickSort,4,32.212972
Reverse-Sorted,8600,LastQuickSort,5,31.926069
Forward-Sorted,8700,LastQuickSort,1,36.685415
Forward-Sorted,8700,LastQuickSort,2,37.018290
Forward-Sorted,8700,LastQuickSort,3,36.206104
Forward-Sorted,8700,LastQuickSort,4,36.471014
Forward-Sorted,8700,LastQuickSort,5,43.623918
Random,8700,LastQuickSort,1,0.496117
Random,8700,LastQuickSort,2,0.457382
Random,8700,LastQuickSort,3,0.449233
Random,8700,LastQuickSort,4,0.467644
Random,8700,LastQuickSort,5,0.466135
Reverse-Sorted,8700,LastQuickSort,1,37.633384
Reverse-Sorted,8700,LastQuickSort,2,36.734014
Reverse-Sorted,8700,LastQuickSort,3,34.320938
Reverse-Sorted,8700,LastQuickSort,4,33.822104
Reverse-Sorted,8700,LastQuickSort,5,34.070716
Forward-Sorted,8800,LastQuickSort,1,39.842822
Forward-Sorted,8800,LastQuickSort,2,38.896064
Forward-Sorted,8800,LastQuickSort,3,38.598152
Forward-Sorted,8800,LastQuickSort,4,39.722691
Forward-Sorted,8800,LastQuickSort,5,38.801388
Random,8800,LastQuickSort,1,0.504065
Random,8800,LastQuickSort,2,0.477806
Random,8800,LastQuickSort,3,0.467644
Random,8800,LastQuickSort,4,0.463620
Random,8800,LastQuickSort,5,0.464525
Reverse-Sorted,8800,LastQuickSort,1,36.570319
Reverse-Sorted,8800,LastQuickSort,2,34.892414
Reverse-Sorted,8800,LastQuickSort,3,34.824199
Reverse-Sorted,8800,LastQuickSort,4,35.417004
Reverse-Sorted,8800,LastQuickSort,5,33.103936
Forward-Sorted,8900,LastQuickSort,1,41.041110
Forward-Sorted,8900,LastQuickSort,2,38.707215
Forward-Sorted,8900,LastQuickSort,3,41.399590
Forward-Sorted,8900,LastQuickSort,4,38.669284
Forward-Sorted,8900,LastQuickSort,5,38.076680
Random,8900,LastQuickSort,1,0.516340
Random,8900,LastQuickSort,2,0.530527
Random,8900,LastQuickSort,3,0.514127
Random,8900,LastQuickSort,4,0.508895
Random,8900,LastQuickSort,5,0.508392
Reverse-Sorted,8900,LastQuickSort,1,38.374793
Reverse-Sorted,8900,LastQuickSort,2,36.758865
Reverse-Sorted,8900,LastQuickSort,3,35.821062
Reverse-Sorted,8900,LastQuickSort,4,37.241852
Reverse-Sorted,8900,LastQuickSort,5,36.499088
Forward-Sorted,9000,LastQuickSort,1,43.670227
Forward-Sorted,9000,LastQuickSort,2,40.741638
Forward-Sorted,9000,LastQuickSort,3,40.308649
Forward-Sorted,9000,LastQuickSort,4,39.674813
Forward-Sorted,9000,LastQuickSort,5,40.892576
Random,9000,LastQuickSort,1,0.538545
Random,9000,LastQuickSort,2,0.480082
Random,9000,LastQuickSort,3,0.476258
Random,9000,LastQuickSort,4,0.498497
Random,9000,LastQuickSort,5,0.580908
Reverse-Sorted,9000,LastQuickSort,1,37.750059
Reverse-Sorted,9000,LastQuickSort,2,37.007346
Reverse-Sorted,9000,LastQuickSort,3,35.235440
Reverse-Sorted,9000,LastQuickSort,4,36.461153
Reverse-Sorted,9000,LastQuickSort,5,37.484811
Forward-Sorted,9100,LastQuickSort,1,42.004582
Forward-Sorted,9100,LastQuickSort,2,42.786942
Forward-Sorted,9100,LastQuickSort,3,44.708174
Forward-Sorted,9100,LastQuickSort,4,43.564471
Forward-Sorted,9100,LastQuickSort,5,44.375608
Random,9100,LastQuickSort,1,0.573865
Random,9100,LastQuickSort,2,0.572657
Random,9100,LastQuickSort,3,0.517413
Random,9100,LastQuickSort,4,0.555852
Random,9100,LastQuickSort,5,0.564305
Reverse-Sorted,9100,LastQuickSort,1,47.136959
Reverse-Sorted,9100,LastQuickSort,2,37.463076
Reverse-Sorted,9100,LastQuickSort,3,37.024753
Reverse-Sorted,9100,LastQuickSort,4,35.534096
Reverse-Sorted,9100,LastQuickSort,5,35.422805
Forward-Sorted,9200,LastQuickSort,1,43.213491
Forward-Sorted,9200,LastQuickSort,2,41.143736
Forward-Sorted,9200,LastQuickSort,3,41.753523
Forward-Sorted,9200,LastQuickSort,4,40.371626
Forward-Sorted,9200,LastQuickSort,5,40.396952
Random,9200,LastQuickSort,1,0.537398
Random,9200,LastQuickSort,2,0.504793
Random,9200,LastQuickSort,3,0.514554
Random,9200,LastQuickSort,4,0.508616
Random,9200,LastQuickSort,5,0.498553
Reverse-Sorted,9200,LastQuickSort,1,36.373811
Reverse-Sorted,9200,LastQuickSort,2,36.720705
Reverse-Sorted,9200,LastQuickSort,3,36.750694
Reverse-Sorted,9200,LastQuickSort,4,36.424431
Reverse-Sorted,9200,LastQuickSort,5,36.077135
Forward-Sorted,9300,LastQuickSort,1,43.034731
Forward-Sorted,9300,LastQuickSort,2,41.943934
Forward-Sorted,9300,LastQuickSort,3,41.915957
Forward-Sorted,9300,LastQuickSort,4,41.222270
Forward-Sorted,9300,LastQuickSort,5,41.263230
Random,9300,LastQuickSort,1,0.526329
Random,9300,LastQuickSort,2,0.505396
Random,9300,LastQuickSort,3,0.509220
Random,9300,LastQuickSort,4,0.499157
Random,9300,LastQuickSort,5,0.505396
Reverse-Sorted,9300,LastQuickSort,1,39.191026
Reverse-Sorted,9300,LastQuickSort,2,38.152962
Reverse-Sorted,9300,LastQuickSort,3,40.517917
Reverse-Sorted,9300,LastQuickSort,4,41.981974
Reverse-Sorted,9300,LastQuickSort,5,42.017398
Forward-Sorted,9400,LastQuickSort,1,50.451431
Forward-Sorted,9400,LastQuickSort,2,43.317419
Forward-Sorted,9400,LastQuickSort,3,43.136978
Forward-Sorted,9400,LastQuickSort,4,42.883878
Forward-Sorted,9400,LastQuickSort,5,42.545136
Random,9400,LastQuickSort,1,0.531763
Random,9400,LastQuickSort,2,0.532869
Random,9400,LastQuickSort,3,0.568595
Random,9400,LastQuickSort,4,0.583791
Random,9400,LastQuickSort,5,0.541122
Reverse-Sorted,9400,LastQuickSort,1,38.557318
Reverse-Sorted,9400,LastQuickSort,2,38.174095
Reverse-Sorted,9400,LastQuickSort,3,40.095663
Reverse-Sorted,9400,LastQuickSort,4,38.455265
Reverse-Sorted,9400,LastQuickSort,5,37.678980
Forward-Sorted,9500,LastQuickSort,1,45.751020
Forward-Sorted,9500,LastQuickSort,2,45.467297
Forward-Sorted,9500,LastQuickSort,3,43.607957
Forward-Sorted,9500,LastQuickSort,4,49.645129
Forward-Sorted,9500,LastQuickSort,5,47.581073
Random,9500,LastQuickSort,1,0.540371
Random,9500,LastQuickSort,2,0.585359
Random,9500,LastQuickSort,3,0.505345
Random,9500,LastQuickSort,4,0.497797
Random,9500,LastQuickSort,5,0.499407
Reverse-Sorted,9500,LastQuickSort,1,40.167462
Reverse-Sorted,9500,LastQuickSort,2,38.643173
Reverse-Sorted,9500,LastQuickSort,3,38.420945
Reverse-Sorted,9500,LastQuickSort,4,38.318286
Reverse-Sorted,9500,LastQuickSort,5,41.675044
Forward-Sorted,9600,LastQuickSort,1,45.683688
Forward-Sorted,9600,LastQuickSort,2,47.191873
Forward-Sorted,9600,LastQuickSort,3,48.076253
Forward-Sorted,9600,LastQuickSort,4,56.836311
Forward-Sorted,9600,LastQuickSort,5,49.647142
Random,9600,LastQuickSort,1,0.624813
Random,9600,LastQuickSort,2,0.568350
Random,9600,LastQuickSort,3,0.665876
Random,9600,LastQuickSort,4,0.618875
Random,9600,LastQuickSort,5,0.622397
Reverse-Sorted,9600,LastQuickSort,1,43.467455
Reverse-Sorted,9600,LastQuickSort,2,42.677582
Reverse-Sorted,9600,LastQuickSort,3,41.667394
Reverse-Sorted,9600,LastQuickSort,4,42.573312
Reverse-Sorted,9600,LastQuickSort,5,45.035425
Forward-Sorted,9700,LastQuickSort,1,50.621312
Forward-Sorted,9700,LastQuickSort,2,53.919631
Forward-Sorted,9700,LastQuickSort,3,45.011454
Forward-Sorted,9700,LastQuickSort,4,45.403908
Forward-Sorted,9700,LastQuickSort,5,45.023633
Random,9700,LastQuickSort,1,0.596683
Random,9700,LastQuickSort,2,0.537800
Random,9700,LastQuickSort,3,0.519179
Random,9700,LastQuickSort,4,0.521796
Random,9700,LastQuickSort,5,0.516059
Reverse-Sorted,9700,LastQuickSort,1,43.920353
Reverse-Sorted,9700,LastQuickSort,2,40.555855
Reverse-Sorted,9700,LastQuickSort,3,42.192205
Reverse-Sorted,9700,LastQuickSort,4,43.748635
Reverse-Sorted,9700,LastQuickSort,5,46.011563
Forward-Sorted,9800,LastQuickSort,1,56.506971
Forward-Sorted,9800,LastQuickSort,2,62.479846
Forward-Sorted,9800,LastQuickSort,3,63.618657
Forward-Sorted,9800,LastQuickSort,4,49.895139
Forward-Sorted,9800,LastQuickSort,5,47.229087
Random,9800,LastQuickSort,1,0.539612
Random,9800,LastQuickSort,2,0.519984
Random,9800,LastQuickSort,3,0.518877
Random,9800,LastQuickSort,4,0.514247
Random,9800,LastQuickSort,5,0.538707
Reverse-Sorted,9800,LastQuickSort,1,41.106639
Reverse-Sorted,9800,LastQuickSort,2,40.826919
Reverse-Sorted,9800,LastQuickSort,3,41.150122
Reverse-Sorted,9800,LastQuickSort,4,47.077903
Reverse-Sorted,9800,LastQuickSort,5,59.490892
Forward-Sorted,9900,LastQuickSort,1,53.066120
Forward-Sorted,9900,LastQuickSort,2,47.967815
Forward-Sorted,9900,LastQuickSort,3,47.251197
Forward-Sorted,9900,LastQuickSort,4,47.512216
Forward-Sorted,9900,LastQuickSort,5,47.101310
Random,9900,LastQuickSort,1,0.561597
Random,9900,LastQuickSort,2,0.571765
Random,9900,LastQuickSort,3,0.585858
Random,9900,LastQuickSort,4,0.536935
Random,9900,LastQuickSort,5,0.564114
Reverse-Sorted,9900,LastQuickSort,1,42.591820
Reverse-Sorted,9900,LastQuickSort,2,43.413329
Reverse-Sorted,9900,LastQuickSort,3,44.129242
Reverse-Sorted,9900,LastQuickSort,4,42.905284
Reverse-Sorted,9900,LastQuickSort,5,50.270476
Forward-Sorted,10000,LastQuickSort,1,51.792698
Forward-Sorted,10000,LastQuickSort,2,53.739515
Forward-Sorted,10000,LastQuickSort,3,52.033987
Forward-Sorted,10000,LastQuickSort,4,53.732872
Forward-Sorted,10000,LastQuickSort,5,49.648682
Random,10000,LastQuickSort,1,0.590991
Random,10000,LastQuickSort,2,0.568443
Random,10000,LastQuickSort,3,0.584851
Random,10000,LastQuickSort,4,0.597635
Random,10000,LastQuickSort,5,0.563007
Reverse-Sorted,10000,LastQuickSort,1,50.222359
Reverse-Sorted,10000,LastQuickSort,2,45.867588
Reverse-Sorted,10000,LastQuickSort,3,44.823211
Reverse-Sorted,10000,LastQuickSort,4,44.802575
Reverse-Sorted,10000,LastQuickSort,5,46.142599
